{"resourceType":"ConceptMap","id":"CareConnect-PersonNameType-1","text":{"status":"generated","div":"<div xmlns=\"http://www.w3.org/1999/xhtml\"><h2>Concept Map - Care Connect Person Name Type (https://fhir.hl7.org.uk/STU3/ConceptMap/CareConnect-PersonNameType-1)</h2><p>Mapping from <a href=\"ValueSet-CareConnect-NameUse-1.html\">https://fhir.hl7.org.uk/STU3/ValueSet/CareConnect-NameUse-1</a> to <a href=\"ValueSet-CareConnect-PDS-PersonNameType-1.html\">https://fhir.hl7.org.uk/STU3/ValueSet/CareConnect-PDS-PersonNameType-1</a></p><p>DRAFT. Published on 02-Nov-2018 00:00:00 by HL7 UK. Copyright © 2016 HL7 UK</p><div><p>A Concept Map from ValueSet Name Use to PDS Person Name Type to aid interpretation.</p>\n</div><br/><table class=\"grid\"><tr><td><b>Source Code</b></td><td><b>Relationship</b></td><td><b>Destination Code</b></td></tr><tr><td>official</td><td>equivalent</td><td>L (Usual (current) name)</td></tr><tr><td>nickname</td><td>equivalent</td><td>A (Alias name)</td></tr><tr><td>usual</td><td>equivalent</td><td>PREFERRED (Preferred name)</td></tr><tr><td>old</td><td>equivalent</td><td>PREVIOUS (Other previous name)</td></tr><tr><td>old</td><td>equivalent</td><td>PREVIOUS-BACHELOR (Bachelor name)</td></tr><tr><td>old</td><td>equivalent</td><td>PREVIOUS-BIRTH (Birth name)</td></tr><tr><td>old</td><td>equivalent</td><td>PREVIOUS-MAIDEN (Maiden name)</td></tr></table></div>"},"url":"https://fhir.hl7.org.uk/STU3/ConceptMap/CareConnect-PersonNameType-1","version":"1.1.0","name":"Concept Map - Care Connect Person Name Type","status":"draft","date":"2018-11-02T00:00:00+00:00","publisher":"HL7 UK","description":"A Concept Map from ValueSet Name Use to PDS Person Name Type to aid interpretation.","copyright":"Copyright © 2016 HL7 UK","sourceUri":"https://fhir.hl7.org.uk/STU3/ValueSet/CareConnect-NameUse-1","targetUri":"https://fhir.hl7.org.uk/STU3/ValueSet/CareConnect-PDS-PersonNameType-1","group":[{"source":"http://hl7.org/fhir/name-use","target":"https://fhir.hl7.org.uk/STU3/CodeSystem/CareConnect-PDS-PersonNameType-1","element":[{"code":"official","display":"Official","target":[{"code":"L","display":"Usual (current) name","equivalence":"equivalent"}]},{"code":"nickname","display":"Nickname","target":[{"code":"A","display":"Alias name","equivalence":"equivalent"}]},{"code":"usual","display":"Usual","target":[{"code":"PREFERRED","display":"Preferred name","equivalence":"equivalent"}]},{"code":"old","display":"Old","target":[{"code":"PREVIOUS","display":"Other previous name","equivalence":"equivalent"}]},{"code":"old","display":"Old","target":[{"code":"PREVIOUS-BACHELOR","display":"Bachelor name","equivalence":"equivalent"}]},{"code":"old","display":"Old","target":[{"code":"PREVIOUS-BIRTH","display":"Birth name","equivalence":"equivalent"}]},{"code":"old","display":"Old","target":[{"code":"PREVIOUS-MAIDEN","display":"Maiden name","equivalence":"equivalent"}]}]}]}