{"resourceType":"ImplementationGuide","id":"nhsdigital-fhir-stu3-core","text":{"status":"generated","div":"<div xmlns=\"http://www.w3.org/1999/xhtml\"><h2>FHIR STU3 Core</h2><p>The official URL for this implementation guide is: </p><pre>https://fhir.hl7.org.uk/STU3/StructureDefinitions/FHIR-STU3-Core-ImplementationGuide-1</pre></div>"},"url":"https://fhir.hl7.org.uk/STU3/StructureDefinitions/FHIR-STU3-Core-ImplementationGuide-1","name":"FHIR STU3 Core","status":"draft","experimental":true,"date":"2019-11-22T11:20:19+00:00","publisher":"NHS Digital","contact":[{"telecom":[{"system":"email","value":"mailto:interoperabilityteam@nhs.net","use":"work"}]}],"jurisdiction":[{"coding":[{"system":"urn:iso:std:iso:3166","code":"GB","display":"United Kingdom of Great Britain and Northern Ireland"}]}],"fhirVersion":"3.0.2","package":[{"id":"p1","name":"FHIR STU3 Core","description":"FHIR STU3 Core Assets","resource":[{"extension":[{"url":"http://hl7.org/fhir/StructureDefinition/implementationguide-page","valueUri":"CareConnect-HealthcareService-1.html"}],"example":false,"sourceReference":{"reference":"StructureDefinition/CareConnect-HealthcareService-1"}},{"extension":[{"url":"http://hl7.org/fhir/StructureDefinition/implementationguide-page","valueUri":"CareConnect-HeartRate-Observation-1.html"}],"example":false,"sourceReference":{"reference":"StructureDefinition/CareConnect-HeartRate-Observation-1"}},{"extension":[{"url":"http://hl7.org/fhir/StructureDefinition/implementationguide-page","valueUri":"CareConnect-Immunization-1.html"}],"example":false,"sourceReference":{"reference":"StructureDefinition/CareConnect-Immunization-1"}},{"extension":[{"url":"http://hl7.org/fhir/StructureDefinition/implementationguide-page","valueUri":"CareConnect-InspiredOxygen-Observation-1.html"}],"example":false,"sourceReference":{"reference":"StructureDefinition/CareConnect-InspiredOxygen-Observation-1"}},{"extension":[{"url":"http://hl7.org/fhir/StructureDefinition/implementationguide-page","valueUri":"CareConnect-List-1.html"}],"example":false,"sourceReference":{"reference":"StructureDefinition/CareConnect-List-1"}},{"extension":[{"url":"http://hl7.org/fhir/StructureDefinition/implementationguide-page","valueUri":"CareConnect-Location-1.html"}],"example":false,"sourceReference":{"reference":"StructureDefinition/CareConnect-Location-1"}},{"extension":[{"url":"http://hl7.org/fhir/StructureDefinition/implementationguide-page","valueUri":"CareConnect-MedicationAdministration-1.html"}],"example":false,"sourceReference":{"reference":"StructureDefinition/CareConnect-MedicationAdministration-1"}},{"extension":[{"url":"http://hl7.org/fhir/StructureDefinition/implementationguide-page","valueUri":"CareConnect-MedicationDispense-1.html"}],"example":false,"sourceReference":{"reference":"StructureDefinition/CareConnect-MedicationDispense-1"}},{"extension":[{"url":"http://hl7.org/fhir/StructureDefinition/implementationguide-page","valueUri":"CareConnect-Medication-Flag-1.html"}],"example":false,"sourceReference":{"reference":"StructureDefinition/CareConnect-Medication-Flag-1"}},{"extension":[{"url":"http://hl7.org/fhir/StructureDefinition/implementationguide-page","valueUri":"CareConnect-MedicationRequest-1.html"}],"example":false,"sourceReference":{"reference":"StructureDefinition/CareConnect-MedicationRequest-1"}},{"extension":[{"url":"http://hl7.org/fhir/StructureDefinition/implementationguide-page","valueUri":"CareConnect-MedicationStatement-1.html"}],"example":false,"sourceReference":{"reference":"StructureDefinition/CareConnect-MedicationStatement-1"}},{"extension":[{"url":"http://hl7.org/fhir/StructureDefinition/implementationguide-page","valueUri":"CareConnect-Observation-1.html"}],"example":false,"sourceReference":{"reference":"StructureDefinition/CareConnect-Observation-1"}},{"extension":[{"url":"http://hl7.org/fhir/StructureDefinition/implementationguide-page","valueUri":"CareConnect-Organization-1.html"}],"example":false,"sourceReference":{"reference":"StructureDefinition/CareConnect-Organization-1"}},{"extension":[{"url":"http://hl7.org/fhir/StructureDefinition/implementationguide-page","valueUri":"CareConnect-OxygenSaturation-Observation-1.html"}],"example":false,"sourceReference":{"reference":"StructureDefinition/CareConnect-OxygenSaturation-Observation-1"}},{"extension":[{"url":"http://hl7.org/fhir/StructureDefinition/implementationguide-page","valueUri":"CareConnect-Patient-1.html"}],"example":false,"sourceReference":{"reference":"StructureDefinition/CareConnect-Patient-1"}},{"extension":[{"url":"http://hl7.org/fhir/StructureDefinition/implementationguide-page","valueUri":"CareConnect-Practitioner-1.html"}],"example":false,"sourceReference":{"reference":"StructureDefinition/CareConnect-Practitioner-1"}},{"extension":[{"url":"http://hl7.org/fhir/StructureDefinition/implementationguide-page","valueUri":"CareConnect-PractitionerRole-1.html"}],"example":false,"sourceReference":{"reference":"StructureDefinition/CareConnect-PractitionerRole-1"}},{"extension":[{"url":"http://hl7.org/fhir/StructureDefinition/implementationguide-page","valueUri":"CareConnect-ProblemHeader-Condition-1.html"}],"example":false,"sourceReference":{"reference":"StructureDefinition/CareConnect-ProblemHeader-Condition-1"}},{"extension":[{"url":"http://hl7.org/fhir/StructureDefinition/implementationguide-page","valueUri":"CareConnect-Problem-List-1.html"}],"example":false,"sourceReference":{"reference":"StructureDefinition/CareConnect-Problem-List-1"}},{"extension":[{"url":"http://hl7.org/fhir/StructureDefinition/implementationguide-page","valueUri":"CareConnect-Procedure-1.html"}],"example":false,"sourceReference":{"reference":"StructureDefinition/CareConnect-Procedure-1"}},{"extension":[{"url":"http://hl7.org/fhir/StructureDefinition/implementationguide-page","valueUri":"CareConnect-Medication-1.html"}],"example":false,"sourceReference":{"reference":"StructureDefinition/CareConnect-Medication-1"}},{"extension":[{"url":"http://hl7.org/fhir/StructureDefinition/implementationguide-page","valueUri":"CareConnect-ProcedureRequest-1.html"}],"example":false,"sourceReference":{"reference":"StructureDefinition/CareConnect-ProcedureRequest-1"}},{"extension":[{"url":"http://hl7.org/fhir/StructureDefinition/implementationguide-page","valueUri":"CareConnect-Quantity-1.html"}],"example":false,"sourceReference":{"reference":"StructureDefinition/CareConnect-Quantity-1"}},{"extension":[{"url":"http://hl7.org/fhir/StructureDefinition/implementationguide-page","valueUri":"CareConnect-ReferralRequest-1.html"}],"example":false,"sourceReference":{"reference":"StructureDefinition/CareConnect-ReferralRequest-1"}},{"extension":[{"url":"http://hl7.org/fhir/StructureDefinition/implementationguide-page","valueUri":"CareConnect-RelatedPerson-1.html"}],"example":false,"sourceReference":{"reference":"StructureDefinition/CareConnect-RelatedPerson-1"}},{"extension":[{"url":"http://hl7.org/fhir/StructureDefinition/implementationguide-page","valueUri":"CareConnect-ResearchStudy-1.html"}],"example":false,"sourceReference":{"reference":"StructureDefinition/CareConnect-ResearchStudy-1"}},{"extension":[{"url":"http://hl7.org/fhir/StructureDefinition/implementationguide-page","valueUri":"CareConnect-RespiratoryRate-Observation-1.html"}],"example":false,"sourceReference":{"reference":"StructureDefinition/CareConnect-RespiratoryRate-Observation-1"}},{"extension":[{"url":"http://hl7.org/fhir/StructureDefinition/implementationguide-page","valueUri":"CareConnect-RiskAssessment-1.html"}],"example":false,"sourceReference":{"reference":"StructureDefinition/CareConnect-RiskAssessment-1"}},{"extension":[{"url":"http://hl7.org/fhir/StructureDefinition/implementationguide-page","valueUri":"CareConnect-Schedule-1.html"}],"example":false,"sourceReference":{"reference":"StructureDefinition/CareConnect-Schedule-1"}},{"extension":[{"url":"http://hl7.org/fhir/StructureDefinition/implementationguide-page","valueUri":"CareConnect-Slot-1.html"}],"example":false,"sourceReference":{"reference":"StructureDefinition/CareConnect-Slot-1"}},{"extension":[{"url":"http://hl7.org/fhir/StructureDefinition/implementationguide-page","valueUri":"CareConnect-Specimen-1.html"}],"example":false,"sourceReference":{"reference":"StructureDefinition/CareConnect-Specimen-1"}},{"extension":[{"url":"http://hl7.org/fhir/StructureDefinition/implementationguide-page","valueUri":"CareConnect-Subscore-Observation-1.html"}],"example":false,"sourceReference":{"reference":"StructureDefinition/CareConnect-Subscore-Observation-1"}},{"extension":[{"url":"http://hl7.org/fhir/StructureDefinition/implementationguide-page","valueUri":"CareConnect-VitalSigns-Observation-1.html"}],"example":false,"sourceReference":{"reference":"StructureDefinition/CareConnect-VitalSigns-Observation-1"}},{"extension":[{"url":"http://hl7.org/fhir/StructureDefinition/implementationguide-page","valueUri":"Extension-CareConnect-ActualProblem-1.html"}],"example":false,"sourceReference":{"reference":"StructureDefinition/Extension-CareConnect-ActualProblem-1"}},{"extension":[{"url":"http://hl7.org/fhir/StructureDefinition/implementationguide-page","valueUri":"Extension-CareConnect-AdmissionMethod-1.html"}],"example":false,"sourceReference":{"reference":"StructureDefinition/Extension-CareConnect-AdmissionMethod-1"}},{"extension":[{"url":"http://hl7.org/fhir/StructureDefinition/implementationguide-page","valueUri":"Extension-CareConnect-AllergyCertainty-1.html"}],"example":false,"sourceReference":{"reference":"StructureDefinition/Extension-CareConnect-AllergyCertainty-1"}},{"extension":[{"url":"http://hl7.org/fhir/StructureDefinition/implementationguide-page","valueUri":"Extension-CareConnect-AllergyIntoleranceEnd-1.html"}],"example":false,"sourceReference":{"reference":"StructureDefinition/Extension-CareConnect-AllergyIntoleranceEnd-1"}},{"extension":[{"url":"http://hl7.org/fhir/StructureDefinition/implementationguide-page","valueUri":"Extension-CareConnect-AllergyIntoleranceEndDate-1.html"}],"example":false,"sourceReference":{"reference":"StructureDefinition/Extension-CareConnect-AllergyIntoleranceEndDate-1"}},{"extension":[{"url":"http://hl7.org/fhir/StructureDefinition/implementationguide-page","valueUri":"Extension-CareConnect-AllergySeverity-1.html"}],"example":false,"sourceReference":{"reference":"StructureDefinition/Extension-CareConnect-AllergySeverity-1"}},{"extension":[{"url":"http://hl7.org/fhir/StructureDefinition/implementationguide-page","valueUri":"Extension-CareConnect-MedicationQuantityText-1.html"}],"example":false,"sourceReference":{"reference":"StructureDefinition/Extension-CareConnect-MedicationQuantityText-1"}},{"extension":[{"url":"http://hl7.org/fhir/StructureDefinition/implementationguide-page","valueUri":"Extension-CareConnect-AnaestheticIssues-1.html"}],"example":false,"sourceReference":{"reference":"StructureDefinition/Extension-CareConnect-AnaestheticIssues-1"}},{"extension":[{"url":"http://hl7.org/fhir/StructureDefinition/implementationguide-page","valueUri":"Extension-CareConnect-CareSettingType-1.html"}],"example":false,"sourceReference":{"reference":"StructureDefinition/Extension-CareConnect-CareSettingType-1"}},{"extension":[{"url":"http://hl7.org/fhir/StructureDefinition/implementationguide-page","valueUri":"Extension-CareConnect-ClinicalSetting-1.html"}],"example":false,"sourceReference":{"reference":"StructureDefinition/Extension-CareConnect-ClinicalSetting-1"}},{"extension":[{"url":"http://hl7.org/fhir/StructureDefinition/implementationguide-page","valueUri":"Extension-CareConnect-ConditionEpisode-1.html"}],"example":false,"sourceReference":{"reference":"StructureDefinition/Extension-CareConnect-ConditionEpisode-1"}},{"extension":[{"url":"http://hl7.org/fhir/StructureDefinition/implementationguide-page","valueUri":"Extension-CareConnect-ConditionRelationship-1.html"}],"example":false,"sourceReference":{"reference":"StructureDefinition/Extension-CareConnect-ConditionRelationship-1"}},{"extension":[{"url":"http://hl7.org/fhir/StructureDefinition/implementationguide-page","valueUri":"Extension-CareConnect-DataController-1.html"}],"example":false,"sourceReference":{"reference":"StructureDefinition/Extension-CareConnect-DataController-1"}},{"extension":[{"url":"http://hl7.org/fhir/StructureDefinition/implementationguide-page","valueUri":"Extension-CareConnect-DataProcessor-1.html"}],"example":false,"sourceReference":{"reference":"StructureDefinition/Extension-CareConnect-DataProcessor-1"}},{"extension":[{"url":"http://hl7.org/fhir/StructureDefinition/implementationguide-page","valueUri":"Extension-CareConnect-DateRecorded-1.html"}],"example":false,"sourceReference":{"reference":"StructureDefinition/Extension-CareConnect-DateRecorded-1"}},{"extension":[{"url":"http://hl7.org/fhir/StructureDefinition/implementationguide-page","valueUri":"Extension-CareConnect-DeathNotificationStatus-1.html"}],"example":false,"sourceReference":{"reference":"StructureDefinition/Extension-CareConnect-DeathNotificationStatus-1"}},{"extension":[{"url":"http://hl7.org/fhir/StructureDefinition/implementationguide-page","valueUri":"Extension-CareConnect-DischargeMethod-1.html"}],"example":false,"sourceReference":{"reference":"StructureDefinition/Extension-CareConnect-DischargeMethod-1"}},{"extension":[{"url":"http://hl7.org/fhir/StructureDefinition/implementationguide-page","valueUri":"Extension-CareConnect-EmergencyCareDischargeStatus-1.html"}],"example":false,"sourceReference":{"reference":"StructureDefinition/Extension-CareConnect-EmergencyCareDischargeStatus-1"}},{"extension":[{"url":"http://hl7.org/fhir/StructureDefinition/implementationguide-page","valueUri":"Extension-CareConnect-EncounterTransport-1.html"}],"example":false,"sourceReference":{"reference":"StructureDefinition/Extension-CareConnect-EncounterTransport-1"}},{"extension":[{"url":"http://hl7.org/fhir/StructureDefinition/implementationguide-page","valueUri":"Extension-CareConnect-EthnicCategory-1.html"}],"example":false,"sourceReference":{"reference":"StructureDefinition/Extension-CareConnect-EthnicCategory-1"}},{"extension":[{"url":"http://hl7.org/fhir/StructureDefinition/implementationguide-page","valueUri":"Extension-CareConnect-Evidence-1.html"}],"example":false,"sourceReference":{"reference":"StructureDefinition/Extension-CareConnect-Evidence-1"}},{"extension":[{"url":"http://hl7.org/fhir/StructureDefinition/implementationguide-page","valueUri":"Extension-CareConnect-FastingStatus-1.html"}],"example":false,"sourceReference":{"reference":"StructureDefinition/Extension-CareConnect-FastingStatus-1"}},{"extension":[{"url":"http://hl7.org/fhir/StructureDefinition/implementationguide-page","valueUri":"Extension-CareConnect-ListWarningCode-1.html"}],"example":false,"sourceReference":{"reference":"StructureDefinition/Extension-CareConnect-ListWarningCode-1"}},{"extension":[{"url":"http://hl7.org/fhir/StructureDefinition/implementationguide-page","valueUri":"Extension-CareConnect-MainLocation-1.html"}],"example":false,"sourceReference":{"reference":"StructureDefinition/Extension-CareConnect-MainLocation-1"}},{"extension":[{"url":"http://hl7.org/fhir/StructureDefinition/implementationguide-page","valueUri":"Extension-CareConnect-MedicationChangeSummary-1.html"}],"example":false,"sourceReference":{"reference":"StructureDefinition/Extension-CareConnect-MedicationChangeSummary-1"}},{"extension":[{"url":"http://hl7.org/fhir/StructureDefinition/implementationguide-page","valueUri":"Extension-CareConnect-MedicationFlagAssociation-1.html"}],"example":false,"sourceReference":{"reference":"StructureDefinition/Extension-CareConnect-MedicationFlagAssociation-1"}},{"extension":[{"url":"http://hl7.org/fhir/StructureDefinition/implementationguide-page","valueUri":"Extension-CareConnect-MedicationRepeatInformation-1.html"}],"example":false,"sourceReference":{"reference":"StructureDefinition/Extension-CareConnect-MedicationRepeatInformation-1"}},{"extension":[{"url":"http://hl7.org/fhir/StructureDefinition/implementationguide-page","valueUri":"Extension-CareConnect-MedicationStatementLastIssueDate-1.html"}],"example":false,"sourceReference":{"reference":"StructureDefinition/Extension-CareConnect-MedicationStatementLastIssueDate-1"}},{"extension":[{"url":"http://hl7.org/fhir/StructureDefinition/implementationguide-page","valueUri":"Extension-CareConnect-MedicationStatusReason-1.html"}],"example":false,"sourceReference":{"reference":"StructureDefinition/Extension-CareConnect-MedicationStatusReason-1"}},{"extension":[{"url":"http://hl7.org/fhir/StructureDefinition/implementationguide-page","valueUri":"Extension-CareConnect-NHSCommunication-1.html"}],"example":false,"sourceReference":{"reference":"StructureDefinition/Extension-CareConnect-NHSCommunication-1"}},{"extension":[{"url":"http://hl7.org/fhir/StructureDefinition/implementationguide-page","valueUri":"Extension-CareConnect-NHSNumberVerificationStatus-1.html"}],"example":false,"sourceReference":{"reference":"StructureDefinition/Extension-CareConnect-NHSNumberVerificationStatus-1"}},{"extension":[{"url":"http://hl7.org/fhir/StructureDefinition/implementationguide-page","valueUri":"Extension-CareConnect-NominatedPharmacy-1.html"}],"example":false,"sourceReference":{"reference":"StructureDefinition/Extension-CareConnect-NominatedPharmacy-1"}},{"extension":[{"url":"http://hl7.org/fhir/StructureDefinition/implementationguide-page","valueUri":"Extension-CareConnect-OutcomeOfAttendance-1.html"}],"example":false,"sourceReference":{"reference":"StructureDefinition/Extension-CareConnect-OutcomeOfAttendance-1"}},{"extension":[{"url":"http://hl7.org/fhir/StructureDefinition/implementationguide-page","valueUri":"Extension-CareConnect-ParentPresent-1.html"}],"example":false,"sourceReference":{"reference":"StructureDefinition/Extension-CareConnect-ParentPresent-1"}},{"extension":[{"url":"http://hl7.org/fhir/StructureDefinition/implementationguide-page","valueUri":"Extension-CareConnect-PrescriptionType-1.html"}],"example":false,"sourceReference":{"reference":"StructureDefinition/Extension-CareConnect-PrescriptionType-1"}},{"extension":[{"url":"http://hl7.org/fhir/StructureDefinition/implementationguide-page","valueUri":"Extension-CareConnect-ProbabilityOfRecurrence-1.html"}],"example":false,"sourceReference":{"reference":"StructureDefinition/Extension-CareConnect-ProbabilityOfRecurrence-1"}},{"extension":[{"url":"http://hl7.org/fhir/StructureDefinition/implementationguide-page","valueUri":"Extension-CareConnect-ProblemSignificance-1.html"}],"example":false,"sourceReference":{"reference":"StructureDefinition/Extension-CareConnect-ProblemSignificance-1"}},{"extension":[{"url":"http://hl7.org/fhir/StructureDefinition/implementationguide-page","valueUri":"Extension-CareConnect-ReasonCondition-1.html"}],"example":false,"sourceReference":{"reference":"StructureDefinition/Extension-CareConnect-ReasonCondition-1"}},{"extension":[{"url":"http://hl7.org/fhir/StructureDefinition/implementationguide-page","valueUri":"Extension-CareConnect-Recorder-1.html"}],"example":false,"sourceReference":{"reference":"StructureDefinition/Extension-CareConnect-Recorder-1"}},{"extension":[{"url":"http://hl7.org/fhir/StructureDefinition/implementationguide-page","valueUri":"Extension-CareConnect-ReferralRequestMethod-1.html"}],"example":false,"sourceReference":{"reference":"StructureDefinition/Extension-CareConnect-ReferralRequestMethod-1"}},{"extension":[{"url":"http://hl7.org/fhir/StructureDefinition/implementationguide-page","valueUri":"Extension-CareConnect-SourceOfReferral-1.html"}],"example":false,"sourceReference":{"reference":"StructureDefinition/Extension-CareConnect-SourceOfReferral-1"}},{"extension":[{"url":"http://hl7.org/fhir/StructureDefinition/implementationguide-page","valueUri":"Extension-CareConnect-RelatedClinicalContent-1.html"}],"example":false,"sourceReference":{"reference":"StructureDefinition/Extension-CareConnect-RelatedClinicalContent-1"}},{"extension":[{"url":"http://hl7.org/fhir/StructureDefinition/implementationguide-page","valueUri":"Extension-CareConnect-RelatedProblemHeader-1.html"}],"example":false,"sourceReference":{"reference":"StructureDefinition/Extension-CareConnect-RelatedProblemHeader-1"}},{"extension":[{"url":"http://hl7.org/fhir/StructureDefinition/implementationguide-page","valueUri":"Extension-CareConnect-ReligiousAffiliation-1.html"}],"example":false,"sourceReference":{"reference":"StructureDefinition/Extension-CareConnect-ReligiousAffiliation-1"}},{"extension":[{"url":"http://hl7.org/fhir/StructureDefinition/implementationguide-page","valueUri":"Extension-CareConnect-ResidentialStatus-1.html"}],"example":false,"sourceReference":{"reference":"StructureDefinition/Extension-CareConnect-ResidentialStatus-1"}},{"extension":[{"url":"http://hl7.org/fhir/StructureDefinition/implementationguide-page","valueUri":"Extension-CareConnect-TreatmentCategory-1.html"}],"example":false,"sourceReference":{"reference":"StructureDefinition/Extension-CareConnect-TreatmentCategory-1"}},{"extension":[{"url":"http://hl7.org/fhir/StructureDefinition/implementationguide-page","valueUri":"Extension-CareConnect-VaccinationProcedure-1.html"}],"example":false,"sourceReference":{"reference":"StructureDefinition/Extension-CareConnect-VaccinationProcedure-1"}},{"extension":[{"url":"http://hl7.org/fhir/StructureDefinition/implementationguide-page","valueUri":"Extension-CareConnect-ValueApproximation-1.html"}],"example":false,"sourceReference":{"reference":"StructureDefinition/Extension-CareConnect-ValueApproximation-1"}},{"extension":[{"url":"http://hl7.org/fhir/StructureDefinition/implementationguide-page","valueUri":"Extension-coding-sctdescid.html"}],"example":false,"sourceReference":{"reference":"StructureDefinition/Extension-coding-sctdescid"}},{"extension":[{"url":"http://hl7.org/fhir/StructureDefinition/implementationguide-page","valueUri":"CareConnect-ACVPU-Observation-1.html"}],"example":false,"sourceReference":{"reference":"StructureDefinition/CareConnect-ACVPU-Observation-1"}},{"extension":[{"url":"http://hl7.org/fhir/StructureDefinition/implementationguide-page","valueUri":"CareConnect-AllergyIntolerance-1.html"}],"example":false,"sourceReference":{"reference":"StructureDefinition/CareConnect-AllergyIntolerance-1"}},{"extension":[{"url":"http://hl7.org/fhir/StructureDefinition/implementationguide-page","valueUri":"CareConnect-Appointment-1.html"}],"example":false,"sourceReference":{"reference":"StructureDefinition/CareConnect-Appointment-1"}},{"extension":[{"url":"http://hl7.org/fhir/StructureDefinition/implementationguide-page","valueUri":"CareConnect-BloodPressure-Observation-1.html"}],"example":false,"sourceReference":{"reference":"StructureDefinition/CareConnect-BloodPressure-Observation-1"}},{"extension":[{"url":"http://hl7.org/fhir/StructureDefinition/implementationguide-page","valueUri":"CareConnect-BodyTemperature-Observation-1.html"}],"example":false,"sourceReference":{"reference":"StructureDefinition/CareConnect-BodyTemperature-Observation-1"}},{"extension":[{"url":"http://hl7.org/fhir/StructureDefinition/implementationguide-page","valueUri":"CareConnect-CarePlan-1.html"}],"example":false,"sourceReference":{"reference":"StructureDefinition/CareConnect-CarePlan-1"}},{"extension":[{"url":"http://hl7.org/fhir/StructureDefinition/implementationguide-page","valueUri":"CareConnect-CareTeam-1.html"}],"example":false,"sourceReference":{"reference":"StructureDefinition/CareConnect-CareTeam-1"}},{"extension":[{"url":"http://hl7.org/fhir/StructureDefinition/implementationguide-page","valueUri":"CareConnect-Communication-1.html"}],"example":false,"sourceReference":{"reference":"StructureDefinition/CareConnect-Communication-1"}},{"extension":[{"url":"http://hl7.org/fhir/StructureDefinition/implementationguide-page","valueUri":"CareConnect-Composition-1.html"}],"example":false,"sourceReference":{"reference":"StructureDefinition/CareConnect-Composition-1"}},{"extension":[{"url":"http://hl7.org/fhir/StructureDefinition/implementationguide-page","valueUri":"CareConnect-Condition-1.html"}],"example":false,"sourceReference":{"reference":"StructureDefinition/CareConnect-Condition-1"}},{"extension":[{"url":"http://hl7.org/fhir/StructureDefinition/implementationguide-page","valueUri":"CareConnect-Consent-1.html"}],"example":false,"sourceReference":{"reference":"StructureDefinition/CareConnect-Consent-1"}},{"extension":[{"url":"http://hl7.org/fhir/StructureDefinition/implementationguide-page","valueUri":"CareConnect-Contract-1.html"}],"example":false,"sourceReference":{"reference":"StructureDefinition/CareConnect-Contract-1"}},{"extension":[{"url":"http://hl7.org/fhir/StructureDefinition/implementationguide-page","valueUri":"CareConnect-DiagnosticReport-1.html"}],"example":false,"sourceReference":{"reference":"StructureDefinition/CareConnect-DiagnosticReport-1"}},{"extension":[{"url":"http://hl7.org/fhir/StructureDefinition/implementationguide-page","valueUri":"CareConnect-DocumentReference-1.html"}],"example":false,"sourceReference":{"reference":"StructureDefinition/CareConnect-DocumentReference-1"}},{"extension":[{"url":"http://hl7.org/fhir/StructureDefinition/implementationguide-page","valueUri":"CareConnect-Encounter-1.html"}],"example":false,"sourceReference":{"reference":"StructureDefinition/CareConnect-Encounter-1"}},{"extension":[{"url":"http://hl7.org/fhir/StructureDefinition/implementationguide-page","valueUri":"CareConnect-EpisodeOfCare-1.html"}],"example":false,"sourceReference":{"reference":"StructureDefinition/CareConnect-EpisodeOfCare-1"}},{"extension":[{"url":"http://hl7.org/fhir/StructureDefinition/implementationguide-page","valueUri":"CareConnect-FamilyMemberHistory-1.html"}],"example":false,"sourceReference":{"reference":"StructureDefinition/CareConnect-FamilyMemberHistory-1"}},{"extension":[{"url":"http://hl7.org/fhir/StructureDefinition/implementationguide-page","valueUri":"CareConnect-Flag-1.html"}],"example":false,"sourceReference":{"reference":"StructureDefinition/CareConnect-Flag-1"}},{"extension":[{"url":"http://hl7.org/fhir/StructureDefinition/implementationguide-page","valueUri":"ValueSet-CareConnect-OutcomeOfAttendance-1.html"}],"example":false,"sourceReference":{"reference":"ValueSet/ValueSet-CareConnect-OutcomeOfAttendance-1"}},{"extension":[{"url":"http://hl7.org/fhir/StructureDefinition/implementationguide-page","valueUri":"ValueSet-CareConnect-ObservationType-1.html"}],"example":false,"sourceReference":{"reference":"ValueSet/ValueSet-CareConnect-ObservationType-1"}},{"extension":[{"url":"http://hl7.org/fhir/StructureDefinition/implementationguide-page","valueUri":"ValueSet-CareConnect-ObservationMethod-1.html"}],"example":false,"sourceReference":{"reference":"ValueSet/ValueSet-CareConnect-ObservationMethod-1"}},{"extension":[{"url":"http://hl7.org/fhir/StructureDefinition/implementationguide-page","valueUri":"ValueSet-CareConnect-NHSNumberVerificationStatus-1.html"}],"example":false,"sourceReference":{"reference":"ValueSet/ValueSet-CareConnect-NHSNumberVerificationStatus-1"}},{"extension":[{"url":"http://hl7.org/fhir/StructureDefinition/implementationguide-page","valueUri":"ValueSet-CareConnect-NHSDataDictionary-PersonStatedGender-1.html"}],"example":false,"sourceReference":{"reference":"ValueSet/ValueSet-CareConnect-NHSDataDictionary-PersonStatedGender-1"}},{"extension":[{"url":"http://hl7.org/fhir/StructureDefinition/implementationguide-page","valueUri":"ValueSet-CareConnect-NHSDataDictionary-PersonMaritalStatus-1.html"}],"example":false,"sourceReference":{"reference":"ValueSet/ValueSet-CareConnect-NHSDataDictionary-PersonMaritalStatus-1"}},{"extension":[{"url":"http://hl7.org/fhir/StructureDefinition/implementationguide-page","valueUri":"ValueSet-CareConnect-NameUse-1.html"}],"example":false,"sourceReference":{"reference":"ValueSet/ValueSet-CareConnect-NameUse-1"}},{"extension":[{"url":"http://hl7.org/fhir/StructureDefinition/implementationguide-page","valueUri":"ValueSet-CareConnect-MedicationSupplyType-1.html"}],"example":false,"sourceReference":{"reference":"ValueSet/ValueSet-CareConnect-MedicationSupplyType-1"}},{"extension":[{"url":"http://hl7.org/fhir/StructureDefinition/implementationguide-page","valueUri":"ValueSet-CareConnect-MedicationForm-1.html"}],"example":false,"sourceReference":{"reference":"ValueSet/ValueSet-CareConnect-MedicationForm-1"}},{"extension":[{"url":"http://hl7.org/fhir/StructureDefinition/implementationguide-page","valueUri":"ValueSet-CareConnect-MedicationFlag-1.html"}],"example":false,"sourceReference":{"reference":"ValueSet/ValueSet-CareConnect-MedicationFlag-1"}},{"extension":[{"url":"http://hl7.org/fhir/StructureDefinition/implementationguide-page","valueUri":"ValueSet-CareConnect-MedicationDosageRoute-1.html"}],"example":false,"sourceReference":{"reference":"ValueSet/ValueSet-CareConnect-MedicationDosageRoute-1"}},{"extension":[{"url":"http://hl7.org/fhir/StructureDefinition/implementationguide-page","valueUri":"ValueSet-CareConnect-MedicationCode-1.html"}],"example":false,"sourceReference":{"reference":"ValueSet/ValueSet-CareConnect-MedicationCode-1"}},{"extension":[{"url":"http://hl7.org/fhir/StructureDefinition/implementationguide-page","valueUri":"ValueSet-CareConnect-MedicationChangeStatus-1.html"}],"example":false,"sourceReference":{"reference":"ValueSet/ValueSet-CareConnect-MedicationChangeStatus-1"}},{"extension":[{"url":"http://hl7.org/fhir/StructureDefinition/implementationguide-page","valueUri":"ValueSet-CareConnect-MaritalStatus-1.html"}],"example":false,"sourceReference":{"reference":"ValueSet/ValueSet-CareConnect-MaritalStatus-1"}},{"extension":[{"url":"http://hl7.org/fhir/StructureDefinition/implementationguide-page","valueUri":"ValueSet-CareConnect-ManufacturedMaterialSnCT-1.html"}],"example":false,"sourceReference":{"reference":"ValueSet/ValueSet-CareConnect-ManufacturedMaterialSnCT-1"}},{"extension":[{"url":"http://hl7.org/fhir/StructureDefinition/implementationguide-page","valueUri":"ValueSet-CareConnect-ListWarningCode-1.html"}],"example":false,"sourceReference":{"reference":"ValueSet/ValueSet-CareConnect-ListWarningCode-1"}},{"extension":[{"url":"http://hl7.org/fhir/StructureDefinition/implementationguide-page","valueUri":"ValueSet-CareConnect-ListEmptyReasonCode-1.html"}],"example":false,"sourceReference":{"reference":"ValueSet/ValueSet-CareConnect-ListEmptyReasonCode-1"}},{"extension":[{"url":"http://hl7.org/fhir/StructureDefinition/implementationguide-page","valueUri":"ValueSet-CareConnect-ListCode-1.html"}],"example":false,"sourceReference":{"reference":"ValueSet/ValueSet-CareConnect-ListCode-1"}},{"extension":[{"url":"http://hl7.org/fhir/StructureDefinition/implementationguide-page","valueUri":"ValueSet-CareConnect-LanguageAbilityProficiency-1.html"}],"example":false,"sourceReference":{"reference":"ValueSet/ValueSet-CareConnect-LanguageAbilityProficiency-1"}},{"extension":[{"url":"http://hl7.org/fhir/StructureDefinition/implementationguide-page","valueUri":"ValueSet-CareConnect-LanguageAbilityMode-1.html"}],"example":false,"sourceReference":{"reference":"ValueSet/ValueSet-CareConnect-LanguageAbilityMode-1"}},{"extension":[{"url":"http://hl7.org/fhir/StructureDefinition/implementationguide-page","valueUri":"ValueSet-CareConnect-InterpretationCode-1.html"}],"example":false,"sourceReference":{"reference":"ValueSet/ValueSet-CareConnect-InterpretationCode-1"}},{"extension":[{"url":"http://hl7.org/fhir/StructureDefinition/implementationguide-page","valueUri":"ValueSet-CareConnect-InspiredOxygen-1.html"}],"example":false,"sourceReference":{"reference":"ValueSet/ValueSet-CareConnect-InspiredOxygen-1"}},{"extension":[{"url":"http://hl7.org/fhir/StructureDefinition/implementationguide-page","valueUri":"ValueSet-CareConnect-ImmunizationExplanationReason-2.html"}],"example":false,"sourceReference":{"reference":"ValueSet/ValueSet-CareConnect-ImmunizationExplanationReason-2"}},{"extension":[{"url":"http://hl7.org/fhir/StructureDefinition/implementationguide-page","valueUri":"ValueSet-CareConnect-ImmunizationExplanationReason-1.html"}],"example":false,"sourceReference":{"reference":"ValueSet/ValueSet-CareConnect-ImmunizationExplanationReason-1"}},{"extension":[{"url":"http://hl7.org/fhir/StructureDefinition/implementationguide-page","valueUri":"ValueSet-CareConnect-HumanLanguage-1.html"}],"example":false,"sourceReference":{"reference":"ValueSet/ValueSet-CareConnect-HumanLanguage-1"}},{"extension":[{"url":"http://hl7.org/fhir/StructureDefinition/implementationguide-page","valueUri":"ValueSet-CareConnect-FindingCode-1.html"}],"example":false,"sourceReference":{"reference":"ValueSet/ValueSet-CareConnect-FindingCode-1"}},{"extension":[{"url":"http://hl7.org/fhir/StructureDefinition/implementationguide-page","valueUri":"ValueSet-CareConnect-EthnicCategory-1.html"}],"example":false,"sourceReference":{"reference":"ValueSet/ValueSet-CareConnect-EthnicCategory-1"}},{"extension":[{"url":"http://hl7.org/fhir/StructureDefinition/implementationguide-page","valueUri":"ValueSet-CareConnect-EncounterType-1.html"}],"example":false,"sourceReference":{"reference":"ValueSet/ValueSet-CareConnect-EncounterType-1"}},{"extension":[{"url":"http://hl7.org/fhir/StructureDefinition/implementationguide-page","valueUri":"ValueSet-CareConnect-EmergencyCareDischargeStatus-1.html"}],"example":false,"sourceReference":{"reference":"ValueSet/ValueSet-CareConnect-EmergencyCareDischargeStatus-1"}},{"extension":[{"url":"http://hl7.org/fhir/StructureDefinition/implementationguide-page","valueUri":"ValueSet-CareConnect-DocumentType-1.html"}],"example":false,"sourceReference":{"reference":"ValueSet/ValueSet-CareConnect-DocumentType-1"}},{"extension":[{"url":"http://hl7.org/fhir/StructureDefinition/implementationguide-page","valueUri":"ValueSet-CareConnect-ReferralRequestMethod-1.html"}],"example":false,"sourceReference":{"reference":"ValueSet/ValueSet-CareConnect-ReferralRequestMethod-1"}},{"extension":[{"url":"http://hl7.org/fhir/StructureDefinition/implementationguide-page","valueUri":"ValueSet-CareConnect-SourceOfReferral-1.html"}],"example":false,"sourceReference":{"reference":"ValueSet/ValueSet-CareConnect-SourceOfReferral-1"}},{"extension":[{"url":"http://hl7.org/fhir/StructureDefinition/implementationguide-page","valueUri":"ValueSet-CareConnect-DischargeMethod-1.html"}],"example":false,"sourceReference":{"reference":"ValueSet/ValueSet-CareConnect-DischargeMethod-1"}},{"extension":[{"url":"http://hl7.org/fhir/StructureDefinition/implementationguide-page","valueUri":"ValueSet-CareConnect-DischargeDestination-1.html"}],"example":false,"sourceReference":{"reference":"ValueSet/ValueSet-CareConnect-DischargeDestination-1"}},{"extension":[{"url":"http://hl7.org/fhir/StructureDefinition/implementationguide-page","valueUri":"ValueSet-CareConnect-DeathNotificationStatus-1.html"}],"example":false,"sourceReference":{"reference":"ValueSet/ValueSet-CareConnect-DeathNotificationStatus-1"}},{"extension":[{"url":"http://hl7.org/fhir/StructureDefinition/implementationguide-page","valueUri":"ValueSet-CareConnect-ConditionRelationship-1.html"}],"example":false,"sourceReference":{"reference":"ValueSet/ValueSet-CareConnect-ConditionRelationship-1"}},{"extension":[{"url":"http://hl7.org/fhir/StructureDefinition/implementationguide-page","valueUri":"ValueSet-CareConnect-ConditionEpisodicity-1.html"}],"example":false,"sourceReference":{"reference":"ValueSet/ValueSet-CareConnect-ConditionEpisodicity-1"}},{"extension":[{"url":"http://hl7.org/fhir/StructureDefinition/implementationguide-page","valueUri":"ValueSet-CareConnect-ConditionEpisodeSnCT-1.html"}],"example":false,"sourceReference":{"reference":"ValueSet/ValueSet-CareConnect-ConditionEpisodeSnCT-1"}},{"extension":[{"url":"http://hl7.org/fhir/StructureDefinition/implementationguide-page","valueUri":"ValueSet-CareConnect-ConditionCode-1.html"}],"example":false,"sourceReference":{"reference":"ValueSet/ValueSet-CareConnect-ConditionCode-1"}},{"extension":[{"url":"http://hl7.org/fhir/StructureDefinition/implementationguide-page","valueUri":"ValueSet-CareConnect-ConditionCategory-1.html"}],"example":false,"sourceReference":{"reference":"ValueSet/ValueSet-CareConnect-ConditionCategory-1"}},{"extension":[{"url":"http://hl7.org/fhir/StructureDefinition/implementationguide-page","valueUri":"ValueSet-CareConnect-CompositionSectionCode-1.html"}],"example":false,"sourceReference":{"reference":"ValueSet/ValueSet-CareConnect-CompositionSectionCode-1"}},{"extension":[{"url":"http://hl7.org/fhir/StructureDefinition/implementationguide-page","valueUri":"ValueSet-CareConnect-ClinicalDisciplines-1.html"}],"example":false,"sourceReference":{"reference":"ValueSet/ValueSet-CareConnect-ClinicalDisciplines-1"}},{"extension":[{"url":"http://hl7.org/fhir/StructureDefinition/implementationguide-page","valueUri":"ValueSet-CareConnect-CareSettingType-1.html"}],"example":false,"sourceReference":{"reference":"ValueSet/ValueSet-CareConnect-CareSettingType-1"}},{"extension":[{"url":"http://hl7.org/fhir/StructureDefinition/implementationguide-page","valueUri":"ValueSet-CareConnect-BodySite-1.html"}],"example":false,"sourceReference":{"reference":"ValueSet/ValueSet-CareConnect-BodySite-1"}},{"extension":[{"url":"http://hl7.org/fhir/StructureDefinition/implementationguide-page","valueUri":"ValueSet-CareConnect-AllergyVerificationStatus-1.html"}],"example":false,"sourceReference":{"reference":"ValueSet/ValueSet-CareConnect-AllergyVerificationStatus-1"}},{"extension":[{"url":"http://hl7.org/fhir/StructureDefinition/implementationguide-page","valueUri":"ValueSet-CareConnect-AllergySeverity-1.html"}],"example":false,"sourceReference":{"reference":"ValueSet/ValueSet-CareConnect-AllergySeverity-1"}},{"extension":[{"url":"http://hl7.org/fhir/StructureDefinition/implementationguide-page","valueUri":"ValueSet-CareConnect-AllergyManifestation-1.html"}],"example":false,"sourceReference":{"reference":"ValueSet/ValueSet-CareConnect-AllergyManifestation-1"}},{"extension":[{"url":"http://hl7.org/fhir/StructureDefinition/implementationguide-page","valueUri":"ValueSet-CareConnect-AllergyExposureRoute-1.html"}],"example":false,"sourceReference":{"reference":"ValueSet/ValueSet-CareConnect-AllergyExposureRoute-1"}},{"extension":[{"url":"http://hl7.org/fhir/StructureDefinition/implementationguide-page","valueUri":"ValueSet-CareConnect-AllergyCode-1.html"}],"example":false,"sourceReference":{"reference":"ValueSet/ValueSet-CareConnect-AllergyCode-1"}},{"extension":[{"url":"http://hl7.org/fhir/StructureDefinition/implementationguide-page","valueUri":"ValueSet-CareConnect-AllergyCertainty-1.html"}],"example":false,"sourceReference":{"reference":"ValueSet/ValueSet-CareConnect-AllergyCertainty-1"}},{"extension":[{"url":"http://hl7.org/fhir/StructureDefinition/implementationguide-page","valueUri":"ValueSet-CareConnect-AdmissionMethod-1.html"}],"example":false,"sourceReference":{"reference":"ValueSet/ValueSet-CareConnect-AdmissionMethod-1"}},{"extension":[{"url":"http://hl7.org/fhir/StructureDefinition/implementationguide-page","valueUri":"ValueSet-CareConnect-AdministrativeGender-1.html"}],"example":false,"sourceReference":{"reference":"ValueSet/ValueSet-CareConnect-AdministrativeGender-1"}},{"extension":[{"url":"http://hl7.org/fhir/StructureDefinition/implementationguide-page","valueUri":"ValueSet-CareConnect-ACVPU-1.html"}],"example":false,"sourceReference":{"reference":"ValueSet/ValueSet-CareConnect-ACVPU-1"}},{"extension":[{"url":"http://hl7.org/fhir/StructureDefinition/implementationguide-page","valueUri":"ValueSet-CareConnect-VaccineCode-1.html"}],"example":false,"sourceReference":{"reference":"ValueSet/ValueSet-CareConnect-VaccineCode-1"}},{"extension":[{"url":"http://hl7.org/fhir/StructureDefinition/implementationguide-page","valueUri":"ValueSet-CareConnect-VaccinationProcedure-1.html"}],"example":false,"sourceReference":{"reference":"ValueSet/ValueSet-CareConnect-VaccinationProcedure-1"}},{"extension":[{"url":"http://hl7.org/fhir/StructureDefinition/implementationguide-page","valueUri":"ValueSet-CareConnect-TreatmentCategory-1.html"}],"example":false,"sourceReference":{"reference":"ValueSet/ValueSet-CareConnect-TreatmentCategory-1"}},{"extension":[{"url":"http://hl7.org/fhir/StructureDefinition/implementationguide-page","valueUri":"ValueSet-CareConnect-SpecimenType-1.html"}],"example":false,"sourceReference":{"reference":"ValueSet/ValueSet-CareConnect-SpecimenType-1"}},{"extension":[{"url":"http://hl7.org/fhir/StructureDefinition/implementationguide-page","valueUri":"ValueSet-CareConnect-SpecimenBodySite-1.html"}],"example":false,"sourceReference":{"reference":"ValueSet/ValueSet-CareConnect-SpecimenBodySite-1"}},{"extension":[{"url":"http://hl7.org/fhir/StructureDefinition/implementationguide-page","valueUri":"ValueSet-CareConnect-SourceOfAdmission-1.html"}],"example":false,"sourceReference":{"reference":"ValueSet/ValueSet-CareConnect-SourceOfAdmission-1"}},{"extension":[{"url":"http://hl7.org/fhir/StructureDefinition/implementationguide-page","valueUri":"ValueSet-CareConnect-SDSJobRoleName-1.html"}],"example":false,"sourceReference":{"reference":"ValueSet/ValueSet-CareConnect-SDSJobRoleName-1"}},{"extension":[{"url":"http://hl7.org/fhir/StructureDefinition/implementationguide-page","valueUri":"ValueSet-CareConnect-SaturatedOxygenSp02Scale-1.html"}],"example":false,"sourceReference":{"reference":"ValueSet/ValueSet-CareConnect-SaturatedOxygenSp02Scale-1"}},{"extension":[{"url":"http://hl7.org/fhir/StructureDefinition/implementationguide-page","valueUri":"ValueSet-CareConnect-ResidentialStatus-1.html"}],"example":false,"sourceReference":{"reference":"ValueSet/ValueSet-CareConnect-ResidentialStatus-1"}},{"extension":[{"url":"http://hl7.org/fhir/StructureDefinition/implementationguide-page","valueUri":"ValueSet-CareConnect-ReportCodeSnCT-1.html"}],"example":false,"sourceReference":{"reference":"ValueSet/ValueSet-CareConnect-ReportCodeSnCT-1"}},{"extension":[{"url":"http://hl7.org/fhir/StructureDefinition/implementationguide-page","valueUri":"ValueSet-CareConnect-ReligiousAffiliation-1.html"}],"example":false,"sourceReference":{"reference":"ValueSet/ValueSet-CareConnect-ReligiousAffiliation-1"}},{"extension":[{"url":"http://hl7.org/fhir/StructureDefinition/implementationguide-page","valueUri":"ValueSet-CareConnect-RegistrationType-1.html"}],"example":false,"sourceReference":{"reference":"ValueSet/ValueSet-CareConnect-RegistrationType-1"}},{"extension":[{"url":"http://hl7.org/fhir/StructureDefinition/implementationguide-page","valueUri":"ValueSet-CareConnect-RegistrationStatus-1.html"}],"example":false,"sourceReference":{"reference":"ValueSet/ValueSet-CareConnect-RegistrationStatus-1"}},{"extension":[{"url":"http://hl7.org/fhir/StructureDefinition/implementationguide-page","valueUri":"ValueSet-CareConnect-ReactionEventSeverity-1.html"}],"example":false,"sourceReference":{"reference":"ValueSet/ValueSet-CareConnect-ReactionEventSeverity-1"}},{"extension":[{"url":"http://hl7.org/fhir/StructureDefinition/implementationguide-page","valueUri":"ValueSet-CareConnect-ProcedureCode-1.html"}],"example":false,"sourceReference":{"reference":"ValueSet/ValueSet-CareConnect-ProcedureCode-1"}},{"extension":[{"url":"http://hl7.org/fhir/StructureDefinition/implementationguide-page","valueUri":"ValueSet-CareConnect-ProblemSignificance-1.html"}],"example":false,"sourceReference":{"reference":"ValueSet/ValueSet-CareConnect-ProblemSignificance-1"}},{"extension":[{"url":"http://hl7.org/fhir/StructureDefinition/implementationguide-page","valueUri":"ValueSet-CareConnect-PrescriptionType-1.html"}],"example":false,"sourceReference":{"reference":"ValueSet/ValueSet-CareConnect-PrescriptionType-1"}},{"extension":[{"url":"http://hl7.org/fhir/StructureDefinition/implementationguide-page","valueUri":"ValueSet-CareConnect-PrescribedElsewhere-1.html"}],"example":false,"sourceReference":{"reference":"ValueSet/ValueSet-CareConnect-PrescribedElsewhere-1"}},{"extension":[{"url":"http://hl7.org/fhir/StructureDefinition/implementationguide-page","valueUri":"ValueSet-CareConnect-PDS-PersonNameType-1.html"}],"example":false,"sourceReference":{"reference":"ValueSet/ValueSet-CareConnect-PDS-PersonNameType-1"}},{"extension":[{"url":"http://hl7.org/fhir/StructureDefinition/implementationguide-page","valueUri":"CodeSystem-CareConnect-MedicationChangeStatus-1.html"}],"example":false,"sourceReference":{"reference":"CodeSystem/CodeSystem-CareConnect-MedicationChangeStatus-1"}},{"extension":[{"url":"http://hl7.org/fhir/StructureDefinition/implementationguide-page","valueUri":"CodeSystem-CareConnect-MedicationFlag-1.html"}],"example":false,"sourceReference":{"reference":"CodeSystem/CodeSystem-CareConnect-MedicationFlag-1"}},{"extension":[{"url":"http://hl7.org/fhir/StructureDefinition/implementationguide-page","valueUri":"CodeSystem-CareConnect-MedicationSupplyType-1.html"}],"example":false,"sourceReference":{"reference":"CodeSystem/CodeSystem-CareConnect-MedicationSupplyType-1"}},{"extension":[{"url":"http://hl7.org/fhir/StructureDefinition/implementationguide-page","valueUri":"CodeSystem-CareConnect-ReferralRequestMethod-1.html"}],"example":false,"sourceReference":{"reference":"CodeSystem/CodeSystem-CareConnect-ReferralRequestMethod-1"}},{"extension":[{"url":"http://hl7.org/fhir/StructureDefinition/implementationguide-page","valueUri":"CodeSystem-CareConnect-NHSDataDictionary-PersonMaritalStatus-1.html"}],"example":false,"sourceReference":{"reference":"CodeSystem/CodeSystem-CareConnect-NHSDataDictionary-PersonMaritalStatus-1"}},{"extension":[{"url":"http://hl7.org/fhir/StructureDefinition/implementationguide-page","valueUri":"CodeSystem-CareConnect-NHSDataDictionary-PersonStatedGender-1.html"}],"example":false,"sourceReference":{"reference":"CodeSystem/CodeSystem-CareConnect-NHSDataDictionary-PersonStatedGender-1"}},{"extension":[{"url":"http://hl7.org/fhir/StructureDefinition/implementationguide-page","valueUri":"CodeSystem-CareConnect-NHSNumberVerificationStatus-1.html"}],"example":false,"sourceReference":{"reference":"CodeSystem/CodeSystem-CareConnect-NHSNumberVerificationStatus-1"}},{"extension":[{"url":"http://hl7.org/fhir/StructureDefinition/implementationguide-page","valueUri":"CodeSystem-CareConnect-OutcomeOfAttendance-1.html"}],"example":false,"sourceReference":{"reference":"CodeSystem/CodeSystem-CareConnect-OutcomeOfAttendance-1"}},{"extension":[{"url":"http://hl7.org/fhir/StructureDefinition/implementationguide-page","valueUri":"CodeSystem-CareConnect-PDS-PersonNameType-1.html"}],"example":false,"sourceReference":{"reference":"CodeSystem/CodeSystem-CareConnect-PDS-PersonNameType-1"}},{"extension":[{"url":"http://hl7.org/fhir/StructureDefinition/implementationguide-page","valueUri":"CodeSystem-CareConnect-PrescribedElsewhere-1.html"}],"example":false,"sourceReference":{"reference":"CodeSystem/CodeSystem-CareConnect-PrescribedElsewhere-1"}},{"extension":[{"url":"http://hl7.org/fhir/StructureDefinition/implementationguide-page","valueUri":"CodeSystem-CareConnect-PrescriptionType-1.html"}],"example":false,"sourceReference":{"reference":"CodeSystem/CodeSystem-CareConnect-PrescriptionType-1"}},{"extension":[{"url":"http://hl7.org/fhir/StructureDefinition/implementationguide-page","valueUri":"CodeSystem-CareConnect-ProblemSignificance-1.html"}],"example":false,"sourceReference":{"reference":"CodeSystem/CodeSystem-CareConnect-ProblemSignificance-1"}},{"extension":[{"url":"http://hl7.org/fhir/StructureDefinition/implementationguide-page","valueUri":"CodeSystem-CareConnect-RegistrationStatus-1.html"}],"example":false,"sourceReference":{"reference":"CodeSystem/CodeSystem-CareConnect-RegistrationStatus-1"}},{"extension":[{"url":"http://hl7.org/fhir/StructureDefinition/implementationguide-page","valueUri":"CodeSystem-CareConnect-RegistrationType-1.html"}],"example":false,"sourceReference":{"reference":"CodeSystem/CodeSystem-CareConnect-RegistrationType-1"}},{"extension":[{"url":"http://hl7.org/fhir/StructureDefinition/implementationguide-page","valueUri":"CodeSystem-CareConnect-ResidentialStatus-1.html"}],"example":false,"sourceReference":{"reference":"CodeSystem/CodeSystem-CareConnect-ResidentialStatus-1"}},{"extension":[{"url":"http://hl7.org/fhir/StructureDefinition/implementationguide-page","valueUri":"CodeSystem-CareConnect-SDSJobRoleName-1.html"}],"example":false,"sourceReference":{"reference":"CodeSystem/CodeSystem-CareConnect-SDSJobRoleName-1"}},{"extension":[{"url":"http://hl7.org/fhir/StructureDefinition/implementationguide-page","valueUri":"CodeSystem-CareConnect-SourceOfAdmission-1.html"}],"example":false,"sourceReference":{"reference":"CodeSystem/CodeSystem-CareConnect-SourceOfAdmission-1"}},{"extension":[{"url":"http://hl7.org/fhir/StructureDefinition/implementationguide-page","valueUri":"CodeSystem-CareConnect-TreatmentCategory-1.html"}],"example":false,"sourceReference":{"reference":"CodeSystem/CodeSystem-CareConnect-TreatmentCategory-1"}},{"extension":[{"url":"http://hl7.org/fhir/StructureDefinition/implementationguide-page","valueUri":"CodeSystem-CareConnect-AdmissionMethod-1.html"}],"example":false,"sourceReference":{"reference":"CodeSystem/CodeSystem-CareConnect-AdmissionMethod-1"}},{"extension":[{"url":"http://hl7.org/fhir/StructureDefinition/implementationguide-page","valueUri":"CodeSystem-CareConnect-ConditionCategory-1.html"}],"example":false,"sourceReference":{"reference":"CodeSystem/CodeSystem-CareConnect-ConditionCategory-1"}},{"extension":[{"url":"http://hl7.org/fhir/StructureDefinition/implementationguide-page","valueUri":"CodeSystem-CareConnect-ConditionEpisodicity-1.html"}],"example":false,"sourceReference":{"reference":"CodeSystem/CodeSystem-CareConnect-ConditionEpisodicity-1"}},{"extension":[{"url":"http://hl7.org/fhir/StructureDefinition/implementationguide-page","valueUri":"CodeSystem-CareConnect-ConditionRelationship-1.html"}],"example":false,"sourceReference":{"reference":"CodeSystem/CodeSystem-CareConnect-ConditionRelationship-1"}},{"extension":[{"url":"http://hl7.org/fhir/StructureDefinition/implementationguide-page","valueUri":"CodeSystem-CareConnect-DeathNotificationStatus-1.html"}],"example":false,"sourceReference":{"reference":"CodeSystem/CodeSystem-CareConnect-DeathNotificationStatus-1"}},{"extension":[{"url":"http://hl7.org/fhir/StructureDefinition/implementationguide-page","valueUri":"CodeSystem-CareConnect-DischargeDestination-1.html"}],"example":false,"sourceReference":{"reference":"CodeSystem/CodeSystem-CareConnect-DischargeDestination-1"}},{"extension":[{"url":"http://hl7.org/fhir/StructureDefinition/implementationguide-page","valueUri":"CodeSystem-CareConnect-DischargeMethod-1.html"}],"example":false,"sourceReference":{"reference":"CodeSystem/CodeSystem-CareConnect-DischargeMethod-1"}},{"extension":[{"url":"http://hl7.org/fhir/StructureDefinition/implementationguide-page","valueUri":"CodeSystem-CareConnect-EthnicCategory-1.html"}],"example":false,"sourceReference":{"reference":"CodeSystem/CodeSystem-CareConnect-EthnicCategory-1"}},{"extension":[{"url":"http://hl7.org/fhir/StructureDefinition/implementationguide-page","valueUri":"CodeSystem-CareConnect-HumanLanguage-1.html"}],"example":false,"sourceReference":{"reference":"CodeSystem/CodeSystem-CareConnect-HumanLanguage-1"}},{"extension":[{"url":"http://hl7.org/fhir/StructureDefinition/implementationguide-page","valueUri":"CodeSystem-CareConnect-ImmunizationExplanationReason-1.html"}],"example":false,"sourceReference":{"reference":"CodeSystem/CodeSystem-CareConnect-ImmunizationExplanationReason-1"}},{"extension":[{"url":"http://hl7.org/fhir/StructureDefinition/implementationguide-page","valueUri":"CodeSystem-CareConnect-InterpretationCode-1.html"}],"example":false,"sourceReference":{"reference":"CodeSystem/CodeSystem-CareConnect-InterpretationCode-1"}},{"extension":[{"url":"http://hl7.org/fhir/StructureDefinition/implementationguide-page","valueUri":"CodeSystem-CareConnect-LanguageAbilityMode-1.html"}],"example":false,"sourceReference":{"reference":"CodeSystem/CodeSystem-CareConnect-LanguageAbilityMode-1"}},{"extension":[{"url":"http://hl7.org/fhir/StructureDefinition/implementationguide-page","valueUri":"CodeSystem-CareConnect-LanguageAbilityProficiency-1.html"}],"example":false,"sourceReference":{"reference":"CodeSystem/CodeSystem-CareConnect-LanguageAbilityProficiency-1"}},{"extension":[{"url":"http://hl7.org/fhir/StructureDefinition/implementationguide-page","valueUri":"CodeSystem-CareConnect-ListEmptyReasonCode-1.html"}],"example":false,"sourceReference":{"reference":"CodeSystem/CodeSystem-CareConnect-ListEmptyReasonCode-1"}},{"extension":[{"url":"http://hl7.org/fhir/StructureDefinition/implementationguide-page","valueUri":"CodeSystem-CareConnect-ListWarningCode-1.html"}],"example":false,"sourceReference":{"reference":"CodeSystem/CodeSystem-CareConnect-ListWarningCode-1"}},{"extension":[{"url":"http://hl7.org/fhir/StructureDefinition/implementationguide-page","valueUri":"ConceptMap-CareConnect-AdministrativeGender-1.html"}],"example":false,"sourceReference":{"reference":"ConceptMap/CareConnect-AdministrativeGender-1"}},{"extension":[{"url":"http://hl7.org/fhir/StructureDefinition/implementationguide-page","valueUri":"ConceptMap-CareConnect-MaritalStatus-1.html"}],"example":false,"sourceReference":{"reference":"ConceptMap/CareConnect-MaritalStatus-1"}},{"extension":[{"url":"http://hl7.org/fhir/StructureDefinition/implementationguide-page","valueUri":"ConceptMap-CareConnect-PersonNameType-1.html"}],"example":false,"sourceReference":{"reference":"ConceptMap/CareConnect-PersonNameType-1"}},{"extension":[{"url":"http://hl7.org/fhir/StructureDefinition/implementationguide-page","valueUri":"ConceptMap-CareConnect-AllergySeverity-1.html"}],"example":false,"sourceReference":{"reference":"ConceptMap/CareConnect-AllergySeverity-1"}},{"extension":[{"url":"http://hl7.org/fhir/StructureDefinition/implementationguide-page","valueUri":"ConceptMap-CareConnect-AllergyVerificationStatus-1.html"}],"example":false,"sourceReference":{"reference":"ConceptMap/CareConnect-AllergyVerificationStatus-1"}},{"extension":[{"url":"http://hl7.org/fhir/StructureDefinition/implementationguide-page","valueUri":"ConceptMap-CareConnect-ConditionEpisodicity-1.html"}],"example":false,"sourceReference":{"reference":"ConceptMap/CareConnect-ConditionEpisodicity-1"}},{"extension":[{"url":"http://hl7.org/fhir/StructureDefinition/implementationguide-page","valueUri":"CareConnect-ACVPU-Observation-Example-1.html"}],"example":true,"sourceReference":{"reference":"Observation/CareConnect-ACVPU-Observation-Example-1"}},{"extension":[{"url":"http://hl7.org/fhir/StructureDefinition/implementationguide-page","valueUri":"CareConnect-AllergyIntolerance-Example-1.html"}],"example":true,"sourceReference":{"reference":"AllergyIntolerance/CareConnect-AllergyIntolerance-Example-1"}},{"extension":[{"url":"http://hl7.org/fhir/StructureDefinition/implementationguide-page","valueUri":"CareConnect-Appointment-Example-1.html"}],"example":true,"sourceReference":{"reference":"Appointment/CareConnect-Appointment-Example-1"}},{"extension":[{"url":"http://hl7.org/fhir/StructureDefinition/implementationguide-page","valueUri":"CareConnect-BloodPressure-Observation-Example-1.html"}],"example":true,"sourceReference":{"reference":"Observation/CareConnect-BloodPressure-Observation-Example-1"}},{"extension":[{"url":"http://hl7.org/fhir/StructureDefinition/implementationguide-page","valueUri":"CareConnect-BodyTemperature-Observation-Example-1.html"}],"example":true,"sourceReference":{"reference":"Observation/CareConnect-BodyTemperature-Observation-Example-1"}},{"extension":[{"url":"http://hl7.org/fhir/StructureDefinition/implementationguide-page","valueUri":"CareConnect-Patient-Example-1.html"}],"example":true,"sourceReference":{"reference":"Patient/CareConnect-Patient-Example-1"}},{"extension":[{"url":"http://hl7.org/fhir/StructureDefinition/implementationguide-page","valueUri":"CareConnect-CarePlan-Example-1.html"}],"example":true,"sourceReference":{"reference":"CarePlan/CareConnect-CarePlan-Example-1"}},{"extension":[{"url":"http://hl7.org/fhir/StructureDefinition/implementationguide-page","valueUri":"CareConnect-Communication-Example-1.html"}],"example":true,"sourceReference":{"reference":"Communication/CareConnect-Communication-Example-1"}},{"extension":[{"url":"http://hl7.org/fhir/StructureDefinition/implementationguide-page","valueUri":"CareConnect-Practitioner-Example-1.html"}],"example":true,"sourceReference":{"reference":"Practitioner/CareConnect-Practitioner-Example-1"}},{"extension":[{"url":"http://hl7.org/fhir/StructureDefinition/implementationguide-page","valueUri":"CareConnect-Condition-Example-1.html"}],"example":true,"sourceReference":{"reference":"Condition/CareConnect-Condition-Example-1"}},{"extension":[{"url":"http://hl7.org/fhir/StructureDefinition/implementationguide-page","valueUri":"CareConnect-Composition-Example-1.html"}],"example":true,"sourceReference":{"reference":"Composition/CareConnect-Composition-Example-1"}},{"extension":[{"url":"http://hl7.org/fhir/StructureDefinition/implementationguide-page","valueUri":"CareConnect-Consent-Example-1.html"}],"example":true,"sourceReference":{"reference":"Consent/CareConnect-Consent-Example-1"}},{"extension":[{"url":"http://hl7.org/fhir/StructureDefinition/implementationguide-page","valueUri":"CareConnect-DiagnosticReport-Example-1.html"}],"example":true,"sourceReference":{"reference":"DiagnosticReport/CareConnect-DiagnosticReport-Example-1"}},{"extension":[{"url":"http://hl7.org/fhir/StructureDefinition/implementationguide-page","valueUri":"CareConnect-DocumentReference-Example-1.html"}],"example":true,"sourceReference":{"reference":"DocumentReference/CareConnect-DocumentReference-Example-1"}},{"extension":[{"url":"http://hl7.org/fhir/StructureDefinition/implementationguide-page","valueUri":"CareConnect-Encounter-Example-1.html"}],"example":true,"sourceReference":{"reference":"Encounter/CareConnect-Encounter-Example-1"}},{"extension":[{"url":"http://hl7.org/fhir/StructureDefinition/implementationguide-page","valueUri":"CareConnect-EpisodeOfCare-Example-1.html"}],"example":true,"sourceReference":{"reference":"EpisodeOfCare/CareConnect-EpisodeOfCare-Example-1"}},{"extension":[{"url":"http://hl7.org/fhir/StructureDefinition/implementationguide-page","valueUri":"CareConnect-FamilyMemberHistory-Example-1.html"}],"example":true,"sourceReference":{"reference":"FamilyMemberHistory/CareConnect-FamilyMemberHistory-Example-1"}},{"extension":[{"url":"http://hl7.org/fhir/StructureDefinition/implementationguide-page","valueUri":"CareConnect-Flag-Example-1.html"}],"example":true,"sourceReference":{"reference":"Flag/CareConnect-Flag-Example-1"}},{"extension":[{"url":"http://hl7.org/fhir/StructureDefinition/implementationguide-page","valueUri":"CareConnect-HealthcareService-Example-1.html"}],"example":true,"sourceReference":{"reference":"HealthcareService/CareConnect-HealthcareService-Example-1"}},{"extension":[{"url":"http://hl7.org/fhir/StructureDefinition/implementationguide-page","valueUri":"CareConnect-HeartRate-Observation-Example-1.html"}],"example":true,"sourceReference":{"reference":"Observation/CareConnect-HeartRate-Observation-Example-1"}},{"extension":[{"url":"http://hl7.org/fhir/StructureDefinition/implementationguide-page","valueUri":"CareConnect-Immunization-Example-1.html"}],"example":true,"sourceReference":{"reference":"Immunization/CareConnect-Immunization-Example-1"}},{"extension":[{"url":"http://hl7.org/fhir/StructureDefinition/implementationguide-page","valueUri":"CareConnect-InspiredOxygen-Observation-Example-1.html"}],"example":true,"sourceReference":{"reference":"Observation/CareConnect-InspiredOxygen-Observation-Example-1"}},{"extension":[{"url":"http://hl7.org/fhir/StructureDefinition/implementationguide-page","valueUri":"CareConnect-OxygenSaturation-Observation-Example-1.html"}],"example":true,"sourceReference":{"reference":"Observation/CareConnect-OxygenSaturation-Observation-Example-1"}},{"extension":[{"url":"http://hl7.org/fhir/StructureDefinition/implementationguide-page","valueUri":"CareConnect-List-Example-1.html"}],"example":true,"sourceReference":{"reference":"List/CareConnect-List-Example-1"}},{"extension":[{"url":"http://hl7.org/fhir/StructureDefinition/implementationguide-page","valueUri":"CareConnect-Medication-Flag-Example-1.html"}],"example":true,"sourceReference":{"reference":"Flag/CareConnect-Medication-Flag-Example-1"}},{"extension":[{"url":"http://hl7.org/fhir/StructureDefinition/implementationguide-page","valueUri":"CareConnect-Medication-Example-1.html"}],"example":true,"sourceReference":{"reference":"Medication/CareConnect-Medication-Example-1"}},{"extension":[{"url":"http://hl7.org/fhir/StructureDefinition/implementationguide-page","valueUri":"CareConnect-MedicationAdministration-Example-1.html"}],"example":true,"sourceReference":{"reference":"MedicationAdministration/CareConnect-MedicationAdministration-Example-1"}},{"extension":[{"url":"http://hl7.org/fhir/StructureDefinition/implementationguide-page","valueUri":"CareConnect-MedicationDispense-Example-1.html"}],"example":true,"sourceReference":{"reference":"MedicationDispense/CareConnect-MedicationDispense-Example-1"}},{"extension":[{"url":"http://hl7.org/fhir/StructureDefinition/implementationguide-page","valueUri":"CareConnect-MedicationRequest-Example-1.html"}],"example":true,"sourceReference":{"reference":"MedicationRequest/CareConnect-MedicationRequest-Example-1"}},{"extension":[{"url":"http://hl7.org/fhir/StructureDefinition/implementationguide-page","valueUri":"CareConnect-MedicationStatement-Example-1.html"}],"example":true,"sourceReference":{"reference":"MedicationStatement/CareConnect-MedicationStatement-Example-1"}},{"extension":[{"url":"http://hl7.org/fhir/StructureDefinition/implementationguide-page","valueUri":"CareConnect-Observation-Example-1.html"}],"example":true,"sourceReference":{"reference":"Observation/CareConnect-Observation-Example-1"}},{"extension":[{"url":"http://hl7.org/fhir/StructureDefinition/implementationguide-page","valueUri":"CareConnect-ProblemHeader-Condition-Example-1.html"}],"example":true,"sourceReference":{"reference":"Condition/CareConnect-ProblemHeader-Condition-Example-1"}},{"extension":[{"url":"http://hl7.org/fhir/StructureDefinition/implementationguide-page","valueUri":"CareConnect-Problem-List-Example-1.html"}],"example":true,"sourceReference":{"reference":"List/CareConnect-Problem-List-Example-1"}},{"extension":[{"url":"http://hl7.org/fhir/StructureDefinition/implementationguide-page","valueUri":"CareConnect-Procedure-Example-1.html"}],"example":true,"sourceReference":{"reference":"Procedure/CareConnect-Procedure-Example-1"}},{"extension":[{"url":"http://hl7.org/fhir/StructureDefinition/implementationguide-page","valueUri":"CareConnect-ProcedureRequest-Example-1.html"}],"example":true,"sourceReference":{"reference":"ProcedureRequest/CareConnect-ProcedureRequest-Example-1"}},{"extension":[{"url":"http://hl7.org/fhir/StructureDefinition/implementationguide-page","valueUri":"CareConnect-ReferralRequest-Example-1.html"}],"example":true,"sourceReference":{"reference":"ReferralRequest/CareConnect-ReferralRequest-Example-1"}},{"extension":[{"url":"http://hl7.org/fhir/StructureDefinition/implementationguide-page","valueUri":"CareConnect-RelatedPerson-Example-1.html"}],"example":true,"sourceReference":{"reference":"RelatedPerson/CareConnect-RelatedPerson-Example-1"}},{"extension":[{"url":"http://hl7.org/fhir/StructureDefinition/implementationguide-page","valueUri":"CareConnect-ResearchStudy-Example-1.html"}],"example":true,"sourceReference":{"reference":"ResearchStudy/CareConnect-ResearchStudy-Example-1"}},{"extension":[{"url":"http://hl7.org/fhir/StructureDefinition/implementationguide-page","valueUri":"CareConnect-RespiratoryRate-Observation-Example-1.html"}],"example":true,"sourceReference":{"reference":"Observation/CareConnect-RespiratoryRate-Observation-Example-1"}},{"extension":[{"url":"http://hl7.org/fhir/StructureDefinition/implementationguide-page","valueUri":"CareConnect-RiskAssessment-Example-1.html"}],"example":true,"sourceReference":{"reference":"RiskAssessment/CareConnect-RiskAssessment-Example-1"}},{"extension":[{"url":"http://hl7.org/fhir/StructureDefinition/implementationguide-page","valueUri":"CareConnect-Schedule-Example-1.html"}],"example":true,"sourceReference":{"reference":"Schedule/CareConnect-Schedule-Example-1"}},{"extension":[{"url":"http://hl7.org/fhir/StructureDefinition/implementationguide-page","valueUri":"CareConnect-Slot-Example-1.html"}],"example":true,"sourceReference":{"reference":"Slot/CareConnect-Slot-Example-1"}},{"extension":[{"url":"http://hl7.org/fhir/StructureDefinition/implementationguide-page","valueUri":"CareConnect-Specimen-Example-1.html"}],"example":true,"sourceReference":{"reference":"Specimen/CareConnect-Specimen-Example-1"}},{"extension":[{"url":"http://hl7.org/fhir/StructureDefinition/implementationguide-page","valueUri":"CareConnect-Subscore-Observation-Example-1.html"}],"example":true,"sourceReference":{"reference":"Observation/CareConnect-Subscore-Observation-Example-1"}},{"extension":[{"url":"http://hl7.org/fhir/StructureDefinition/implementationguide-page","valueUri":"CareConnect-VitalSigns-Observation-Example-1.html"}],"example":true,"sourceReference":{"reference":"Observation/CareConnect-VitalSigns-Observation-Example-1"}}]}]}