{"resourceType":"ValueSet","id":"ValueSet-CareConnect-SpecimenBodySite-1","text":{"status":"generated","div":"<div xmlns=\"http://www.w3.org/1999/xhtml\"><h2>Care Connect Specimen Body Site</h2><div><p>A code from the SNOMED Clinical Terminology UK coding system to record a specimen body site.</p>\n</div><p><b>Copyright Statement:</b> This value set includes content from SNOMED CT, which is copyright © 2002+ International Health Terminology Standards Development Organisation (IHTSDO), and distributed by agreement between IHTSDO and HL7. Implementer use of SNOMED CT is not covered by this agreement.</p><p>This value set includes codes from the following code systems:</p><ul><li>Include codes from <a href=\"http://www.snomed.org/\"><code>http://snomed.info/sct</code></a> where constraint  =  (&lt;442083009 |Anatomical or acquired body structure| OR &lt;49755003 |Morphologically abnormal structure|)</li></ul></div>"},"url":"https://fhir.hl7.org.uk/STU3/ValueSet/CareConnect-SpecimenBodySite-1","version":"2.1.1","name":"Care Connect Specimen Body Site","status":"draft","date":"2019-06-17T01:00:00+01:00","publisher":"HL7 UK","description":"A code from the SNOMED Clinical Terminology UK coding system to record a specimen body site.","copyright":"This value set includes content from SNOMED CT, which is copyright © 2002+ International Health Terminology Standards Development Organisation (IHTSDO), and distributed by agreement between IHTSDO and HL7. Implementer use of SNOMED CT is not covered by this agreement.","compose":{"include":[{"system":"http://snomed.info/sct","filter":[{"property":"constraint","op":"=","value":"(<442083009 |Anatomical or acquired body structure| OR <49755003 |Morphologically abnormal structure|)"}]}]}}