{"resourceType":"ValueSet","id":"ValueSet-CareConnect-ImmunizationExplanationReason-2","text":{"status":"generated","div":"<div xmlns=\"http://www.w3.org/1999/xhtml\"><h2>Care Connect Immunization Explanation Reason</h2><div><p>A code from the SNOMED Clinical Terminology UK coding system that represents the clinical indication or reason for administering the vaccine.</p>\n</div><p><b>Copyright Statement:</b> This value set includes content from SNOMED CT, which is copyright © 2002+ International Health Terminology Standards Development Organisation (IHTSDO), and distributed by agreement between IHTSDO and HL7. Implementer use of SNOMED CT is not covered by this agreement.</p><p>This value set includes codes from the following code systems:</p><ul><li>Include these codes as defined in <a href=\"http://www.snomed.org/\"><code>http://snomed.info/sct</code></a><table class=\"none\"><tr><td style=\"white-space:nowrap\"><b>Code</b></td><td><b>Display</b></td></tr><tr><td><a href=\"http://browser.ihtsdotools.org/?perspective=full&amp;conceptId1=171279008\">171279008</a></td><td>Immunization due</td><td/></tr><tr><td><a href=\"http://browser.ihtsdotools.org/?perspective=full&amp;conceptId1=414448007\">414448007</a></td><td>Identified as high risk for travel</td><td/></tr><tr><td><a href=\"http://browser.ihtsdotools.org/?perspective=full&amp;conceptId1=161096004\">161096004</a></td><td>Going to travel abroad</td><td/></tr><tr><td><a href=\"http://browser.ihtsdotools.org/?perspective=full&amp;conceptId1=506931000000109\">506931000000109</a></td><td>Recent travel to disease affected area</td><td/></tr><tr><td><a href=\"http://browser.ihtsdotools.org/?perspective=full&amp;conceptId1=78648007\">78648007</a></td><td>At risk for infection</td><td/></tr><tr><td><a href=\"http://browser.ihtsdotools.org/?perspective=full&amp;conceptId1=14679004\">14679004</a></td><td>Occupation</td><td/></tr><tr><td><a href=\"http://browser.ihtsdotools.org/?perspective=full&amp;conceptId1=134436002\">134436002</a></td><td>Lifestyle</td><td/></tr><tr><td><a href=\"http://browser.ihtsdotools.org/?perspective=full&amp;conceptId1=398192003\">398192003</a></td><td>Co-morbid conditions</td><td/></tr><tr><td><a href=\"http://browser.ihtsdotools.org/?perspective=full&amp;conceptId1=443684005\">443684005</a></td><td>Disease outbreak</td><td/></tr><tr><td><a href=\"http://browser.ihtsdotools.org/?perspective=full&amp;conceptId1=183995001\">183995001</a></td><td>Patient requested procedure</td><td/></tr><tr><td><a href=\"http://browser.ihtsdotools.org/?perspective=full&amp;conceptId1=444107005\">444107005</a></td><td>Exposure to communicable disease</td><td/></tr><tr><td><a href=\"http://browser.ihtsdotools.org/?perspective=full&amp;conceptId1=723620004\">723620004</a></td><td>Requires vaccination</td><td/></tr></table></li></ul></div>"},"url":"https://fhir.hl7.org.uk/STU3/ValueSet/CareConnect-ImmunizationExplanationReason-2","version":"2.1.0","name":"Care Connect Immunization Explanation Reason","status":"draft","date":"2018-11-01T00:00:00+00:00","publisher":"HL7 UK","description":"A code from the SNOMED Clinical Terminology UK coding system that represents the clinical indication or reason for administering the vaccine.","copyright":"This value set includes content from SNOMED CT, which is copyright © 2002+ International Health Terminology Standards Development Organisation (IHTSDO), and distributed by agreement between IHTSDO and HL7. Implementer use of SNOMED CT is not covered by this agreement.","compose":{"include":[{"system":"http://snomed.info/sct","concept":[{"code":"171279008","display":"Immunization due"},{"code":"414448007","display":"Identified as high risk for travel"},{"code":"161096004","display":"Going to travel abroad"},{"code":"506931000000109","display":"Recent travel to disease affected area"},{"code":"78648007","display":"At risk for infection"},{"code":"14679004","display":"Occupation"},{"code":"134436002","display":"Lifestyle"},{"code":"398192003","display":"Co-morbid conditions"},{"code":"443684005","display":"Disease outbreak"},{"code":"183995001","display":"Patient requested procedure"},{"code":"444107005","display":"Exposure to communicable disease"},{"code":"723620004","display":"Requires vaccination"}]}]}}