{"resourceType":"ValueSet","id":"ValueSet-CareConnect-PrescribedElsewhere-1","text":{"status":"generated","div":"<div xmlns=\"http://www.w3.org/1999/xhtml\"><h2>Care Connect Prescribed Elsewhere</h2><div><p>A ValueSet to identify the type of organisation/setting responsible for authorising and issuing medication outside of a GP system.</p>\n</div><p><b>Copyright Statement:</b> Copyright © 2016 HL7 UK</p><p>This value set includes codes from the following code systems:</p><ul><li>Include all codes defined in <a href=\"CodeSystem-CareConnect-PrescribedElsewhere-1.html\"><code>https://fhir.hl7.org.uk/STU3/CodeSystem/CareConnect-PrescribedElsewhere-1</code></a></li></ul></div>"},"url":"https://fhir.hl7.org.uk/STU3/ValueSet/CareConnect-PrescribedElsewhere-1","version":"1.0.0","name":"Care Connect Prescribed Elsewhere","status":"draft","date":"2018-05-14T01:00:00+01:00","publisher":"HL7 UK","description":"A ValueSet to identify the type of organisation/setting responsible for authorising and issuing medication outside of a GP system.","copyright":"Copyright © 2016 HL7 UK","compose":{"include":[{"system":"https://fhir.hl7.org.uk/STU3/CodeSystem/CareConnect-PrescribedElsewhere-1"}]}}