{"resourceType":"ValueSet","id":"ValueSet-CareConnect-ACVPU-1","text":{"status":"generated","div":"<div xmlns=\"http://www.w3.org/1999/xhtml\"><h2>Care Connect ACVPU</h2><div><p>A code from the SNOMED Clinical Terminology UK coding system which describes whether a patient is mentally alert, unresponsive, responds to voice, responds to pain or is acutely confused.</p>\n</div><p><b>Copyright Statement:</b> This value set includes content from SNOMED CT, which is copyright © 2002+ International Health Terminology Standards Development Organisation (IHTSDO), and distributed by agreement between IHTSDO and HL7. Implementer use of SNOMED CT is not covered by this agreement.</p><p>This value set includes codes from the following code systems:</p><ul><li>Include codes from <a href=\"http://www.snomed.org/\"><code>http://snomed.info/sct</code></a> where constraint  =  (248234008 |Mentally alert| OR 300202002 |Responds to voice| OR 450847001 |Responds to pain| OR 422768004 |Unresponsive| OR 130987000 |Acute confusion|)</li></ul></div>"},"url":"https://fhir.hl7.org.uk/STU3/ValueSet/CareConnect-ACVPU-1","version":"1.0.1","name":"Care Connect ACVPU","status":"draft","date":"2018-11-08T16:01:00+00:00","publisher":"HL7 UK","description":"A code from the SNOMED Clinical Terminology UK coding system which describes whether a patient is mentally alert, unresponsive, responds to voice, responds to pain or is acutely confused.","copyright":"This value set includes content from SNOMED CT, which is copyright © 2002+ International Health Terminology Standards Development Organisation (IHTSDO), and distributed by agreement between IHTSDO and HL7. Implementer use of SNOMED CT is not covered by this agreement.","compose":{"include":[{"system":"http://snomed.info/sct","filter":[{"property":"constraint","op":"=","value":"(248234008 |Mentally alert| OR 300202002 |Responds to voice| OR 450847001 |Responds to pain| OR 422768004 |Unresponsive| OR 130987000 |Acute confusion|)"}]}]}}