{"resourceType":"ValueSet","id":"ValueSet-CareConnect-VaccineCode-1","text":{"status":"generated","div":"<div xmlns=\"http://www.w3.org/1999/xhtml\"><h2>Care Connect Vaccine Code</h2><div><p>A code from the SNOMED Clinical Terminology UK coding system to record a vaccine or a null flavor value.</p>\n</div><p><b>Copyright Statement:</b> This value set includes content from SNOMED CT, which is copyright © 2002+ International Health Terminology Standards Development Organisation (IHTSDO), and distributed by agreement between IHTSDO and HL7. Implementer use of SNOMED CT is not covered by this agreement.</p><p>This value set includes codes from the following code systems:</p><ul><li>Include codes from <a href=\"http://www.snomed.org/\"><code>http://snomed.info/sct</code></a> where concept  in  999000811000001105, concept  in  12465201000001105, concept  in  999000831000001104, concept  in  999000841000001106 and concept  in  999000821000001101</li><li>Include codes from <a href=\"http://hl7.org/fhir/STU3/v3/NullFlavor/cs.html\"><code>http://hl7.org/fhir/v3/NullFlavor</code></a> where concept  =  <a href=\"http://hl7.org/fhir/STU3/v3/NullFlavor/cs.html#v3-NullFlavor-NAVU\">NAVU</a>, concept  =  <a href=\"http://hl7.org/fhir/STU3/v3/NullFlavor/cs.html#v3-NullFlavor-UNC\">UNC</a>, concept  =  <a href=\"http://hl7.org/fhir/STU3/v3/NullFlavor/cs.html#v3-NullFlavor-UNK\">UNK</a> and concept  =  <a href=\"http://hl7.org/fhir/STU3/v3/NullFlavor/cs.html#v3-NullFlavor-NA\">NA</a></li></ul></div>"},"url":"https://fhir.hl7.org.uk/STU3/ValueSet/CareConnect-VaccineCode-1","version":"1.0.0","name":"Care Connect Vaccine Code","status":"draft","date":"2018-05-04T01:00:00+01:00","publisher":"HL7 UK","description":"A code from the SNOMED Clinical Terminology UK coding system to record a vaccine or a null flavor value.","copyright":"This value set includes content from SNOMED CT, which is copyright © 2002+ International Health Terminology Standards Development Organisation (IHTSDO), and distributed by agreement between IHTSDO and HL7. Implementer use of SNOMED CT is not covered by this agreement.","compose":{"include":[{"system":"http://snomed.info/sct","filter":[{"property":"concept","op":"in","value":"999000811000001105"},{"property":"concept","op":"in","value":"12465201000001105"},{"property":"concept","op":"in","value":"999000831000001104"},{"property":"concept","op":"in","value":"999000841000001106"},{"property":"concept","op":"in","value":"999000821000001101"}]},{"system":"http://hl7.org/fhir/v3/NullFlavor","filter":[{"property":"concept","op":"=","value":"NAVU"},{"property":"concept","op":"=","value":"UNC"},{"property":"concept","op":"=","value":"UNK"},{"property":"concept","op":"=","value":"NA"}]}]}}