"Path","Slice Name","Alias(s)","Label","Min","Max","Must Support?","Is Modifier?","Is Summary?","Type(s)","Short","Definition","Comments","Requirements","Default Value","Meaning When Missing","Fixed Value","Pattern","Example","Minimum Value","Maximum Value","Maximum Length","Binding Strength","Binding Description","Binding Value Set","Code","Slicing Discriminator","Slicing Description","Slicing Ordered","Slicing Rules","Base Path","Base Min","Base Max","Condition(s)","Constraint(s)","Mapping: Workflow Mapping","Mapping: Mapping to NCPDP SCRIPT 10.6","Mapping: RIM Mapping","Mapping: W5 Mapping","Mapping: HL7 v2 Mapping"
"MedicationRequest","","Prescription
Order","",0,*,"","","","","Ordering of medication for patient or group","An order or request for both supply of the medication and the instructions for administration of the medication to a patient. The resource is called ""MedicationRequest"" rather than ""MedicationPrescription"" or ""MedicationOrder"" to generalize the use across inpatient and outpatient settings, including care plans, etc., and to harmonize with workflow patterns.","","","","","","","","","",,,,,"",,,,"MedicationRequest",0,*,"","dom-2:If the resource is contained in another resource, it SHALL NOT contain nested Resources {contained.contained.empty()}
dom-1:If the resource is contained in another resource, it SHALL NOT contain any narrative {contained.text.empty()}dom-4:If a resource is contained in another resource, it SHALL NOT have a meta.versionId or a meta.lastUpdated {contained.meta.versionId.empty() and contained.meta.lastUpdated.empty()}dom-3:If the resource is contained in another resource, it SHALL be referred to from elsewhere in the resource {contained.where(('#'+id in %resource.descendants().reference).not()).empty()}","..Request","Message/Body/NewRx","Entity. Role, or Act","CombinedMedicationRequest","clinical.medication"
"MedicationRequest.id","","","",0,1,"","","Y","id {[]} {[]}
","Logical id of this artifact","The logical id of the resource, as used in the URL for the resource. Once assigned, this value never changes.","The only time that a resource does not have an id is when it is being submitted to the server using a create operation.","","","","","","","","",,,,,"",,,,"Resource.id",0,1,"",""
"MedicationRequest.meta","","","",0,1,"","","Y","Meta {[]} {[]}
","Metadata about the resource","The metadata about the resource. This is content that is maintained by the infrastructure. Changes to the content may not always be associated with version changes to the resource.","","","","","","","","","",,,,,"",,,,"Resource.meta",0,1,"",""
"MedicationRequest.implicitRules","","","",0,1,"","Y","Y","uri {[]} {[]}
","A set of rules under which this content was created","A reference to a set of rules that were followed when the resource was constructed, and which must be understood when processing the content.","Asserting this rule set restricts the content to be only understood by a limited set of trading partners. This inherently limits the usefulness of the data in the long term. However, the existing health eco-system is highly fractured, and not yet ready to define, collect, and exchange data in a generally computable sense. Wherever possible, implementers and/or specification writers should avoid using this element. 

This element is labelled as a modifier because the implicit rules may provide additional knowledge about the resource that modifies it's meaning or interpretation.","","","","","","","","",,,,,"",,,,"Resource.implicitRules",0,1,"",""
"MedicationRequest.language","","","",0,1,"","","","code {[]} {[]}
","Language of the resource content","The base language in which the resource is written.","Language is provided to support indexing and accessibility (typically, services such as text to speech use the language tag). The html language tag in the narrative applies  to the narrative. The language tag on the resource may be used to specify the language of other presentations generated from the data in the resource  Not all the content has to be in the base language. The Resource.language should not be assumed to apply to the narrative automatically. If a language is specified, it should it also be specified on the div element in the html (see rules in HTML5 for information about the relationship between xml:lang and the html lang attribute).","","","","","","","","",,"extensible","A human language.","http://hl7.org/fhir/ValueSet/languages","",,,,"Resource.language",0,1,"",""
"MedicationRequest.text","","narrative
htmlxhtmldisplay","",0,1,"","","","Narrative {[]} {[]}
","Text summary of the resource, for human interpretation","A human-readable narrative that contains a summary of the resource, and may be used to represent the content of the resource to a human. The narrative need not encode all the structured data, but is required to contain sufficient detail to make it ""clinically safe"" for a human to just read the narrative. Resource definitions may define what content should be represented in the narrative to ensure clinical safety.","Contained resources do not have narrative. Resources that are not contained SHOULD have a narrative. In some cases, a resource may only have text with little or no additional discrete data (as long as all minOccurs=1 elements are satisfied).  This may be necessary for data from legacy systems where information is captured as a ""text blob"" or where text is additionally entered raw or narrated and encoded in formation is added later.","","","","","","","","",,,,,"",,,,"DomainResource.text",0,1,"dom-1
","","Act.text?"
"MedicationRequest.contained","","inline resources
anonymous resourcescontained resources","",0,*,"","","","Resource {[]} {[]}
","Contained, inline Resources","These resources do not have an independent existence apart from the resource that contains them - they cannot be identified independently, and nor can they have their own independent transaction scope.","This should never be done when the content can be identified properly, as once identification is lost, it is extremely difficult (and context dependent) to restore it again.","","","","","","","","",,,,,"",,,,"DomainResource.contained",0,*,"","","N/A"
"MedicationRequest.extension","","","",0,*,"","","","Extension {[]} {[]}
","Extension","An Extension","","","","","","","","","",,,,,"","value:url}
","",,"open","DomainResource.extension",0,*,"",""
"MedicationRequest.extension","repeatInformation","","",0,*,"","","","Extension {[CanonicalType[https://fhir.hl7.org.uk/STU3/StructureDefinition/Extension-CareConnect-MedicationRepeatInformation-1]]} {[]}
","Extension","An Extension","","","","","","","","","",,,,,"",,,,"DomainResource.extension",0,*,"",""
"MedicationRequest.extension","statusReason","","",0,*,"","","","Extension {[CanonicalType[https://fhir.hl7.org.uk/STU3/StructureDefinition/Extension-CareConnect-MedicationStatusReason-1]]} {[]}
","Extension","An Extension","","","","","","","","","",,,,,"",,,,"DomainResource.extension",0,*,"",""
"MedicationRequest.extension","prescriptionType","","",0,*,"","","","Extension {[CanonicalType[https://fhir.hl7.org.uk/STU3/StructureDefinition/Extension-CareConnect-PrescriptionType-1]]} {[]}
","Extension","An Extension","","","","","","","","","",,,,,"",,,,"DomainResource.extension",0,*,"",""
"MedicationRequest.modifierExtension","","extensions
user content","",0,*,"","Y","","Extension {[]} {[]}
","Extensions that cannot be ignored","May be used to represent additional information that is not part of the basic definition of the resource, and that modifies the understanding of the element that contains it. Usually modifier elements provide negation or qualification. In order to make the use of extensions safe and manageable, there is a strict set of governance applied to the definition and use of extensions. Though any implementer is allowed to define an extension, there is a set of requirements that SHALL be met as part of the definition of the extension. Applications processing a resource are required to check for modifier extensions.","There can be no stigma associated with the use of extensions by any application, project, or standard - regardless of the institution or jurisdiction that uses or defines the extensions.  The use of extensions is what allows the FHIR specification to retain a core level of simplicity for everyone.","","","","","","","","",,,,,"",,,,"DomainResource.modifierExtension",0,*,"","","N/A"
"MedicationRequest.identifier","","","",0,*,"","","","Identifier {[]} {[]}
","External ids for this request","This records identifiers associated with this medication request that are defined by business processes and/or used to refer to it when a direct URL reference to the resource itself is not appropriate. For example a re-imbursement system might issue its own id for each prescription that is created.  This is particularly important where FHIR only provides part of an entire workflow process where records must be tracked through an entire system.","","","","","","","","","",,,,,"",,,,"MedicationRequest.identifier",0,*,"","","…identifer","Message/Header/PrescriberOrderNumber",".id","id","ORC-2-Placer Order Number / ORC-3-Filler Order Number"
"MedicationRequest.identifier.id","","","",0,1,"","","","string {[]} {[]}
","xml:id (or equivalent in JSON)","unique id for the element within a resource (for internal references). This may be any string value that does not contain spaces.","","","","","","","","","",,,,,"",,,,"Element.id",0,1,"","","n/a"
"MedicationRequest.identifier.extension","","extensions
user content","",0,*,"","","","Extension {[]} {[]}
","Additional Content defined by implementations","May be used to represent additional information that is not part of the basic definition of the element. In order to make the use of extensions safe and manageable, there is a strict set of governance  applied to the definition and use of extensions. Though any implementer is allowed to define an extension, there is a set of requirements that SHALL be met as part of the definition of the extension.","There can be no stigma associated with the use of extensions by any application, project, or standard - regardless of the institution or jurisdiction that uses or defines the extensions.  The use of extensions is what allows the FHIR specification to retain a core level of simplicity for everyone.","","","","","","","","",,,,,"","value:url}
","Extensions are always sliced by (at least) url",,"open","Element.extension",0,*,"","","n/a"
"MedicationRequest.identifier.use","","","",0,1,"","Y","Y","code {[]} {[]}
","usual | official | temp | secondary (If known)","The purpose of this identifier.","This is labeled as ""Is Modifier"" because applications should not mistake a temporary id for a permanent one. Applications can assume that an identifier is permanent unless it explicitly says that it is temporary.","Allows the appropriate identifier for a particular context of use to be selected from among a set of identifiers.","","","","","","","",,"required","Identifies the purpose for this identifier, if known .","http://hl7.org/fhir/ValueSet/identifier-use","",,,,"Identifier.use",0,1,"","","Role.code or implied by context","N/A"
"MedicationRequest.identifier.type","","","",0,1,"","","Y","CodeableConcept {[]} {[]}
","Description of identifier","A coded type for the identifier that can be used to determine which identifier to use for a specific purpose.","This element deals only with general categories of identifiers.  It SHOULD not be used for codes that correspond 1..1 with the Identifier.system. Some identifiers may fall into multiple categories due to common usage. 

Where the system is known, a type is unnecessary because the type is always part of the system definition. However systems often need to handle identifiers where the system is not known. There is not a 1:1 relationship between type and system, since many different systems have the same type.","Allows users to make use of identifiers when the identifier system is not known.","","","","","","","",,"extensible","A coded type for an identifier that can be used to determine which identifier to use for a specific purpose.","http://hl7.org/fhir/ValueSet/identifier-type","",,,,"Identifier.type",0,1,"","","Role.code or implied by context","CX.5"
"MedicationRequest.identifier.system","","","",1,1,"","","Y","uri {[]} {[]}
","The namespace for the identifier value","Establishes the namespace for the value - that is, a URL that describes a set values that are unique.","","There are many sets  of identifiers.  To perform matching of two identifiers, we need to know what set we're dealing with. The system identifies a particular set of unique identifiers.","","","","","<valueUri xmlns=""http://hl7.org/fhir"" value=""http://www.acme.com/identifiers/patient or urn:ietf:rfc:3986 if the Identifier.value itself is a full uri""/>","","",,,,,"",,,,"Identifier.system",0,1,"","","II.root or Role.id.root","CX.4 / EI-2-4"
"MedicationRequest.identifier.value","","","",1,1,"","","Y","string {[]} {[]}
","The value that is unique","The portion of the identifier typically relevant to the user and which is unique within the context of the system.","If the value is a full URI, then the system SHALL be urn:ietf:rfc:3986.  The value's primary purpose is computational mapping.  As a result, it may be normalized for comparison purposes (e.g. removing non-significant whitespace, dashes, etc.)  A value formatted for human display can be conveyed using the [Rendered Value extension](http://hl7.org/fhir/STU3/extension-rendered-value.html).","","","","","","<valueString xmlns=""http://hl7.org/fhir"" value=""123456""/>","","",,,,,"",,,,"Identifier.value",0,1,"","","II.extension or II.root if system indicates OID or GUID (Or Role.id.extension or root)","CX.1 / EI.1"
"MedicationRequest.identifier.period","","","",0,1,"","","Y","Period {[]} {[]}
","Time period when id is/was valid for use","Time period during which identifier is/was valid for use.","","","","","","","","","",,,,,"",,,,"Identifier.period",0,1,"","","Role.effectiveTime or implied by context","CX.7 + CX.8"
"MedicationRequest.identifier.assigner","","","",0,1,"","","Y","Reference {[]} {[CanonicalType[https://fhir.hl7.org.uk/STU3/StructureDefinition/CareConnect-Organization-1]]}
","Organization that issued id (may be just text)","Organization that issued/manages the identifier.","The Identifier.assigner may omit the .reference element and only contain a .display element reflecting the name or other textual information about the assigning organization.","","","","","","","","",,,,,"",,,,"Identifier.assigner",0,1,"","","II.assigningAuthorityName but note that this is an improper use by the definition of the field.  Also Role.scoper","CX.4 / (CX.4,CX.9,CX.10)"
"MedicationRequest.definition","","","",0,*,"","","Y","Reference {[]} {[CanonicalType[http://hl7.org/fhir/StructureDefinition/ActivityDefinition], CanonicalType[http://hl7.org/fhir/StructureDefinition/PlanDefinition]]}
","Protocol or definition","Protocol or definition followed by this request.","","","","","","","","","",,,,,"",,,,"MedicationRequest.definition",0,*,"","","…definition",".outboundRelationship[typeCode=DEFN].target[classCode=unspecified]"
"MedicationRequest.basedOn","","","",0,*,"","","Y","Reference {[]} {[CanonicalType[http://hl7.org/fhir/StructureDefinition/CarePlan], CanonicalType[http://hl7.org/fhir/StructureDefinition/ProcedureRequest], CanonicalType[http://hl7.org/fhir/StructureDefinition/ReferralRequest], CanonicalType[https://fhir.hl7.org.uk/STU3/StructureDefinition/CareConnect-MedicationRequest-1]]}
","What request fulfills","A plan or request that is fulfilled in whole or in part by this medication request.","","","","","","","","","",,,,,"",,,,"MedicationRequest.basedOn",0,*,"","","…basedOn",".outboundRelationship[typeCode=FLFS].target[classCode=SBADM or PROC or PCPR or OBS, moodCode=RQO orPLAN or PRP]"
"MedicationRequest.groupIdentifier","","","",0,1,"","","Y","Identifier {[]} {[]}
","Composite request this is part of","A shared identifier common to all requests that were authorized more or less simultaneously by a single author, representing the identifier of the requisition or prescription.","","Requests are linked either by a ""basedOn"" relationship (i.e. one request is fulfilling another) or by having a common requisition. Requests that are part of the same requisition are generally treated independently from the perspective of changing their state or maintaining them after initial creation.","","","","","","","",,,,,"",,,,"MedicationRequest.groupIdentifier",0,1,"","","…groupIdentifier",".outboundRelationship(typeCode=COMP].target[classCode=SBADM, moodCode=INT].id"
"MedicationRequest.groupIdentifier.id","","","",0,1,"","","","string {[]} {[]}
","xml:id (or equivalent in JSON)","unique id for the element within a resource (for internal references). This may be any string value that does not contain spaces.","","","","","","","","","",,,,,"",,,,"Element.id",0,1,"","","n/a"
"MedicationRequest.groupIdentifier.extension","","extensions
user content","",0,*,"","","","Extension {[]} {[]}
","Additional Content defined by implementations","May be used to represent additional information that is not part of the basic definition of the element. In order to make the use of extensions safe and manageable, there is a strict set of governance  applied to the definition and use of extensions. Though any implementer is allowed to define an extension, there is a set of requirements that SHALL be met as part of the definition of the extension.","There can be no stigma associated with the use of extensions by any application, project, or standard - regardless of the institution or jurisdiction that uses or defines the extensions.  The use of extensions is what allows the FHIR specification to retain a core level of simplicity for everyone.","","","","","","","","",,,,,"","value:url}
","Extensions are always sliced by (at least) url",,"open","Element.extension",0,*,"","","n/a"
"MedicationRequest.groupIdentifier.use","","","",0,1,"","Y","Y","code {[]} {[]}
","usual | official | temp | secondary (If known)","The purpose of this identifier.","This is labeled as ""Is Modifier"" because applications should not mistake a temporary id for a permanent one. Applications can assume that an identifier is permanent unless it explicitly says that it is temporary.","Allows the appropriate identifier for a particular context of use to be selected from among a set of identifiers.","","","","","","","",,"required","Identifies the purpose for this identifier, if known .","http://hl7.org/fhir/ValueSet/identifier-use","",,,,"Identifier.use",0,1,"","","Role.code or implied by context","N/A"
"MedicationRequest.groupIdentifier.type","","","",0,1,"","","Y","CodeableConcept {[]} {[]}
","Description of identifier","A coded type for the identifier that can be used to determine which identifier to use for a specific purpose.","This element deals only with general categories of identifiers.  It SHOULD not be used for codes that correspond 1..1 with the Identifier.system. Some identifiers may fall into multiple categories due to common usage. 

Where the system is known, a type is unnecessary because the type is always part of the system definition. However systems often need to handle identifiers where the system is not known. There is not a 1:1 relationship between type and system, since many different systems have the same type.","Allows users to make use of identifiers when the identifier system is not known.","","","","","","","",,"extensible","A coded type for an identifier that can be used to determine which identifier to use for a specific purpose.","http://hl7.org/fhir/ValueSet/identifier-type","",,,,"Identifier.type",0,1,"","","Role.code or implied by context","CX.5"
"MedicationRequest.groupIdentifier.system","","","",0,1,"","","Y","uri {[]} {[]}
","The namespace for the identifier value","Establishes the namespace for the value - that is, a URL that describes a set values that are unique.","","There are many sets  of identifiers.  To perform matching of two identifiers, we need to know what set we're dealing with. The system identifies a particular set of unique identifiers.","","","","","<valueUri xmlns=""http://hl7.org/fhir"" value=""http://www.acme.com/identifiers/patient or urn:ietf:rfc:3986 if the Identifier.value itself is a full uri""/>","","",,,,,"",,,,"Identifier.system",0,1,"","","II.root or Role.id.root","CX.4 / EI-2-4"
"MedicationRequest.groupIdentifier.value","","","",0,1,"","","Y","string {[]} {[]}
","The value that is unique","The portion of the identifier typically relevant to the user and which is unique within the context of the system.","If the value is a full URI, then the system SHALL be urn:ietf:rfc:3986.  The value's primary purpose is computational mapping.  As a result, it may be normalized for comparison purposes (e.g. removing non-significant whitespace, dashes, etc.)  A value formatted for human display can be conveyed using the [Rendered Value extension](http://hl7.org/fhir/STU3/extension-rendered-value.html).","","","","","","<valueString xmlns=""http://hl7.org/fhir"" value=""123456""/>","","",,,,,"",,,,"Identifier.value",0,1,"","","II.extension or II.root if system indicates OID or GUID (Or Role.id.extension or root)","CX.1 / EI.1"
"MedicationRequest.groupIdentifier.period","","","",0,1,"","","Y","Period {[]} {[]}
","Time period when id is/was valid for use","Time period during which identifier is/was valid for use.","","","","","","","","","",,,,,"",,,,"Identifier.period",0,1,"","","Role.effectiveTime or implied by context","CX.7 + CX.8"
"MedicationRequest.groupIdentifier.assigner","","","",0,1,"","","Y","Reference {[]} {[CanonicalType[https://fhir.hl7.org.uk/STU3/StructureDefinition/CareConnect-Organization-1]]}
","Organization that issued id (may be just text)","Organization that issued/manages the identifier.","The Identifier.assigner may omit the .reference element and only contain a .display element reflecting the name or other textual information about the assigning organization.","","","","","","","","",,,,,"",,,,"Identifier.assigner",0,1,"","","II.assigningAuthorityName but note that this is an improper use by the definition of the field.  Also Role.scoper","CX.4 / (CX.4,CX.9,CX.10)"
"MedicationRequest.status","","","",0,1,"","Y","Y","code {[]} {[]}
","active | on-hold | cancelled | completed | entered-in-error | stopped | draft | unknown","A code specifying the current state of the order.  Generally this will be active or completed state.","This element is labeled as a modifier because the status contains codes that mark the resource as not currently valid.","","","","","","","","",,"required","A coded concept specifying the state of the prescribing event. Describes the lifecycle of the prescription","http://hl7.org/fhir/ValueSet/medication-request-status","",,,,"MedicationRequest.status",0,1,"","","…status","no mapping",".statusCode","status"
"MedicationRequest.intent","","","",1,1,"","Y","Y","code {[]} {[]}
","proposal | plan | order | instance-order","Whether the request is a proposal, plan, or an original order.","It is expected that the type of requester will be restricted for different stages of a MedicationRequest.  For example, Proposals can be created by a patient, relatedPerson, Practitioner or Device.  Plans can be created by Practitioners, Patients, RelatedPersons and Devices.  Original orders can be created by a Practitioner only.An instance-order is an instantiation of a request or order and may be used to populate Medication Administration Record.

This element is labeled as a modifier because the intent alters when and how the resource is actually applicable.","","","","","","","","",,"required","The kind of medication order","http://hl7.org/fhir/ValueSet/medication-request-intent","",,,,"MedicationRequest.intent",1,1,"","","…intent",".moodCode (nuances beyond PRP/PLAN/RQO would need to be elsewhere)","class"
"MedicationRequest.category","","","",0,1,"","","","CodeableConcept {[]} {[]}
","Type of medication usage","Indicates the type of medication order and where the medication is expected to be consumed or administered.","","","","","","","","","",,"preferred","A coded concept identifying where the medication ordered is expected to be consumed or administered","http://hl7.org/fhir/ValueSet/medication-request-category","",,,,"MedicationRequest.category",0,1,"","","Message/Body/NewRx/MedicationPrescribed/Directionsor Message/Body/NewRx/MedicationPrescribed/StructuredSIG",".inboundRelationship[typeCode=COMP].source[classCode=OBS, moodCode=EVN, code=""type of medication usage""].value","class"
"MedicationRequest.priority","","","",0,1,"","","Y","code {[]} {[]}
","routine | urgent | stat | asap","Indicates how quickly the Medication Request should be addressed with respect to other requests.","","","","","","","","","",,"required","Identifies the level of importance to be assigned to actioning the request","http://hl7.org/fhir/ValueSet/medication-request-priority","",,,,"MedicationRequest.priority",0,1,"","","…priority",".priorityCode","grade"
"MedicationRequest.medicationReference","medicationReference","","",1,1,"","","Y","Reference {[]} {[CanonicalType[https://fhir.hl7.org.uk/STU3/StructureDefinition/CareConnect-Medication-1]]}
","Medication to be taken","Identifies the medication being requested. This is a link to a resource that represents the medication which may be the details of the medication or simply an attribute carrying a code that identifies the medication from a known list of medications.","If only a code is specified, then it needs to be a code for a specific product. If more information is required, then the use of the medication resource is recommended.  For example, if you require form or lot number or if the medication is compounded or extemporaneously prepared, then you must reference the Medication resource. .","","","","","","","","",,,,,"",,,,"MedicationRequest.medication[x]",1,1,"","","…code","Message/Body/NewRx/MedicationPrescribedMedication.code.coding.code = Message/Body/NewRx/MedicationPrescribed/DrugCoded/ProductCodeMedication.code.coding.system = Message/Body/NewRx/MedicationPrescribed/DrugCoded/ProductCodeQualifierMedication.code.coding.display = Message/Body/NewRx/MedicationPrescribed/DrugDescription","consumable.administrableMedication","what","RXE-2-Give Code / RXO-1-Requested Give Code / RXC-2-Component Code"
"MedicationRequest.subject","","","",1,1,"","","Y","Reference {[]} {[CanonicalType[http://hl7.org/fhir/StructureDefinition/Group], CanonicalType[https://fhir.hl7.org.uk/STU3/StructureDefinition/CareConnect-Patient-1]]}
","Who or group medication request is for","A link to a resource representing the person or set of individuals to whom the medication will be given.","The subject on a medication request is mandatory.  For the secondary use case where the actual subject is not provided, there still must be an anonymized subject specified.","","","","","","","","",,,,,"",,,,"MedicationRequest.subject",1,1,"","","…subject","Message/Body/NewRx/Patient(need detail to link to specific patient … Patient.Identification in SCRIPT)",".participation[typeCode=AUT].role","who.focus","PID-3-Patient ID List"
"MedicationRequest.context","","","",0,1,"","","","Reference {[]} {[CanonicalType[http://hl7.org/fhir/StructureDefinition/EpisodeOfCare], CanonicalType[https://fhir.hl7.org.uk/STU3/StructureDefinition/CareConnect-Encounter-1]]}
","Created during encounter/admission/stay","A link to an encounter, or episode of care, that identifies the particular occurrence or set occurrences of contact between patient and health care provider.","SubstanceAdministration->component->EncounterEvent.","","","","","","","","",,,,,"",,,,"MedicationRequest.context",0,1,"","","…context","no mapping",".inboundRelationship[typeCode=COMP].source[classCode=ENC, moodCode=EVN, code=""type of encounter or episode""]","context","PV1-19-Visit Number"
"MedicationRequest.supportingInformation","","","",0,*,"","","","Reference {[]} {[CanonicalType[http://hl7.org/fhir/StructureDefinition/Resource]]}
","Information to support ordering of the medication","Include additional information (for example, patient height and weight) that supports the ordering of the medication.","","","","","","","","","",,,,,"",,,,"MedicationRequest.supportingInformation",0,*,"","",".outboundRelationship[typeCode=PERT].target[A_SupportingClinicalStatement CMET minimal with many different choices of classCodes(ORG, ENC, PROC, SPLY, SBADM, OBS) and each of the act class codes draws from one or more of the following moodCodes (EVN, DEF, INT PRMS, RQO, PRP, APT, ARQ, GOL)]","context"
"MedicationRequest.authoredOn","","","",0,1,"","","Y","dateTime {[]} {[]}
","When request was initially authored","The date (and perhaps time) when the prescription was initially written or authored on.","","","","","","","","","",,,,,"",,,,"MedicationRequest.authoredOn",0,1,"","","…authoredOn","Message/Body/NewRx/MedicationPrescribed/WrittenDate","author.time","when.recorded","RXE-32-Original Order Date/Time / ORC-9-Date/Time of Transaction"
"MedicationRequest.requester","","","",0,1,"","","Y","BackboneElement {[]} {[]}
","Who/What requested the Request","The individual, organization or device that initiated the request and has responsibility for its activation.","","","","","","","","","",,,,,"",,,,"MedicationRequest.requester",0,1,"","ele-1:All FHIR elements must have a @value or children {hasValue() | (children().count() > id.count())}
mps-1:onBehalfOf can only be specified if agent is practitioner or device {(agent.resolve().empty()) or (agent.resolve() is Device) or (agent.resolve() is Practitioner) or onBehalfOf.exists().not()}","…requester",".participation[typeCode=AUT].role","who.author"
"MedicationRequest.requester.id","","","",0,1,"","","","string {[]} {[]}
","xml:id (or equivalent in JSON)","unique id for the element within a resource (for internal references). This may be any string value that does not contain spaces.","","","","","","","","","",,,,,"",,,,"Element.id",0,1,"","","n/a"
"MedicationRequest.requester.extension","","extensions
user content","",0,*,"","","","Extension {[]} {[]}
","Additional Content defined by implementations","May be used to represent additional information that is not part of the basic definition of the element. In order to make the use of extensions safe and manageable, there is a strict set of governance  applied to the definition and use of extensions. Though any implementer is allowed to define an extension, there is a set of requirements that SHALL be met as part of the definition of the extension.","There can be no stigma associated with the use of extensions by any application, project, or standard - regardless of the institution or jurisdiction that uses or defines the extensions.  The use of extensions is what allows the FHIR specification to retain a core level of simplicity for everyone.","","","","","","","","",,,,,"",,,,"Element.extension",0,*,"","","n/a"
"MedicationRequest.requester.modifierExtension","","extensions
user contentmodifiers","",0,*,"","Y","Y","Extension {[]} {[]}
","Extensions that cannot be ignored","May be used to represent additional information that is not part of the basic definition of the element, and that modifies the understanding of the element that contains it. Usually modifier elements provide negation or qualification. In order to make the use of extensions safe and manageable, there is a strict set of governance applied to the definition and use of extensions. Though any implementer is allowed to define an extension, there is a set of requirements that SHALL be met as part of the definition of the extension. Applications processing a resource are required to check for modifier extensions.","There can be no stigma associated with the use of extensions by any application, project, or standard - regardless of the institution or jurisdiction that uses or defines the extensions.  The use of extensions is what allows the FHIR specification to retain a core level of simplicity for everyone.","","","","","","","","",,,,,"",,,,"BackboneElement.modifierExtension",0,*,"","","N/A"
"MedicationRequest.requester.agent","","","",1,1,"","","Y","Reference {[]} {[CanonicalType[http://hl7.org/fhir/StructureDefinition/RelatedPerson], CanonicalType[http://hl7.org/fhir/StructureDefinition/Device], CanonicalType[https://fhir.hl7.org.uk/STU3/StructureDefinition/CareConnect-Organization-1], CanonicalType[https://fhir.hl7.org.uk/STU3/StructureDefinition/CareConnect-Patient-1], CanonicalType[https://fhir.hl7.org.uk/STU3/StructureDefinition/CareConnect-Practitioner-1]]}
","Who ordered the initial medication(s)","The healthcare professional responsible for authorizing the initial prescription.","It is expected that the type of requester will be restricted for different stages of a MedicationRequest.  For example, Proposals can be created by a patient, relatedPerson, Practitioner or Device.  Plans can be created by Practitioners, Patients, RelatedPersons and Devices.  Original orders can be created by a Practitioner only.","","","","","","","","",,,,,"",,,,"MedicationRequest.requester.agent",1,1,"","","….agent","Message/Body/NewRx/Prescriber(need detail to link to specific prescriber … Prescriber.Identification in SCRIPT)",".player","RXE-13-Ordering Provider's DEA Number / RXO-14-Ordering Provider's DEA Number / RXE-14-Pharmacist/Treatment Supplier's Verifier ID / RXO-15-Pharmacist/Treatment Supplier's Verifier ID / ORC-12-Ordering Provider / PRT-5-Participation Person: PRT-4-Participation='OP' (all but last deprecated)"
"MedicationRequest.requester.onBehalfOf","","","",0,1,"","","Y","Reference {[]} {[CanonicalType[https://fhir.hl7.org.uk/STU3/StructureDefinition/CareConnect-Organization-1]]}
","Organization agent is acting for","The organization the device or practitioner was acting on behalf of.","","Practitioners and Devices can be associated with multiple organizations. This element indicates which organization they were acting on behalf of when authoring the request.","","","","","","","",,,,,"",,,,"MedicationRequest.requester.onBehalfOf",0,1,"mps-1
","","….onBehalfOf",".scoper"
"MedicationRequest.recorder","","","",0,1,"","","","Reference {[]} {[CanonicalType[https://fhir.hl7.org.uk/STU3/StructureDefinition/CareConnect-Practitioner-1]]}
","Person who entered the request","The person who entered the order on behalf of another individual for example in the case of a verbal or a telephone order.","","","","","","","","","",,,,,"",,,,"MedicationRequest.recorder",0,1,"","",".participation[typeCode=TRANS].role[classCode=ASSIGNED].code (HealthcareProviderType)","who"
"MedicationRequest.reasonCode","","","",0,*,"","","","CodeableConcept {[]} {[]}
","Reason or indication for writing the prescription","The reason or the indication for ordering the medication.","This could be a diagnosis code. If a full condition record exists or additional detail is needed, use reasonReference.","","","","","","","","",,"example","A coded concept indicating why the medication was ordered.","http://hl7.org/fhir/ValueSet/condition-code","",,,,"MedicationRequest.reasonCode",0,*,"","","…reasonCode","Message/Body/NewRx/MedicationPrescribed/Diagnosis/Primary/Value","reason.observation.reasonCode","why","ORC-16-Order Control Code Reason /RXE-27-Give Indication/RXO-20-Indication / RXD-21-Indication / RXG-22-Indication / RXA-19-Indication"
"MedicationRequest.reasonReference","","","",0,*,"","","","Reference {[]} {[CanonicalType[https://fhir.hl7.org.uk/STU3/StructureDefinition/CareConnect-Condition-1], CanonicalType[https://fhir.hl7.org.uk/STU3/StructureDefinition/CareConnect-Observation-1]]}
","Condition or Observation that supports why the prescription is being written","Condition or observation that supports why the medication was ordered.","This is a reference to a condition or observation that is the reason for the medication order.  If only a code exists, use reasonCode.","","","","","","","","",,,,,"",,,,"MedicationRequest.reasonReference",0,*,"","","…reasonReference","no mapping","reason.observation[code=ASSERTION].value","why"
"MedicationRequest.note","","","",0,*,"","","","Annotation {[]} {[]}
","Information about the prescription","Extra information about the prescription that could not be conveyed by the other attributes.","","","","","","","","","",,,,,"",,,,"MedicationRequest.note",0,*,"","","…note","Message/Body/NewRx/MedicationPrescribed/Note",".inboundRelationship[typeCode=SUBJ]/source[classCode=OBS,moodCode=EVN,code=""annotation""].value"
"MedicationRequest.note.id","","","",0,1,"","","","string {[]} {[]}
","xml:id (or equivalent in JSON)","unique id for the element within a resource (for internal references). This may be any string value that does not contain spaces.","","","","","","","","","",,,,,"",,,,"Element.id",0,1,"","","n/a"
"MedicationRequest.note.extension","","extensions
user content","",0,*,"","","","Extension {[]} {[]}
","Additional Content defined by implementations","May be used to represent additional information that is not part of the basic definition of the element. In order to make the use of extensions safe and manageable, there is a strict set of governance  applied to the definition and use of extensions. Though any implementer is allowed to define an extension, there is a set of requirements that SHALL be met as part of the definition of the extension.","There can be no stigma associated with the use of extensions by any application, project, or standard - regardless of the institution or jurisdiction that uses or defines the extensions.  The use of extensions is what allows the FHIR specification to retain a core level of simplicity for everyone.","","","","","","","","",,,,,"","value:url}
","Extensions are always sliced by (at least) url",,"open","Element.extension",0,*,"","","n/a"
"MedicationRequest.note.author[x]","","","",0,1,"","","Y","Reference {[]} {[CanonicalType[http://hl7.org/fhir/StructureDefinition/RelatedPerson], CanonicalType[https://fhir.hl7.org.uk/STU3/StructureDefinition/CareConnect-Patient-1], CanonicalType[https://fhir.hl7.org.uk/STU3/StructureDefinition/CareConnect-Practitioner-1]]}
string {[]} {[]}","Individual responsible for the annotation","The individual responsible for making the annotation.","","","","","","","","","",,,,,"",,,,"Annotation.author[x]",0,1,"","","Act.participant[typeCode=AUT].role","N/A"
"MedicationRequest.note.time","","","",0,1,"","","Y","dateTime {[]} {[]}
","When the annotation was made","Indicates when this particular annotation was made.","","","","","","","","","",,,,,"",,,,"Annotation.time",0,1,"","","Act.effectiveTime","N/A"
"MedicationRequest.note.text","","","",1,1,"","","","string {[]} {[]}
","The annotation  - text content","The text of the annotation.","","","","","","","","","",,,,,"",,,,"Annotation.text",1,1,"","","Act.text","N/A"
"MedicationRequest.dosageInstruction","","","",0,*,"","","","Dosage {[]} {[]}
","How the medication should be taken","Indicates how the medication is to be used by the patient.","There are examples where a medication request may include the option of an oral dose or an Intravenous or Intramuscular dose.  For example, ""Ondansetron 8mg orally or IV twice a day as needed for nausea"" or ""Compazine® (prochlorperazine) 5-10mg PO or 25mg PR bid prn nausea or vomiting"".  In these cases, two medication requests would be created that could be grouped together.  The decision on which dose and route of administration to use is based on the patient's condition at the time the dose is needed.","","","","","","","","",,,,,"",,,,"MedicationRequest.dosageInstruction",0,*,"","","…occurrence[x]","see dosageInstruction mapping"
"MedicationRequest.dispenseRequest","","","",0,1,"","","","BackboneElement {[]} {[]}
","Medication supply authorization","Indicates the specific details for the dispense or medication supply part of a medication request (also known as a Medication Prescription or Medication Order).  Note that this information is not always sent with the order.  There may be in some settings (e.g. hospitals) institutional or system support for completing the dispense details in the pharmacy department.","","","","","","","","","",,,,,"",,,,"MedicationRequest.dispenseRequest",0,1,"","ele-1:All FHIR elements must have a @value or children {hasValue() | (children().count() > id.count())}
","Message/Body/NewRx/MedicationPrescribed/ExpirationDate","component.supplyEvent"
"MedicationRequest.dispenseRequest.id","","","",0,1,"","","","string {[]} {[]}
","xml:id (or equivalent in JSON)","unique id for the element within a resource (for internal references). This may be any string value that does not contain spaces.","","","","","","","","","",,,,,"",,,,"Element.id",0,1,"","","n/a"
"MedicationRequest.dispenseRequest.extension","","extensions
user content","",0,*,"","","","Extension {[]} {[]}
","Additional Content defined by implementations","May be used to represent additional information that is not part of the basic definition of the element. In order to make the use of extensions safe and manageable, there is a strict set of governance  applied to the definition and use of extensions. Though any implementer is allowed to define an extension, there is a set of requirements that SHALL be met as part of the definition of the extension.","There can be no stigma associated with the use of extensions by any application, project, or standard - regardless of the institution or jurisdiction that uses or defines the extensions.  The use of extensions is what allows the FHIR specification to retain a core level of simplicity for everyone.","","","","","","","","",,,,,"",,,,"Element.extension",0,*,"","","n/a"
"MedicationRequest.dispenseRequest.modifierExtension","","extensions
user contentmodifiers","",0,*,"","Y","Y","Extension {[]} {[]}
","Extensions that cannot be ignored","May be used to represent additional information that is not part of the basic definition of the element, and that modifies the understanding of the element that contains it. Usually modifier elements provide negation or qualification. In order to make the use of extensions safe and manageable, there is a strict set of governance applied to the definition and use of extensions. Though any implementer is allowed to define an extension, there is a set of requirements that SHALL be met as part of the definition of the extension. Applications processing a resource are required to check for modifier extensions.","There can be no stigma associated with the use of extensions by any application, project, or standard - regardless of the institution or jurisdiction that uses or defines the extensions.  The use of extensions is what allows the FHIR specification to retain a core level of simplicity for everyone.","","","","","","","","",,,,,"",,,,"BackboneElement.modifierExtension",0,*,"","","N/A"
"MedicationRequest.dispenseRequest.validityPeriod","","","",0,1,"","","","Period {[]} {[]}
","Time period supply is authorized for","This indicates the validity period of a prescription (stale dating the Prescription).","It reflects the prescribers' perspective for the validity of the prescription. Dispenses must not be made against the prescription outside of this period. The lower-bound of the Dispensing Window signifies the earliest date that the prescription can be filled for the first time. If an upper-bound is not specified then the Prescription is open-ended or will default to a stale-date based on regulations.","Indicates when the Prescription becomes valid, and when it ceases to be a dispensable Prescription.","","","","","","","",,,,,"",,,,"MedicationRequest.dispenseRequest.validityPeriod",0,1,"","","Message/Body/NewRx/MedicationPrescribed/Refills","effectiveTime"
"MedicationRequest.dispenseRequest.numberOfRepeatsAllowed","","","",0,1,"","","","positiveInt {[]} {[]}
","Number of refills authorized","An integer indicating the number of times, in addition to the original dispense, (aka refills or repeats) that the patient can receive the prescribed medication. Usage Notes: This integer does not include the original order dispense. This means that if an order indicates dispense 30 tablets plus ""3 repeats"", then the order can be dispensed a total of 4 times and the patient can receive a total of 120 tablets.","If displaying ""number of authorized fills"", add 1 to this number.","","","","","","","","",,,,,"",,,,"MedicationRequest.dispenseRequest.numberOfRepeatsAllowed",0,1,"","","Message/Body/NewRx/MedicationPrescribed/Quantity","repeatNumber","RXE-12-Number of Refills"
"MedicationRequest.dispenseRequest.quantity","","","",0,1,"","","","Quantity {[CanonicalType[http://hl7.org/fhir/StructureDefinition/SimpleQuantity]]} {[]}
","Amount of medication to supply per dispense","The amount that is to be dispensed for one fill.","","","","","","","","","",,,,,"",,,,"MedicationRequest.dispenseRequest.quantity",0,1,"","","Message/Body/NewRx/MedicationPrescribed/DaysSupply","quantity","RXD-4-Actual Dispense Amount / RXD-5.1-Actual Dispense Units.code / RXD-5.3-Actual Dispense Units.name of coding system"
"MedicationRequest.dispenseRequest.quantity.id","","","",0,1,"","","","string {[]} {[]}
","xml:id (or equivalent in JSON)","unique id for the element within a resource (for internal references). This may be any string value that does not contain spaces.","","","","","","","","","",,,,,"",,,,"Element.id",0,1,"","","n/a"
"MedicationRequest.dispenseRequest.quantity.extension","","extensions
user content","",0,*,"","","","Extension {[]} {[]}
","Additional Content defined by implementations","May be used to represent additional information that is not part of the basic definition of the element. In order to make the use of extensions safe and manageable, there is a strict set of governance  applied to the definition and use of extensions. Though any implementer is allowed to define an extension, there is a set of requirements that SHALL be met as part of the definition of the extension.","There can be no stigma associated with the use of extensions by any application, project, or standard - regardless of the institution or jurisdiction that uses or defines the extensions.  The use of extensions is what allows the FHIR specification to retain a core level of simplicity for everyone.","","","","","","","","",,,,,"","value:url}
","Extensions are always sliced by (at least) url",,"open","Element.extension",0,*,"","","n/a"
"MedicationRequest.dispenseRequest.quantity.value","","","",0,1,"","","Y","decimal {[]} {[]}
","Numerical value (with implicit precision)","The value of the measured amount. The value includes an implicit precision in the presentation of the value.","The implicit precision in the value should always be honored. Monetary values have their own rules for handling precision (refer to standard accounting text books).","Precision is handled implicitly in almost all cases of measurement.","","","","","","","",,,,,"",,,,"Quantity.value",0,1,"","","PQ.value, CO.value, MO.value, IVL.high or IVL.low depending on the value","SN.2  / CQ - N/A"
"MedicationRequest.dispenseRequest.quantity.comparator","","","",0,0,"","Y","Y","code {[]} {[]}
","< | <= | >= | > - how to understand the value","Not allowed to be used in this context","This is labeled as ""Is Modifier"" because the comparator modifies the interpretation of the value significantly. If there is no comparator, then there is no modification of the value.","Need a framework for handling measures where the value is <5ug/L or >400mg/L due to the limitations of measuring methodology.","","If there is no comparator, then there is no modification of the value","","","","","",,"required","How the Quantity should be understood and represented.","http://hl7.org/fhir/ValueSet/quantity-comparator","",,,,"Quantity.comparator",0,1,"","","IVL properties","SN.1  / CQ.1"
"MedicationRequest.dispenseRequest.quantity.unit","","","",0,1,"","","Y","string {[]} {[]}
","Unit representation","A human-readable form of the unit.","","There are many representations for units of measure and in many contexts, particular representations are fixed and required. I.e. mcg for micrograms.","","","","","","","",,,,,"",,,,"Quantity.unit",0,1,"","","PQ.unit","(see OBX.6 etc.) / CQ.2"
"MedicationRequest.dispenseRequest.quantity.system","","","",0,1,"","","Y","uri {[]} {[]}
","System that defines coded unit form","The identification of the system that provides the coded form of the unit.","","Need to know the system that defines the coded form of the unit.","","","","","","","",,,,,"",,,,"Quantity.system",0,1,"qty-3
","","CO.codeSystem, PQ.translation.codeSystem","(see OBX.6 etc.) / CQ.2"
"MedicationRequest.dispenseRequest.quantity.code","","","",0,1,"","","Y","code {[]} {[]}
","Coded form of the unit","A computer processable form of the unit in some unit representation system.","The preferred system is UCUM, but SNOMED CT can also be used (for customary units) or ISO 4217 for currency.  The context of use may additionally require a code from a particular system.","Need a computable form of the unit that is fixed across all forms. UCUM provides this for quantities, but SNOMED CT provides many units of interest.","","","","","","","",,,,,"",,,,"Quantity.code",0,1,"","","PQ.code, MO.currency, PQ.translation.code","(see OBX.6 etc.) / CQ.2"
"MedicationRequest.dispenseRequest.expectedSupplyDuration","","","",0,1,"","","","Duration {[]} {[]}
","Number of days supply per dispense","Identifies the period time over which the supplied product is expected to be used, or the length of time the dispense is expected to last.","In some situations, this attribute may be used instead of quantity to identify the amount supplied by how long it is expected to last, rather than the physical quantity issued, e.g. 90 days supply of medication (based on an ordered dosage) When possible, it is always better to specify quantity, as this tends to be more precise. expectedSupplyDuration will always be an estimate that can be influenced by external factors.","","","","","","","","",,,,,"",,,,"MedicationRequest.dispenseRequest.expectedSupplyDuration",0,1,"","","Message/Body/NewRx/MedicationPrescribed/Substitutions","expectedUseTime"
"MedicationRequest.dispenseRequest.expectedSupplyDuration.id","","","",0,1,"","","","string {[]} {[]}
","xml:id (or equivalent in JSON)","unique id for the element within a resource (for internal references). This may be any string value that does not contain spaces.","","","","","","","","","",,,,,"",,,,"Element.id",0,1,"","","n/a"
"MedicationRequest.dispenseRequest.expectedSupplyDuration.extension","","extensions
user content","",0,*,"","","","Extension {[]} {[]}
","Additional Content defined by implementations","May be used to represent additional information that is not part of the basic definition of the element. In order to make the use of extensions safe and manageable, there is a strict set of governance  applied to the definition and use of extensions. Though any implementer is allowed to define an extension, there is a set of requirements that SHALL be met as part of the definition of the extension.","There can be no stigma associated with the use of extensions by any application, project, or standard - regardless of the institution or jurisdiction that uses or defines the extensions.  The use of extensions is what allows the FHIR specification to retain a core level of simplicity for everyone.","","","","","","","","",,,,,"","value:url}
","Extensions are always sliced by (at least) url",,"open","Element.extension",0,*,"","","n/a"
"MedicationRequest.dispenseRequest.expectedSupplyDuration.value","","","",0,1,"","","Y","decimal {[]} {[]}
","Numerical value (with implicit precision)","The value of the measured amount. The value includes an implicit precision in the presentation of the value.","The implicit precision in the value should always be honored. Monetary values have their own rules for handling precision (refer to standard accounting text books).","Precision is handled implicitly in almost all cases of measurement.","","","","","","","",,,,,"",,,,"Quantity.value",0,1,"","","PQ.value, CO.value, MO.value, IVL.high or IVL.low depending on the value","SN.2  / CQ - N/A"
"MedicationRequest.dispenseRequest.expectedSupplyDuration.comparator","","","",0,1,"","Y","Y","code {[]} {[]}
","< | <= | >= | > - how to understand the value","How the value should be understood and represented - whether the actual value is greater or less than the stated value due to measurement issues; e.g. if the comparator is ""<"" , then the real value is < stated value.","This is labeled as ""Is Modifier"" because the comparator modifies the interpretation of the value significantly. If there is no comparator, then there is no modification of the value.","Need a framework for handling measures where the value is <5ug/L or >400mg/L due to the limitations of measuring methodology.","","If there is no comparator, then there is no modification of the value","","","","","",,"required","How the Quantity should be understood and represented.","http://hl7.org/fhir/ValueSet/quantity-comparator","",,,,"Quantity.comparator",0,1,"","","IVL properties","SN.1  / CQ.1"
"MedicationRequest.dispenseRequest.expectedSupplyDuration.unit","","","",0,1,"","","Y","string {[]} {[]}
","Unit representation","A human-readable form of the unit.","","There are many representations for units of measure and in many contexts, particular representations are fixed and required. I.e. mcg for micrograms.","","","","","","","",,,,,"",,,,"Quantity.unit",0,1,"","","PQ.unit","(see OBX.6 etc.) / CQ.2"
"MedicationRequest.dispenseRequest.expectedSupplyDuration.system","","","",0,1,"","","Y","uri {[]} {[]}
","System that defines coded unit form","The identification of the system that provides the coded form of the unit.","","Need to know the system that defines the coded form of the unit.","","","","","","","",,,,,"",,,,"Quantity.system",0,1,"qty-3
","","CO.codeSystem, PQ.translation.codeSystem","(see OBX.6 etc.) / CQ.2"
"MedicationRequest.dispenseRequest.expectedSupplyDuration.code","","","",0,1,"","","Y","code {[]} {[]}
","Coded form of the unit","A computer processable form of the unit in some unit representation system.","The preferred system is UCUM, but SNOMED CT can also be used (for customary units) or ISO 4217 for currency.  The context of use may additionally require a code from a particular system.","Need a computable form of the unit that is fixed across all forms. UCUM provides this for quantities, but SNOMED CT provides many units of interest.","","","","","","","",,,,,"",,,,"Quantity.code",0,1,"","","PQ.code, MO.currency, PQ.translation.code","(see OBX.6 etc.) / CQ.2"
"MedicationRequest.dispenseRequest.performer","","","",0,1,"","","","Reference {[]} {[CanonicalType[https://fhir.hl7.org.uk/STU3/StructureDefinition/CareConnect-Organization-1]]}
","Intended dispenser","Indicates the intended dispensing Organization specified by the prescriber.","","","","","","","","","",,,,,"",,,,"MedicationRequest.dispenseRequest.performer",0,1,"","",".outboundRelationship[typeCode=COMP].target[classCode=SPLY, moodCode=RQO] .participation[typeCode=PRF].role[scoper.determinerCode=INSTANCE]","who"
"MedicationRequest.substitution","","","",0,1,"","","","BackboneElement {[]} {[]}
","Any restrictions on medication substitution","Indicates whether or not substitution can or should be part of the dispense. In some cases substitution must happen, in other cases substitution must not happen. This block explains the prescriber's intent. If nothing is specified substitution may be done.","","","","","","","","","",,,,,"",,,,"MedicationRequest.substitution",0,1,"","ele-1:All FHIR elements must have a @value or children {hasValue() | (children().count() > id.count())}
","specific values within Message/Body/NewRx/MedicationPrescribed/Substitutions","subjectOf.substitutionPersmission"
"MedicationRequest.substitution.id","","","",0,1,"","","","string {[]} {[]}
","xml:id (or equivalent in JSON)","unique id for the element within a resource (for internal references). This may be any string value that does not contain spaces.","","","","","","","","","",,,,,"",,,,"Element.id",0,1,"","","n/a"
"MedicationRequest.substitution.extension","","extensions
user content","",0,*,"","","","Extension {[]} {[]}
","Additional Content defined by implementations","May be used to represent additional information that is not part of the basic definition of the element. In order to make the use of extensions safe and manageable, there is a strict set of governance  applied to the definition and use of extensions. Though any implementer is allowed to define an extension, there is a set of requirements that SHALL be met as part of the definition of the extension.","There can be no stigma associated with the use of extensions by any application, project, or standard - regardless of the institution or jurisdiction that uses or defines the extensions.  The use of extensions is what allows the FHIR specification to retain a core level of simplicity for everyone.","","","","","","","","",,,,,"",,,,"Element.extension",0,*,"","","n/a"
"MedicationRequest.substitution.modifierExtension","","extensions
user contentmodifiers","",0,*,"","Y","Y","Extension {[]} {[]}
","Extensions that cannot be ignored","May be used to represent additional information that is not part of the basic definition of the element, and that modifies the understanding of the element that contains it. Usually modifier elements provide negation or qualification. In order to make the use of extensions safe and manageable, there is a strict set of governance applied to the definition and use of extensions. Though any implementer is allowed to define an extension, there is a set of requirements that SHALL be met as part of the definition of the extension. Applications processing a resource are required to check for modifier extensions.","There can be no stigma associated with the use of extensions by any application, project, or standard - regardless of the institution or jurisdiction that uses or defines the extensions.  The use of extensions is what allows the FHIR specification to retain a core level of simplicity for everyone.","","","","","","","","",,,,,"",,,,"BackboneElement.modifierExtension",0,*,"","","N/A"
"MedicationRequest.substitution.allowed","","","",1,1,"","Y","","boolean {[]} {[]}
","Whether substitution is allowed or not","True if the prescriber allows a different drug to be dispensed from what was prescribed.","This element is labeled as a modifer because whether substitution is allow or not cannot be ignored.","","","","","","","","",,,,,"",,,,"MedicationRequest.substitution.allowed",1,1,"","","specific values within Message/Body/NewRx/MedicationPrescribed/Substitutions","code","RXO-9-Allow Substitutions / RXE-9-Substitution Status"
"MedicationRequest.substitution.reason","","","",0,1,"","","","CodeableConcept {[]} {[]}
","Why should (not) substitution be made","Indicates the reason for the substitution, or why substitution must or must not be performed.","","","","","","","","","",,"example","A coded concept describing the reason that a different medication should (or should not) be substituted from what was prescribed.","http://hl7.org/fhir/ValueSet/v3-SubstanceAdminSubstitutionReason","",,,,"MedicationRequest.substitution.reason",0,1,"","","not mapped","reasonCode","RXE-9 Substition status"
"MedicationRequest.priorPrescription","","","",0,1,"","","","Reference {[]} {[CanonicalType[https://fhir.hl7.org.uk/STU3/StructureDefinition/CareConnect-MedicationRequest-1]]}
","An order/prescription that is being replaced","A link to a resource representing an earlier order related order or prescription.","","","","","","","","","",,,,,"",,,,"MedicationRequest.priorPrescription",0,1,"","","…replaces","not mapped",".outboundRelationship[typeCode=?RPLC or ?SUCC]/target[classCode=SBADM,moodCode=RQO]"
"MedicationRequest.detectedIssue","","Contraindication
Drug Utilization Review (DUR)Alert","",0,*,"","","","Reference {[]} {[CanonicalType[http://hl7.org/fhir/StructureDefinition/DetectedIssue]]}
","Clinical Issue with action","Indicates an actual or potential clinical issue with or between one or more active or proposed clinical actions for a patient; e.g. Drug-drug interaction, duplicate therapy, dosage alert etc.","","","","","","","","","",,,,,"",,,,"MedicationRequest.detectedIssue",0,*,"","",".inboundRelationship[typeCode=SUBJ]/source[classCode=ALRT,moodCode=EVN].value"
"MedicationRequest.eventHistory","","","",0,*,"","","","Reference {[]} {[CanonicalType[http://hl7.org/fhir/StructureDefinition/Provenance]]}
","A list of events of interest in the lifecycle","Links to Provenance records for past versions of this resource or fulfilling request or event resources that identify key state transitions or updates that are likely to be relevant to a user looking at the current version of the resource.","This may not include provenances for all versions of the request – only those deemed “relevant” or important. This SHALL NOT include the Provenance associated with this current version of the resource. (If that provenance is deemed to be a “relevant” change, it will need to be added as part of a later update. Until then, it can be queried directly as the Provenance that points to this version using _revinclude All Provenances should have some historical version of this Request as their subject.).","","","","","","","","",,,,,"",,,,"MedicationRequest.eventHistory",0,*,"","","…relevantHistory",".inboundRelationship(typeCode=SUBJ].source[classCode=CACT, moodCode=EVN]"
