<?xml version="1.0" encoding="UTF-8"?>

<CodeSystem xmlns="http://hl7.org/fhir">
  <id value="CodeSystem-CareConnect-LanguageAbilityProficiency-1"/>
  <text>
    <status value="generated"/><div xmlns="http://www.w3.org/1999/xhtml"><h2>Care Connect Language Ability Proficiency</h2><div><p>A CodeSystem to identify the level of proficiency in communicating a language.</p>
</div><p><b>Copyright Statement:</b> Copyright © 2016 HL7 UK</p><p>This code system https://fhir.hl7.org.uk/STU3/CodeSystem/CareConnect-LanguageAbilityProficiency-1 defines the following codes:</p><table class="codes"><tr><td style="white-space:nowrap"><b>Code</b></td><td><b>Display</b></td><td><b>Definition</b></td></tr><tr><td style="white-space:nowrap">E<a name="CodeSystem-CareConnect-LanguageAbilityProficiency-1-E"> </a></td><td>Excellent</td><td/></tr><tr><td style="white-space:nowrap">F<a name="CodeSystem-CareConnect-LanguageAbilityProficiency-1-F"> </a></td><td>Fair</td><td/></tr><tr><td style="white-space:nowrap">G<a name="CodeSystem-CareConnect-LanguageAbilityProficiency-1-G"> </a></td><td>Good</td><td/></tr><tr><td style="white-space:nowrap">P<a name="CodeSystem-CareConnect-LanguageAbilityProficiency-1-P"> </a></td><td>Poor</td><td/></tr></table></div>
  </text>
  <url value="https://fhir.hl7.org.uk/STU3/CodeSystem/CareConnect-LanguageAbilityProficiency-1"/>
  <version value="1.1.0"/>
  <name value="Care Connect Language Ability Proficiency"/>
  <status value="draft"/>
  <date value="2018-11-01T00:00:00+00:00"/>
  <publisher value="HL7 UK"/>
  <description value="A CodeSystem to identify the level of proficiency in communicating a language."/>
  <copyright value="Copyright &#xA9; 2016 HL7 UK"/>
  <caseSensitive value="true"/>
  <content value="complete"/>
  <concept>
    <code value="E"/>
    <display value="Excellent"/>
  </concept>
  <concept>
    <code value="F"/>
    <display value="Fair"/>
  </concept>
  <concept>
    <code value="G"/>
    <display value="Good"/>
  </concept>
  <concept>
    <code value="P"/>
    <display value="Poor"/>
  </concept>
</CodeSystem>