<?xml version="1.0" encoding="UTF-8"?>

<Composition xmlns="http://hl7.org/fhir">
  <id value="CareConnect-Composition-Example-1"/>
  <meta>
    <profile value="https://fhir.hl7.org.uk/STU3/StructureDefinition/CareConnect-Composition-1"/>
  </meta>
  <text>
    <status value="generated"/><div xmlns="http://www.w3.org/1999/xhtml"><p><b>Generated Narrative with Details</b></p><p><b>id</b>: CareConnect-Composition-Example-1</p><p><b>meta</b>: </p><p><b>status</b>: final</p><p><b>type</b>: Patient held record <span style="background: LightGoldenRodYellow">(Details : {SNOMED CT code '408403008' = 'Patient held record', given as 'Patient held record'})</span></p><p><b>date</b>: 11-Sep-2019 14:46:00</p><p><b>author</b>: <a href="CareConnect-Practitioner-Example-1.html">Generated Summary: id: CareConnect-Practitioner-Example-1; G12345678</a></p><p><b>title</b>: Patient held record</p></div>
  </text>
  <status value="final"/>
  <type>
    <coding>
      <system value="http://snomed.info/sct"/>
      <code value="408403008"/>
      <display value="Patient held record"/>
    </coding>
  </type>
  <subject>
    <reference value="Patient/CareConnect-Patient-Example-1"/>
  </subject>
  <date value="2019-09-11T13:46:00+00:00"/>
  <author>
    <reference value="Practitioner/CareConnect-Practitioner-Example-1"/>
  </author>
  <title value="Patient held record"/>
</Composition>