<?xml version="1.0" encoding="UTF-8"?>

<DocumentReference xmlns="http://hl7.org/fhir">
  <id value="CareConnect-DocumentReference-Example-1"/>
  <meta>
    <profile value="https://fhir.hl7.org.uk/STU3/StructureDefinition/CareConnect-DocumentReference-1"/>
  </meta>
  <text>
    <status value="generated"/><div xmlns="http://www.w3.org/1999/xhtml"><p><b>Generated Narrative with Details</b></p><p><b>id</b>: CareConnect-DocumentReference-Example-1</p><p><b>meta</b>: </p><p><b>status</b>: current</p><p><b>type</b>: Discharge care plan <span style="background: LightGoldenRodYellow">(Details : {SNOMED CT code '736372004' = '736372004', given as 'Discharge care plan'})</span></p><p><b>indexed</b>: 11-Sep-2019 14:46:00</p><h3>Contents</h3><table class="grid"><tr><td>-</td><td><b>Attachment</b></td></tr><tr><td>*</td><td/></tr></table></div>
  </text>
  <status value="current"/>
  <type>
    <coding>
      <system value="http://snomed.info/sct"/>
      <code value="736372004"/>
      <display value="Discharge care plan"/>
    </coding>
  </type>
  <indexed value="2019-09-11T13:46:00+00:00"/>
  <content>
    <attachment>
      <contentType value="text/plain"/>
      <language value="en"/>
    </attachment>
  </content>
</DocumentReference>