<?xml version="1.0" encoding="UTF-8"?>

<FamilyMemberHistory xmlns="http://hl7.org/fhir">
  <id value="CareConnect-FamilyMemberHistory-Example-1"/>
  <meta>
    <profile value="https://fhir.hl7.org.uk/STU3/StructureDefinition/CareConnect-FamilyMemberHistory-1"/>
  </meta>
  <text>
    <status value="generated"/><div xmlns="http://www.w3.org/1999/xhtml"><p><b>Generated Narrative with Details</b></p><p><b>id</b>: CareConnect-FamilyMemberHistory-Example-1</p><p><b>meta</b>: </p><p><b>status</b>: completed</p><p><b>patient</b>: <a href="CareConnect-Patient-Example-1.html">Generated Summary: id: CareConnect-Patient-Example-1; 6105551234; Richard SMITH (OFFICIAL)</a></p><p><b>relationship</b>: child <span style="background: LightGoldenRodYellow">(Details : {http://hl7.org/fhir/stu3/v3/RoleCode code 'CHILD' = 'CHILD', given as 'child'})</span></p></div>
  </text>
  <status value="completed"/>
  <patient>
    <reference value="Patient/CareConnect-Patient-Example-1"/>
  </patient>
  <relationship>
    <coding>
      <system value="http://hl7.org/fhir/stu3/v3/RoleCode"/>
      <code value="CHILD"/>
      <display value="child"/>
    </coding>
  </relationship>
</FamilyMemberHistory>