<?xml version="1.0" encoding="UTF-8"?>

<Flag xmlns="http://hl7.org/fhir">
  <id value="CareConnect-Flag-Example-1"/>
  <meta>
    <profile value="https://fhir.hl7.org.uk/STU3/StructureDefinition/CareConnect-Flag-1"/>
  </meta>
  <text>
    <status value="generated"/><div xmlns="http://www.w3.org/1999/xhtml"><p><b>Generated Narrative with Details</b></p><p><b>id</b>: CareConnect-Flag-Example-1</p><p><b>meta</b>: </p><p><b>status</b>: active</p><p><b>code</b>: Zika virus disease <span style="background: LightGoldenRodYellow">(Details : {SNOMED CT code '3928002' = 'Zika virus disease', given as 'Zika virus disease'})</span></p><p><b>subject</b>: <a href="CareConnect-Patient-Example-1.html">Generated Summary: id: CareConnect-Patient-Example-1; 6105551234; Richard SMITH (OFFICIAL)</a></p></div>
  </text>
  <status value="active"/>
  <code>
    <coding>
      <system value="http://snomed.info/sct"/>
      <code value="3928002"/>
      <display value="Zika virus disease"/>
    </coding>
  </code>
  <subject>
    <reference value="Patient/CareConnect-Patient-Example-1"/>
  </subject>
</Flag>