<?xml version="1.0" encoding="UTF-8"?>

<Observation xmlns="http://hl7.org/fhir">
  <id value="CareConnect-HeartRate-Observation-Example-1"/>
  <meta>
    <profile value="https://fhir.hl7.org.uk/STU3/StructureDefinition/CareConnect-HeartRate-Observation-1"/>
  </meta>
  <text>
    <status value="generated"/><div xmlns="http://www.w3.org/1999/xhtml"><p><b>Generated Narrative with Details</b></p><p><b>id</b>: CareConnect-HeartRate-Observation-Example-1</p><p><b>meta</b>: </p><p><b>basedOn</b>: <a href="CareConnect-CarePlan-Example-1.html">Generated Summary: id: CareConnect-CarePlan-Example-1; status: active; intent: plan</a></p><p><b>status</b>: final</p><p><b>category</b>: Vital Signs <span style="background: LightGoldenRodYellow">(Details : {http://hl7.org/fhir/observation-category code 'vital-signs' = 'Vital Signs)</span></p><p><b>code</b>: Heart rate <span style="background: LightGoldenRodYellow">(Details : {LOINC code '8867-4' = 'Heart rate; {SNOMED CT code '364075005' = 'Heart rate', given as 'Heart rate'})</span></p><p><b>subject</b>: <a href="CareConnect-Patient-Example-1.html">Generated Summary: id: CareConnect-Patient-Example-1; 6105551234; Richard SMITH (OFFICIAL)</a></p><p><b>effective</b>: 11-Sep-2019 14:46:00</p></div>
  </text>
  <basedOn>
    <reference value="CarePlan/CareConnect-CarePlan-Example-1"/>
  </basedOn>
  <status value="final"/>
  <category>
    <coding>
      <system value="http://hl7.org/fhir/observation-category"/>
      <code value="vital-signs"/>
    </coding>
  </category>
  <code>
    <coding>
      <system value="http://loinc.org"/>
      <code value="8867-4"/>
    </coding>
    <coding>
      <system value="http://snomed.info/sct"/>
      <code value="364075005"/>
      <display value="Heart rate"/>
    </coding>
  </code>
  <subject>
    <reference value="Patient/CareConnect-Patient-Example-1"/>
  </subject>
  <effectiveDateTime value="2019-09-11T13:46:00+00:00"/>
</Observation>