<?xml version="1.0" encoding="UTF-8"?>

<Observation xmlns="http://hl7.org/fhir">
  <id value="CareConnect-VitalSigns-Observation-Example-1"/>
  <meta>
    <profile value="https://fhir.hl7.org.uk/STU3/StructureDefinition/CareConnect-VitalSigns-Observation-1"/>
  </meta>
  <text>
    <status value="generated"/><div xmlns="http://www.w3.org/1999/xhtml"><p><b>Generated Narrative with Details</b></p><p><b>id</b>: CareConnect-VitalSigns-Observation-Example-1</p><p><b>meta</b>: </p><p><b>status</b>: final</p><p><b>category</b>: Vital Signs <span style="background: LightGoldenRodYellow">(Details : {http://hl7.org/fhir/observation-category code 'vital-signs' = 'Vital Signs', given as 'Vital Signs'})</span></p><p><b>code</b>: Vital signs <span style="background: LightGoldenRodYellow">(Details : {LOINC code '85353-1' = 'Vital signs, weight, height, head circumference, oxygen saturation and BMI panel; {SNOMED CT code '118227000' = 'Vital signs finding', given as 'Vital signs'})</span></p><p><b>subject</b>: <a href="CareConnect-Patient-Example-1.html">Generated Summary: id: CareConnect-Patient-Example-1; 6105551234; Richard SMITH (OFFICIAL)</a></p><p><b>effective</b>: 11-Sep-2019 14:46:00</p></div>
  </text>
  <status value="final"/>
  <category>
    <coding>
      <system value="http://hl7.org/fhir/observation-category"/>
      <code value="vital-signs"/>
      <display value="Vital Signs"/>
    </coding>
  </category>
  <code>
    <coding>
      <system value="http://loinc.org"/>
      <code value="85353-1"/>
    </coding>
    <coding>
      <system value="http://snomed.info/sct"/>
      <code value="118227000"/>
      <display value="Vital signs"/>
    </coding>
  </code>
  <subject>
    <reference value="Patient/CareConnect-Patient-Example-1"/>
  </subject>
  <effectiveDateTime value="2019-09-11T13:46:00+00:00"/>
</Observation>