<?xml version="1.0" encoding="UTF-8"?>

<ProcedureRequest xmlns="http://hl7.org/fhir">
  <id value="CareConnect-ProcedureRequest-Example-1"/>
  <meta>
    <profile value="https://fhir.hl7.org.uk/STU3/StructureDefinition/CareConnect-ProcedureRequest-1"/>
  </meta>
  <text>
    <status value="generated"/><div xmlns="http://www.w3.org/1999/xhtml"><p><b>Generated Narrative with Details</b></p><p><b>id</b>: CareConnect-ProcedureRequest-Example-1</p><p><b>meta</b>: </p><p><b>status</b>: active</p><p><b>intent</b>: order</p><p><b>code</b>: Administration of drug or medicament via ophthalmic route (procedure) <span style="background: LightGoldenRodYellow">(Details : {SNOMED CT code '386353009' = 'Administration of drug or medicament via ophthalmic route (procedure)', given as 'Administration of drug or medicament via ophthalmic route (procedure)'})</span></p><p><b>subject</b>: <a href="CareConnect-Patient-Example-1.html">Generated Summary: id: CareConnect-Patient-Example-1; 6105551234; Richard SMITH (OFFICIAL)</a></p><p><b>performer</b>: <a href="CareConnect-Practitioner-Example-1.html">Generated Summary: id: CareConnect-Practitioner-Example-1; G12345678</a></p></div>
  </text>
  <status value="active"/>
  <intent value="order"/>
  <code>
    <coding>
      <system value="http://snomed.info/sct"/>
      <code value="386353009"/>
      <display value="Administration of drug or medicament via ophthalmic route (procedure)"/>
    </coding>
  </code>
  <subject>
    <reference value="Patient/CareConnect-Patient-Example-1"/>
  </subject>
  <performer>
    <reference value="Practitioner/CareConnect-Practitioner-Example-1"/>
  </performer>
</ProcedureRequest>