<?xml version="1.0" encoding="UTF-8"?>

<RiskAssessment xmlns="http://hl7.org/fhir">
  <id value="CareConnect-RiskAssessment-Example-1"/>
  <meta>
    <profile value="https://fhir.hl7.org.uk/STU3/StructureDefinition/CareConnect-RiskAssessment-1"/>
  </meta>
  <text>
    <status value="generated"/><div xmlns="http://www.w3.org/1999/xhtml"><p><b>Generated Narrative with Details</b></p><p><b>id</b>: CareConnect-RiskAssessment-Example-1</p><p><b>meta</b>: </p><p><b>status</b>: final</p></div>
  </text>
  <status value="final"/>
</RiskAssessment>