<?xml version="1.0" encoding="UTF-8"?>

<StructureDefinition xmlns="http://hl7.org/fhir">
  <id value="CareConnect-ResearchStudy-1"/>
  <text>
    <status value="generated"/><div xmlns="http://www.w3.org/1999/xhtml"><table border="0" cellpadding="0" cellspacing="0" style="border: 0px #F0F0F0 solid; font-size: 11px; font-family: verdana; vertical-align: top;"><tr style="border: 1px #F0F0F0 solid; font-size: 11px; font-family: verdana; vertical-align: top;"><th style="vertical-align: top; text-align : left; background-color: white; border: 0px #F0F0F0 solid; padding:0px 4px 0px 4px" class="hierarchy"><a href="http://hl7.org/fhir/STU3/formats.html#table" title="The logical name of the element">Name</a></th><th style="vertical-align: top; text-align : left; background-color: white; border: 0px #F0F0F0 solid; padding:0px 4px 0px 4px" class="hierarchy"><a href="http://hl7.org/fhir/STU3/formats.html#table" title="Information about the use of the element">Flags</a></th><th style="vertical-align: top; text-align : left; background-color: white; border: 0px #F0F0F0 solid; padding:0px 4px 0px 4px" class="hierarchy"><a href="http://hl7.org/fhir/STU3/formats.html#table" title="Minimum and Maximum # of times the the element can appear in the instance">Card.</a></th><th style="width: 100px" class="hierarchy"><a href="http://hl7.org/fhir/STU3/formats.html#table" title="Reference to the type of the element">Type</a></th><th style="vertical-align: top; text-align : left; background-color: white; border: 0px #F0F0F0 solid; padding:0px 4px 0px 4px" class="hierarchy"><a href="http://hl7.org/fhir/STU3/formats.html#table" title="Additional information about the element">Description &amp; Constraints</a><span style="float: right"><a href="http://hl7.org/fhir/STU3/formats.html#table" title="Legend for this format"><img src="http://hl7.org/fhir/STU3/help16.png" alt="doco" style="background-color: inherit"/></a></span></th></tr><tr style="border: 0px #F0F0F0 solid; padding:0px; vertical-align: top; background-color: white;"><td style="vertical-align: top; text-align : left; background-color: white; border: 0px #F0F0F0 solid; padding:0px 4px 0px 4px; white-space: nowrap; background-image: url(tbl_bck1.png)" class="hierarchy"><img src="tbl_spacer.png" alt="." style="background-color: inherit" class="hierarchy"/><img src="icon_element.gif" alt="." style="background-color: white; background-color: inherit" title="Element" class="hierarchy"/> <a href="CareConnect-ResearchStudy-1-definitions.html#ResearchStudy" title="null">ResearchStudy</a><a name="ResearchStudy"> </a></td><td style="vertical-align: top; text-align : left; background-color: white; border: 0px #F0F0F0 solid; padding:0px 4px 0px 4px" class="hierarchy"/><td style="vertical-align: top; text-align : left; background-color: white; border: 0px #F0F0F0 solid; padding:0px 4px 0px 4px" class="hierarchy"/><td style="vertical-align: top; text-align : left; background-color: white; border: 0px #F0F0F0 solid; padding:0px 4px 0px 4px" class="hierarchy"/><td style="vertical-align: top; text-align : left; background-color: white; border: 0px #F0F0F0 solid; padding:0px 4px 0px 4px" class="hierarchy"/></tr>
<tr style="border: 0px #F0F0F0 solid; padding:0px; vertical-align: top; background-color: #F7F7F7;"><td style="vertical-align: top; text-align : left; background-color: #F7F7F7; border: 0px #F0F0F0 solid; padding:0px 4px 0px 4px; white-space: nowrap; background-image: url(tbl_bck11.png)" class="hierarchy"><img src="tbl_spacer.png" alt="." style="background-color: inherit" class="hierarchy"/><img src="tbl_vjoin.png" alt="." style="background-color: inherit" class="hierarchy"/><img src="icon_element.gif" alt="." style="background-color: #F7F7F7; background-color: inherit" title="Element" class="hierarchy"/> <a href="CareConnect-ResearchStudy-1-definitions.html#ResearchStudy.identifier" title="null">identifier</a><a name="ResearchStudy.identifier"> </a></td><td style="vertical-align: top; text-align : left; background-color: #F7F7F7; border: 0px #F0F0F0 solid; padding:0px 4px 0px 4px" class="hierarchy"/><td style="vertical-align: top; text-align : left; background-color: #F7F7F7; border: 0px #F0F0F0 solid; padding:0px 4px 0px 4px" class="hierarchy"/><td style="vertical-align: top; text-align : left; background-color: #F7F7F7; border: 0px #F0F0F0 solid; padding:0px 4px 0px 4px" class="hierarchy"/><td style="vertical-align: top; text-align : left; background-color: #F7F7F7; border: 0px #F0F0F0 solid; padding:0px 4px 0px 4px" class="hierarchy"/></tr>
<tr style="border: 0px #F0F0F0 solid; padding:0px; vertical-align: top; background-color: white;"><td style="vertical-align: top; text-align : left; background-color: white; border: 0px #F0F0F0 solid; padding:0px 4px 0px 4px; white-space: nowrap; background-image: url(tbl_bck100.png)" class="hierarchy"><img src="tbl_spacer.png" alt="." style="background-color: inherit" class="hierarchy"/><img src="tbl_vline.png" alt="." style="background-color: inherit" class="hierarchy"/><img src="tbl_vjoin_end.png" alt="." style="background-color: inherit" class="hierarchy"/><img src="icon_reference.png" alt="." style="background-color: white; background-color: inherit" title="Reference to another Resource" class="hierarchy"/> <a href="CareConnect-ResearchStudy-1-definitions.html#ResearchStudy.identifier.assigner" title="null">assigner</a><a name="ResearchStudy.identifier.assigner"> </a></td><td style="vertical-align: top; text-align : left; background-color: white; border: 0px #F0F0F0 solid; padding:0px 4px 0px 4px" class="hierarchy"/><td style="vertical-align: top; text-align : left; background-color: white; border: 0px #F0F0F0 solid; padding:0px 4px 0px 4px" class="hierarchy"><span style="opacity: 0.4">0</span><span style="opacity: 0.5">..</span><span style="opacity: 0.4">1</span></td><td style="vertical-align: top; text-align : left; background-color: white; border: 0px #F0F0F0 solid; padding:0px 4px 0px 4px" class="hierarchy"><a href="http://hl7.org/fhir/STU3/references.html">Reference</a>(<a href="CareConnect-Organization-1.html">CareConnect-Organization-1</a>)</td><td style="vertical-align: top; text-align : left; background-color: white; border: 0px #F0F0F0 solid; padding:0px 4px 0px 4px" class="hierarchy"/></tr>
<tr style="border: 0px #F0F0F0 solid; padding:0px; vertical-align: top; background-color: #F7F7F7;"><td style="vertical-align: top; text-align : left; background-color: #F7F7F7; border: 0px #F0F0F0 solid; padding:0px 4px 0px 4px; white-space: nowrap; background-image: url(tbl_bck10.png)" class="hierarchy"><img src="tbl_spacer.png" alt="." style="background-color: inherit" class="hierarchy"/><img src="tbl_vjoin.png" alt="." style="background-color: inherit" class="hierarchy"/><img src="icon_reference.png" alt="." style="background-color: #F7F7F7; background-color: inherit" title="Reference to another Resource" class="hierarchy"/> <a href="CareConnect-ResearchStudy-1-definitions.html#ResearchStudy.partOf" title="null">partOf</a><a name="ResearchStudy.partOf"> </a></td><td style="vertical-align: top; text-align : left; background-color: #F7F7F7; border: 0px #F0F0F0 solid; padding:0px 4px 0px 4px" class="hierarchy"/><td style="vertical-align: top; text-align : left; background-color: #F7F7F7; border: 0px #F0F0F0 solid; padding:0px 4px 0px 4px" class="hierarchy"><span style="opacity: 0.4">0</span><span style="opacity: 0.5">..</span><span style="opacity: 0.4">*</span></td><td style="vertical-align: top; text-align : left; background-color: #F7F7F7; border: 0px #F0F0F0 solid; padding:0px 4px 0px 4px" class="hierarchy"><a href="http://hl7.org/fhir/STU3/references.html">Reference</a>(<a href="CareConnect-ResearchStudy-1.html">CareConnect-ResearchStudy-1</a>)</td><td style="vertical-align: top; text-align : left; background-color: #F7F7F7; border: 0px #F0F0F0 solid; padding:0px 4px 0px 4px" class="hierarchy"/></tr>
<tr style="border: 0px #F0F0F0 solid; padding:0px; vertical-align: top; background-color: white;"><td style="vertical-align: top; text-align : left; background-color: white; border: 0px #F0F0F0 solid; padding:0px 4px 0px 4px; white-space: nowrap; background-image: url(tbl_bck10.png)" class="hierarchy"><img src="tbl_spacer.png" alt="." style="background-color: inherit" class="hierarchy"/><img src="tbl_vjoin.png" alt="." style="background-color: inherit" class="hierarchy"/><img src="icon_reference.png" alt="." style="background-color: white; background-color: inherit" title="Reference to another Resource" class="hierarchy"/> <a href="CareConnect-ResearchStudy-1-definitions.html#ResearchStudy.sponsor" title="null">sponsor</a><a name="ResearchStudy.sponsor"> </a></td><td style="vertical-align: top; text-align : left; background-color: white; border: 0px #F0F0F0 solid; padding:0px 4px 0px 4px" class="hierarchy"/><td style="vertical-align: top; text-align : left; background-color: white; border: 0px #F0F0F0 solid; padding:0px 4px 0px 4px" class="hierarchy"><span style="opacity: 0.4">0</span><span style="opacity: 0.5">..</span><span style="opacity: 0.4">1</span></td><td style="vertical-align: top; text-align : left; background-color: white; border: 0px #F0F0F0 solid; padding:0px 4px 0px 4px" class="hierarchy"><a href="http://hl7.org/fhir/STU3/references.html">Reference</a>(<a href="CareConnect-Organization-1.html">CareConnect-Organization-1</a>)</td><td style="vertical-align: top; text-align : left; background-color: white; border: 0px #F0F0F0 solid; padding:0px 4px 0px 4px" class="hierarchy"/></tr>
<tr style="border: 0px #F0F0F0 solid; padding:0px; vertical-align: top; background-color: #F7F7F7;"><td style="vertical-align: top; text-align : left; background-color: #F7F7F7; border: 0px #F0F0F0 solid; padding:0px 4px 0px 4px; white-space: nowrap; background-image: url(tbl_bck10.png)" class="hierarchy"><img src="tbl_spacer.png" alt="." style="background-color: inherit" class="hierarchy"/><img src="tbl_vjoin.png" alt="." style="background-color: inherit" class="hierarchy"/><img src="icon_reference.png" alt="." style="background-color: #F7F7F7; background-color: inherit" title="Reference to another Resource" class="hierarchy"/> <a href="CareConnect-ResearchStudy-1-definitions.html#ResearchStudy.principalInvestigator" title="null">principalInvestigator</a><a name="ResearchStudy.principalInvestigator"> </a></td><td style="vertical-align: top; text-align : left; background-color: #F7F7F7; border: 0px #F0F0F0 solid; padding:0px 4px 0px 4px" class="hierarchy"/><td style="vertical-align: top; text-align : left; background-color: #F7F7F7; border: 0px #F0F0F0 solid; padding:0px 4px 0px 4px" class="hierarchy"><span style="opacity: 0.4">0</span><span style="opacity: 0.5">..</span><span style="opacity: 0.4">1</span></td><td style="vertical-align: top; text-align : left; background-color: #F7F7F7; border: 0px #F0F0F0 solid; padding:0px 4px 0px 4px" class="hierarchy"><a href="http://hl7.org/fhir/STU3/references.html">Reference</a>(<a href="CareConnect-Practitioner-1.html">CareConnect-Practitioner-1</a>)</td><td style="vertical-align: top; text-align : left; background-color: #F7F7F7; border: 0px #F0F0F0 solid; padding:0px 4px 0px 4px" class="hierarchy"/></tr>
<tr style="border: 0px #F0F0F0 solid; padding:0px; vertical-align: top; background-color: white;"><td style="vertical-align: top; text-align : left; background-color: white; border: 0px #F0F0F0 solid; padding:0px 4px 0px 4px; white-space: nowrap; background-image: url(tbl_bck10.png)" class="hierarchy"><img src="tbl_spacer.png" alt="." style="background-color: inherit" class="hierarchy"/><img src="tbl_vjoin.png" alt="." style="background-color: inherit" class="hierarchy"/><img src="icon_reference.png" alt="." style="background-color: white; background-color: inherit" title="Reference to another Resource" class="hierarchy"/> <a href="CareConnect-ResearchStudy-1-definitions.html#ResearchStudy.site" title="null">site</a><a name="ResearchStudy.site"> </a></td><td style="vertical-align: top; text-align : left; background-color: white; border: 0px #F0F0F0 solid; padding:0px 4px 0px 4px" class="hierarchy"/><td style="vertical-align: top; text-align : left; background-color: white; border: 0px #F0F0F0 solid; padding:0px 4px 0px 4px" class="hierarchy"><span style="opacity: 0.4">0</span><span style="opacity: 0.5">..</span><span style="opacity: 0.4">*</span></td><td style="vertical-align: top; text-align : left; background-color: white; border: 0px #F0F0F0 solid; padding:0px 4px 0px 4px" class="hierarchy"><a href="http://hl7.org/fhir/STU3/references.html">Reference</a>(<a href="CareConnect-Location-1.html">CareConnect-Location-1</a>)</td><td style="vertical-align: top; text-align : left; background-color: white; border: 0px #F0F0F0 solid; padding:0px 4px 0px 4px" class="hierarchy"/></tr>
<tr style="border: 0px #F0F0F0 solid; padding:0px; vertical-align: top; background-color: #F7F7F7;"><td style="vertical-align: top; text-align : left; background-color: #F7F7F7; border: 0px #F0F0F0 solid; padding:0px 4px 0px 4px; white-space: nowrap; background-image: url(tbl_bck01.png)" class="hierarchy"><img src="tbl_spacer.png" alt="." style="background-color: inherit" class="hierarchy"/><img src="tbl_vjoin_end.png" alt="." style="background-color: inherit" class="hierarchy"/><img src="icon_element.gif" alt="." style="background-color: #F7F7F7; background-color: inherit" title="Element" class="hierarchy"/> <a href="CareConnect-ResearchStudy-1-definitions.html#ResearchStudy.note" title="null">note</a><a name="ResearchStudy.note"> </a></td><td style="vertical-align: top; text-align : left; background-color: #F7F7F7; border: 0px #F0F0F0 solid; padding:0px 4px 0px 4px" class="hierarchy"/><td style="vertical-align: top; text-align : left; background-color: #F7F7F7; border: 0px #F0F0F0 solid; padding:0px 4px 0px 4px" class="hierarchy"/><td style="vertical-align: top; text-align : left; background-color: #F7F7F7; border: 0px #F0F0F0 solid; padding:0px 4px 0px 4px" class="hierarchy"/><td style="vertical-align: top; text-align : left; background-color: #F7F7F7; border: 0px #F0F0F0 solid; padding:0px 4px 0px 4px" class="hierarchy"/></tr>
<tr style="border: 0px #F0F0F0 solid; padding:0px; vertical-align: top; background-color: white;"><td style="vertical-align: top; text-align : left; background-color: white; border: 0px #F0F0F0 solid; padding:0px 4px 0px 4px; white-space: nowrap; background-image: url(tbl_bck001.png)" class="hierarchy"><img src="tbl_spacer.png" alt="." style="background-color: inherit" class="hierarchy"/><img src="tbl_blank.png" alt="." style="background-color: inherit" class="hierarchy"/><img src="tbl_vjoin_end.png" alt="." style="background-color: inherit" class="hierarchy"/><img src="icon_choice.gif" alt="." style="background-color: white; background-color: inherit" title="Choice of Types" class="hierarchy"/> <a href="CareConnect-ResearchStudy-1-definitions.html#ResearchStudy.note.author[x]" title="null">author[x]</a><a name="ResearchStudy.note.author_x_"> </a></td><td style="vertical-align: top; text-align : left; background-color: white; border: 0px #F0F0F0 solid; padding:0px 4px 0px 4px" class="hierarchy"/><td style="vertical-align: top; text-align : left; background-color: white; border: 0px #F0F0F0 solid; padding:0px 4px 0px 4px" class="hierarchy"><span style="opacity: 0.4">0</span><span style="opacity: 0.5">..</span><span style="opacity: 0.4">1</span></td><td style="vertical-align: top; text-align : left; background-color: white; border: 0px #F0F0F0 solid; padding:0px 4px 0px 4px" class="hierarchy"/><td style="vertical-align: top; text-align : left; background-color: white; border: 0px #F0F0F0 solid; padding:0px 4px 0px 4px" class="hierarchy"/></tr>
<tr style="border: 0px #F0F0F0 solid; padding:0px; vertical-align: top; background-color: #F7F7F7;"><td style="vertical-align: top; text-align : left; background-color: #F7F7F7; border: 0px #F0F0F0 solid; padding:0px 4px 0px 4px; white-space: nowrap; background-image: url(tbl_bck0010.png)" class="hierarchy"><img src="tbl_spacer.png" alt="." style="background-color: inherit" class="hierarchy"/><img src="tbl_blank.png" alt="." style="background-color: inherit" class="hierarchy"/><img src="tbl_blank.png" alt="." style="background-color: inherit" class="hierarchy"/><img src="tbl_vjoin.png" alt="." style="background-color: inherit" class="hierarchy"/><img src="icon_primitive.png" alt="." style="background-color: #F7F7F7; background-color: inherit" title="Primitive Data Type" class="hierarchy"/> <span title="Base StructureDefinition for string Type: A sequence of Unicode characters">authorString</span></td><td style="vertical-align: top; text-align : left; background-color: #F7F7F7; border: 0px #F0F0F0 solid; padding:0px 4px 0px 4px" class="hierarchy"/><td style="vertical-align: top; text-align : left; background-color: #F7F7F7; border: 0px #F0F0F0 solid; padding:0px 4px 0px 4px" class="hierarchy"></td><td style="vertical-align: top; text-align : left; background-color: #F7F7F7; border: 0px #F0F0F0 solid; padding:0px 4px 0px 4px" class="hierarchy"><a href="http://hl7.org/fhir/STU3/datatypes.html#string">string</a></td><td style="vertical-align: top; text-align : left; background-color: #F7F7F7; border: 0px #F0F0F0 solid; padding:0px 4px 0px 4px" class="hierarchy"/></tr>
<tr style="border: 0px #F0F0F0 solid; padding:0px; vertical-align: top; background-color: white;"><td style="vertical-align: top; text-align : left; background-color: white; border: 0px #F0F0F0 solid; padding:0px 4px 0px 4px; white-space: nowrap; background-image: url(tbl_bck0000.png)" class="hierarchy"><img src="tbl_spacer.png" alt="." style="background-color: inherit" class="hierarchy"/><img src="tbl_blank.png" alt="." style="background-color: inherit" class="hierarchy"/><img src="tbl_blank.png" alt="." style="background-color: inherit" class="hierarchy"/><img src="tbl_vjoin_end.png" alt="." style="background-color: inherit" class="hierarchy"/><img src="icon_reference.png" alt="." style="background-color: white; background-color: inherit" title="Reference to another Resource" class="hierarchy"/> authorReference</td><td style="vertical-align: top; text-align : left; background-color: white; border: 0px #F0F0F0 solid; padding:0px 4px 0px 4px" class="hierarchy"/><td style="vertical-align: top; text-align : left; background-color: white; border: 0px #F0F0F0 solid; padding:0px 4px 0px 4px" class="hierarchy"></td><td style="vertical-align: top; text-align : left; background-color: white; border: 0px #F0F0F0 solid; padding:0px 4px 0px 4px" class="hierarchy"><a href="http://hl7.org/fhir/STU3/references.html#Reference">Reference</a>(<a href="CareConnect-Patient-1.html">CareConnect-Patient-1</a> | <a href="CareConnect-Practitioner-1.html">CareConnect-Practitioner-1</a> | <a href="CareConnect-RelatedPerson-1.html">CareConnect-RelatedPerson-1</a>)</td><td style="vertical-align: top; text-align : left; background-color: white; border: 0px #F0F0F0 solid; padding:0px 4px 0px 4px" class="hierarchy"/></tr>
<tr><td colspan="5" class="hierarchy"><br/><a href="http://hl7.org/fhir/STU3/formats.html#table" title="Legend for this format"><img src="http://hl7.org/fhir/STU3/help16.png" alt="doco" style="background-color: inherit"/> Documentation for this format</a></td></tr></table></div>
  </text>
  <url value="https://fhir.hl7.org.uk/STU3/StructureDefinition/CareConnect-ResearchStudy-1"/>
  <version value="1.0.0"/>
  <name value="CareConnect-ResearchStudy-1"/>
  <status value="draft"/>
  <date value="2019-03-01T13:34:00+00:00"/>
  <publisher value="NHS Digital"/>
  <contact>
    <name value="Interoperability Team"/>
    <telecom>
      <system value="email"/>
      <value value="interoperabilityteam@nhs.net"/>
      <use value="work"/>
    </telecom>
  </contact>
  <description value="A process where a researcher or organization plans and then executes a series of steps intended to increase the field of healthcare-related knowledge. "/>
  <purpose value="[NOT CURATED BY INTEROPEN see: http://www.interopen.org/careconnect-curation-methodology/] Initial development for the Digital Maternity programme"/>
  <copyright value="Copyright &#xA9; 2016 HL7 UK    Licensed under the Apache License, Version 2.0 (the &quot;License&quot;); you may not use this file except in compliance with the License. You may obtain a copy of the License at    http://www.apache.org/licenses/LICENSE-2.0    Unless required by applicable law or agreed to in writing, software distributed under the License is distributed on an &quot;AS IS&quot; BASIS, WITHOUT WARRANTIES OR CONDITIONS OF ANY KIND, either express or implied. See the License for the specific language governing permissions and limitations under the License.    HL7&#xAE; FHIR&#xAE; standard Copyright &#xA9; 2011+ HL7    The HL7&#xAE; FHIR&#xAE; standard is used under the FHIR license. You may obtain a copy of the FHIR license at    https://www.hl7.org/fhir/license.html"/>
  <fhirVersion value="3.0.2"/>
  <mapping>
    <identity value="v2"/>
    <uri value="http://hl7.org/v2"/>
    <name value="HL7 v2 Mapping"/>
  </mapping>
  <mapping>
    <identity value="rim"/>
    <uri value="http://hl7.org/v3"/>
    <name value="RIM Mapping"/>
  </mapping>
  <mapping>
    <identity value="w5"/>
    <uri value="http://hl7.org/fhir/w5"/>
    <name value="W5 Mapping"/>
  </mapping>
  <mapping>
    <identity value="clinicaltrials-gov"/>
    <uri value="http://clinicaltrials.gov"/>
    <name value="ClinicalTrials.gov Mapping"/>
  </mapping>
  <kind value="resource"/>
  <abstract value="false"/>
  <type value="ResearchStudy"/>
  <baseDefinition value="http://hl7.org/fhir/StructureDefinition/ResearchStudy"/>
  <derivation value="constraint"/>
  <snapshot>
    <element id="ResearchStudy">
      <path value="ResearchStudy"/>
      <short value="Investigation to increase healthcare-related patient-independent knowledge"/>
      <definition value="A process where a researcher or organization plans and then executes a series of steps intended to increase the field of healthcare-related knowledge.  This includes studies of safety, efficacy, comparative effectiveness and other information about medications, devices, therapies and other interventional and investigative techniques.  A ResearchStudy involves the gathering of information about human or animal subjects."/>
      <comment value="Need to make sure we encompass public health studies."/>
      <alias value="Clinical Trial"/>
      <alias value="Study"/>
      <min value="0"/>
      <max value="*"/>
      <base>
        <path value="ResearchStudy"/>
        <min value="0"/>
        <max value="*"/>
      </base>
      <constraint>
        <key value="dom-2"/>
        <severity value="error"/>
        <human value="If the resource is contained in another resource, it SHALL NOT contain nested Resources"/>
        <expression value="contained.contained.empty()"/>
        <xpath value="not(parent::f:contained and f:contained)"/>
        <source value="DomainResource"/>
      </constraint>
      <constraint>
        <key value="dom-1"/>
        <severity value="error"/>
        <human value="If the resource is contained in another resource, it SHALL NOT contain any narrative"/>
        <expression value="contained.text.empty()"/>
        <xpath value="not(parent::f:contained and f:text)"/>
        <source value="DomainResource"/>
      </constraint>
      <constraint>
        <key value="dom-4"/>
        <severity value="error"/>
        <human value="If a resource is contained in another resource, it SHALL NOT have a meta.versionId or a meta.lastUpdated"/>
        <expression value="contained.meta.versionId.empty() and contained.meta.lastUpdated.empty()"/>
        <xpath value="not(exists(f:contained/*/f:meta/f:versionId)) and not(exists(f:contained/*/f:meta/f:lastUpdated))"/>
        <source value="DomainResource"/>
      </constraint>
      <constraint>
        <key value="dom-3"/>
        <severity value="error"/>
        <human value="If the resource is contained in another resource, it SHALL be referred to from elsewhere in the resource"/>
        <expression value="contained.where((&#39;#&#39;+id in %resource.descendants().reference).not()).empty()"/>
        <xpath value="not(exists(for $id in f:contained/*/@id return $id[not(ancestor::f:contained/parent::*/descendant::f:reference/@value=concat(&#39;#&#39;, $id))]))"/>
        <source value="DomainResource"/>
      </constraint>
      <mapping>
        <identity value="rim"/>
        <map value="Entity. Role, or Act"/>
      </mapping>
      <mapping>
        <identity value="v2"/>
        <map value="OBX"/>
      </mapping>
      <mapping>
        <identity value="rim"/>
        <map value="Observation[classCode=CLNTRL, moodCode=EVN]"/>
      </mapping>
      <mapping>
        <identity value="w5"/>
        <map value="clinical.diagnostics"/>
      </mapping>
    </element>
    <element id="ResearchStudy.id">
      <path value="ResearchStudy.id"/>
      <short value="Logical id of this artifact"/>
      <definition value="The logical id of the resource, as used in the URL for the resource. Once assigned, this value never changes."/>
      <comment value="The only time that a resource does not have an id is when it is being submitted to the server using a create operation."/>
      <min value="0"/>
      <max value="1"/>
      <base>
        <path value="Resource.id"/>
        <min value="0"/>
        <max value="1"/>
      </base>
      <type>
        <code value="id"/>
      </type>
      <isSummary value="true"/>
    </element>
    <element id="ResearchStudy.meta">
      <path value="ResearchStudy.meta"/>
      <short value="Metadata about the resource"/>
      <definition value="The metadata about the resource. This is content that is maintained by the infrastructure. Changes to the content may not always be associated with version changes to the resource."/>
      <min value="0"/>
      <max value="1"/>
      <base>
        <path value="Resource.meta"/>
        <min value="0"/>
        <max value="1"/>
      </base>
      <type>
        <code value="Meta"/>
      </type>
      <isSummary value="true"/>
    </element>
    <element id="ResearchStudy.implicitRules">
      <path value="ResearchStudy.implicitRules"/>
      <short value="A set of rules under which this content was created"/>
      <definition value="A reference to a set of rules that were followed when the resource was constructed, and which must be understood when processing the content."/>
      <comment value="Asserting this rule set restricts the content to be only understood by a limited set of trading partners. This inherently limits the usefulness of the data in the long term. However, the existing health eco-system is highly fractured, and not yet ready to define, collect, and exchange data in a generally computable sense. Wherever possible, implementers and/or specification writers should avoid using this element. &#xA;&#xA;This element is labelled as a modifier because the implicit rules may provide additional knowledge about the resource that modifies it&#39;s meaning or interpretation."/>
      <min value="0"/>
      <max value="1"/>
      <base>
        <path value="Resource.implicitRules"/>
        <min value="0"/>
        <max value="1"/>
      </base>
      <type>
        <code value="uri"/>
      </type>
      <isModifier value="true"/>
      <isSummary value="true"/>
    </element>
    <element id="ResearchStudy.language">
      <path value="ResearchStudy.language"/>
      <short value="Language of the resource content"/>
      <definition value="The base language in which the resource is written."/>
      <comment value="Language is provided to support indexing and accessibility (typically, services such as text to speech use the language tag). The html language tag in the narrative applies  to the narrative. The language tag on the resource may be used to specify the language of other presentations generated from the data in the resource  Not all the content has to be in the base language. The Resource.language should not be assumed to apply to the narrative automatically. If a language is specified, it should it also be specified on the div element in the html (see rules in HTML5 for information about the relationship between xml:lang and the html lang attribute)."/>
      <min value="0"/>
      <max value="1"/>
      <base>
        <path value="Resource.language"/>
        <min value="0"/>
        <max value="1"/>
      </base>
      <type>
        <code value="code"/>
      </type>
      <binding>
        <extension url="http://hl7.org/fhir/StructureDefinition/elementdefinition-maxValueSet">
          <valueReference>
            <reference value="http://hl7.org/fhir/ValueSet/all-languages"/>
          </valueReference>
        </extension>
        <extension url="http://hl7.org/fhir/StructureDefinition/elementdefinition-bindingName">
          <valueString value="Language"/>
        </extension>
        <extension url="http://hl7.org/fhir/StructureDefinition/elementdefinition-isCommonBinding">
          <valueBoolean value="true"/>
        </extension>
        <strength value="extensible"/>
        <description value="A human language."/>
        <valueSetReference>
          <reference value="http://hl7.org/fhir/ValueSet/languages"/>
        </valueSetReference>
      </binding>
    </element>
    <element id="ResearchStudy.text">
      <path value="ResearchStudy.text"/>
      <short value="Text summary of the resource, for human interpretation"/>
      <definition value="A human-readable narrative that contains a summary of the resource, and may be used to represent the content of the resource to a human. The narrative need not encode all the structured data, but is required to contain sufficient detail to make it &quot;clinically safe&quot; for a human to just read the narrative. Resource definitions may define what content should be represented in the narrative to ensure clinical safety."/>
      <comment value="Contained resources do not have narrative. Resources that are not contained SHOULD have a narrative. In some cases, a resource may only have text with little or no additional discrete data (as long as all minOccurs=1 elements are satisfied).  This may be necessary for data from legacy systems where information is captured as a &quot;text blob&quot; or where text is additionally entered raw or narrated and encoded in formation is added later."/>
      <alias value="narrative"/>
      <alias value="html"/>
      <alias value="xhtml"/>
      <alias value="display"/>
      <min value="0"/>
      <max value="1"/>
      <base>
        <path value="DomainResource.text"/>
        <min value="0"/>
        <max value="1"/>
      </base>
      <type>
        <code value="Narrative"/>
      </type>
      <condition value="dom-1"/>
      <mapping>
        <identity value="rim"/>
        <map value="Act.text?"/>
      </mapping>
    </element>
    <element id="ResearchStudy.contained">
      <path value="ResearchStudy.contained"/>
      <short value="Contained, inline Resources"/>
      <definition value="These resources do not have an independent existence apart from the resource that contains them - they cannot be identified independently, and nor can they have their own independent transaction scope."/>
      <comment value="This should never be done when the content can be identified properly, as once identification is lost, it is extremely difficult (and context dependent) to restore it again."/>
      <alias value="inline resources"/>
      <alias value="anonymous resources"/>
      <alias value="contained resources"/>
      <min value="0"/>
      <max value="*"/>
      <base>
        <path value="DomainResource.contained"/>
        <min value="0"/>
        <max value="*"/>
      </base>
      <type>
        <code value="Resource"/>
      </type>
      <mapping>
        <identity value="rim"/>
        <map value="N/A"/>
      </mapping>
    </element>
    <element id="ResearchStudy.extension">
      <path value="ResearchStudy.extension"/>
      <short value="Additional Content defined by implementations"/>
      <definition value="May be used to represent additional information that is not part of the basic definition of the resource. In order to make the use of extensions safe and manageable, there is a strict set of governance  applied to the definition and use of extensions. Though any implementer is allowed to define an extension, there is a set of requirements that SHALL be met as part of the definition of the extension."/>
      <comment value="There can be no stigma associated with the use of extensions by any application, project, or standard - regardless of the institution or jurisdiction that uses or defines the extensions.  The use of extensions is what allows the FHIR specification to retain a core level of simplicity for everyone."/>
      <alias value="extensions"/>
      <alias value="user content"/>
      <min value="0"/>
      <max value="*"/>
      <base>
        <path value="DomainResource.extension"/>
        <min value="0"/>
        <max value="*"/>
      </base>
      <type>
        <code value="Extension"/>
      </type>
      <mapping>
        <identity value="rim"/>
        <map value="N/A"/>
      </mapping>
    </element>
    <element id="ResearchStudy.modifierExtension">
      <path value="ResearchStudy.modifierExtension"/>
      <short value="Extensions that cannot be ignored"/>
      <definition value="May be used to represent additional information that is not part of the basic definition of the resource, and that modifies the understanding of the element that contains it. Usually modifier elements provide negation or qualification. In order to make the use of extensions safe and manageable, there is a strict set of governance applied to the definition and use of extensions. Though any implementer is allowed to define an extension, there is a set of requirements that SHALL be met as part of the definition of the extension. Applications processing a resource are required to check for modifier extensions."/>
      <comment value="There can be no stigma associated with the use of extensions by any application, project, or standard - regardless of the institution or jurisdiction that uses or defines the extensions.  The use of extensions is what allows the FHIR specification to retain a core level of simplicity for everyone."/>
      <alias value="extensions"/>
      <alias value="user content"/>
      <min value="0"/>
      <max value="*"/>
      <base>
        <path value="DomainResource.modifierExtension"/>
        <min value="0"/>
        <max value="*"/>
      </base>
      <type>
        <code value="Extension"/>
      </type>
      <isModifier value="true"/>
      <mapping>
        <identity value="rim"/>
        <map value="N/A"/>
      </mapping>
    </element>
    <element id="ResearchStudy.identifier">
      <path value="ResearchStudy.identifier"/>
      <short value="Business Identifier for study"/>
      <definition value="Identifiers assigned to this research study by the sponsor or other systems."/>
      <requirements value="Allows identification of the research study as it is known by various participating systems and in a way that remains consistent across servers."/>
      <min value="0"/>
      <max value="*"/>
      <base>
        <path value="ResearchStudy.identifier"/>
        <min value="0"/>
        <max value="*"/>
      </base>
      <type>
        <code value="Identifier"/>
      </type>
      <isSummary value="true"/>
      <mapping>
        <identity value="clinicaltrials-gov"/>
        <map value="Organization&#39;s Unique Protocol ID; Secondary IDs"/>
      </mapping>
      <mapping>
        <identity value="rim"/>
        <map value=".identifier"/>
      </mapping>
      <mapping>
        <identity value="w5"/>
        <map value="id"/>
      </mapping>
    </element>
    <element id="ResearchStudy.identifier.id">
      <path value="ResearchStudy.identifier.id"/>
      <representation value="xmlAttr"/>
      <short value="xml:id (or equivalent in JSON)"/>
      <definition value="unique id for the element within a resource (for internal references). This may be any string value that does not contain spaces."/>
      <min value="0"/>
      <max value="1"/>
      <base>
        <path value="Element.id"/>
        <min value="0"/>
        <max value="1"/>
      </base>
      <type>
        <code value="string"/>
      </type>
      <mapping>
        <identity value="rim"/>
        <map value="n/a"/>
      </mapping>
    </element>
    <element id="ResearchStudy.identifier.extension">
      <path value="ResearchStudy.identifier.extension"/>
      <slicing>
        <discriminator>
          <type value="value"/>
          <path value="url"/>
        </discriminator>
        <description value="Extensions are always sliced by (at least) url"/>
        <rules value="open"/>
      </slicing>
      <short value="Additional Content defined by implementations"/>
      <definition value="May be used to represent additional information that is not part of the basic definition of the element. In order to make the use of extensions safe and manageable, there is a strict set of governance  applied to the definition and use of extensions. Though any implementer is allowed to define an extension, there is a set of requirements that SHALL be met as part of the definition of the extension."/>
      <comment value="There can be no stigma associated with the use of extensions by any application, project, or standard - regardless of the institution or jurisdiction that uses or defines the extensions.  The use of extensions is what allows the FHIR specification to retain a core level of simplicity for everyone."/>
      <alias value="extensions"/>
      <alias value="user content"/>
      <min value="0"/>
      <max value="*"/>
      <base>
        <path value="Element.extension"/>
        <min value="0"/>
        <max value="*"/>
      </base>
      <type>
        <code value="Extension"/>
      </type>
      <mapping>
        <identity value="rim"/>
        <map value="n/a"/>
      </mapping>
    </element>
    <element id="ResearchStudy.identifier.use">
      <path value="ResearchStudy.identifier.use"/>
      <short value="usual | official | temp | secondary (If known)"/>
      <definition value="The purpose of this identifier."/>
      <comment value="This is labeled as &quot;Is Modifier&quot; because applications should not mistake a temporary id for a permanent one. Applications can assume that an identifier is permanent unless it explicitly says that it is temporary."/>
      <requirements value="Allows the appropriate identifier for a particular context of use to be selected from among a set of identifiers."/>
      <min value="0"/>
      <max value="1"/>
      <base>
        <path value="Identifier.use"/>
        <min value="0"/>
        <max value="1"/>
      </base>
      <type>
        <code value="code"/>
      </type>
      <isModifier value="true"/>
      <isSummary value="true"/>
      <binding>
        <extension url="http://hl7.org/fhir/StructureDefinition/elementdefinition-bindingName">
          <valueString value="IdentifierUse"/>
        </extension>
        <strength value="required"/>
        <description value="Identifies the purpose for this identifier, if known ."/>
        <valueSetReference>
          <reference value="http://hl7.org/fhir/ValueSet/identifier-use"/>
        </valueSetReference>
      </binding>
      <mapping>
        <identity value="v2"/>
        <map value="N/A"/>
      </mapping>
      <mapping>
        <identity value="rim"/>
        <map value="Role.code or implied by context"/>
      </mapping>
    </element>
    <element id="ResearchStudy.identifier.type">
      <path value="ResearchStudy.identifier.type"/>
      <short value="Description of identifier"/>
      <definition value="A coded type for the identifier that can be used to determine which identifier to use for a specific purpose."/>
      <comment value="This element deals only with general categories of identifiers.  It SHOULD not be used for codes that correspond 1..1 with the Identifier.system. Some identifiers may fall into multiple categories due to common usage. &#xA;&#xA;Where the system is known, a type is unnecessary because the type is always part of the system definition. However systems often need to handle identifiers where the system is not known. There is not a 1:1 relationship between type and system, since many different systems have the same type."/>
      <requirements value="Allows users to make use of identifiers when the identifier system is not known."/>
      <min value="0"/>
      <max value="1"/>
      <base>
        <path value="Identifier.type"/>
        <min value="0"/>
        <max value="1"/>
      </base>
      <type>
        <code value="CodeableConcept"/>
      </type>
      <isSummary value="true"/>
      <binding>
        <extension url="http://hl7.org/fhir/StructureDefinition/elementdefinition-bindingName">
          <valueString value="IdentifierType"/>
        </extension>
        <extension url="http://hl7.org/fhir/StructureDefinition/elementdefinition-isCommonBinding">
          <valueBoolean value="true"/>
        </extension>
        <strength value="extensible"/>
        <description value="A coded type for an identifier that can be used to determine which identifier to use for a specific purpose."/>
        <valueSetReference>
          <reference value="http://hl7.org/fhir/ValueSet/identifier-type"/>
        </valueSetReference>
      </binding>
      <mapping>
        <identity value="v2"/>
        <map value="CX.5"/>
      </mapping>
      <mapping>
        <identity value="rim"/>
        <map value="Role.code or implied by context"/>
      </mapping>
    </element>
    <element id="ResearchStudy.identifier.system">
      <path value="ResearchStudy.identifier.system"/>
      <short value="The namespace for the identifier value"/>
      <definition value="Establishes the namespace for the value - that is, a URL that describes a set values that are unique."/>
      <requirements value="There are many sets  of identifiers.  To perform matching of two identifiers, we need to know what set we&#39;re dealing with. The system identifies a particular set of unique identifiers."/>
      <min value="0"/>
      <max value="1"/>
      <base>
        <path value="Identifier.system"/>
        <min value="0"/>
        <max value="1"/>
      </base>
      <type>
        <code value="uri"/>
      </type>
      <example>
        <label value="General"/>
        <valueUri value="http://www.acme.com/identifiers/patient"/>
      </example>
      <isSummary value="true"/>
      <mapping>
        <identity value="v2"/>
        <map value="CX.4 / EI-2-4"/>
      </mapping>
      <mapping>
        <identity value="rim"/>
        <map value="II.root or Role.id.root"/>
      </mapping>
      <mapping>
        <identity value="servd"/>
        <map value="./IdentifierType"/>
      </mapping>
    </element>
    <element id="ResearchStudy.identifier.value">
      <path value="ResearchStudy.identifier.value"/>
      <short value="The value that is unique"/>
      <definition value="The portion of the identifier typically relevant to the user and which is unique within the context of the system."/>
      <comment value="If the value is a full URI, then the system SHALL be urn:ietf:rfc:3986.  The value&#39;s primary purpose is computational mapping.  As a result, it may be normalized for comparison purposes (e.g. removing non-significant whitespace, dashes, etc.)  A value formatted for human display can be conveyed using the [Rendered Value extension](http://hl7.org/fhir/STU3/extension-rendered-value.html)."/>
      <min value="0"/>
      <max value="1"/>
      <base>
        <path value="Identifier.value"/>
        <min value="0"/>
        <max value="1"/>
      </base>
      <type>
        <code value="string"/>
      </type>
      <example>
        <label value="General"/>
        <valueString value="123456"/>
      </example>
      <isSummary value="true"/>
      <mapping>
        <identity value="v2"/>
        <map value="CX.1 / EI.1"/>
      </mapping>
      <mapping>
        <identity value="rim"/>
        <map value="II.extension or II.root if system indicates OID or GUID (Or Role.id.extension or root)"/>
      </mapping>
      <mapping>
        <identity value="servd"/>
        <map value="./Value"/>
      </mapping>
    </element>
    <element id="ResearchStudy.identifier.period">
      <path value="ResearchStudy.identifier.period"/>
      <short value="Time period when id is/was valid for use"/>
      <definition value="Time period during which identifier is/was valid for use."/>
      <min value="0"/>
      <max value="1"/>
      <base>
        <path value="Identifier.period"/>
        <min value="0"/>
        <max value="1"/>
      </base>
      <type>
        <code value="Period"/>
      </type>
      <isSummary value="true"/>
      <mapping>
        <identity value="v2"/>
        <map value="CX.7 + CX.8"/>
      </mapping>
      <mapping>
        <identity value="rim"/>
        <map value="Role.effectiveTime or implied by context"/>
      </mapping>
      <mapping>
        <identity value="servd"/>
        <map value="./StartDate and ./EndDate"/>
      </mapping>
    </element>
    <element id="ResearchStudy.identifier.assigner">
      <path value="ResearchStudy.identifier.assigner"/>
      <short value="Organization that issued id (may be just text)"/>
      <definition value="Organization that issued/manages the identifier."/>
      <comment value="The Identifier.assigner may omit the .reference element and only contain a .display element reflecting the name or other textual information about the assigning organization."/>
      <min value="0"/>
      <max value="1"/>
      <base>
        <path value="Identifier.assigner"/>
        <min value="0"/>
        <max value="1"/>
      </base>
      <type>
        <code value="Reference"/>
        <targetProfile value="https://fhir.hl7.org.uk/STU3/StructureDefinition/CareConnect-Organization-1"/>
      </type>
      <isSummary value="true"/>
      <mapping>
        <identity value="v2"/>
        <map value="CX.4 / (CX.4,CX.9,CX.10)"/>
      </mapping>
      <mapping>
        <identity value="rim"/>
        <map value="II.assigningAuthorityName but note that this is an improper use by the definition of the field.  Also Role.scoper"/>
      </mapping>
      <mapping>
        <identity value="servd"/>
        <map value="./IdentifierIssuingAuthority"/>
      </mapping>
    </element>
    <element id="ResearchStudy.title">
      <path value="ResearchStudy.title"/>
      <short value="Name for this study"/>
      <definition value="A short, descriptive user-friendly label for the study."/>
      <min value="0"/>
      <max value="1"/>
      <base>
        <path value="ResearchStudy.title"/>
        <min value="0"/>
        <max value="1"/>
      </base>
      <type>
        <code value="string"/>
      </type>
      <isSummary value="true"/>
      <mapping>
        <identity value="clinicaltrials-gov"/>
        <map value="Brief Title"/>
      </mapping>
    </element>
    <element id="ResearchStudy.protocol">
      <path value="ResearchStudy.protocol"/>
      <short value="Steps followed in executing study"/>
      <definition value="The set of steps expected to be performed as part of the execution of the study."/>
      <min value="0"/>
      <max value="*"/>
      <base>
        <path value="ResearchStudy.protocol"/>
        <min value="0"/>
        <max value="*"/>
      </base>
      <type>
        <code value="Reference"/>
        <targetProfile value="http://hl7.org/fhir/StructureDefinition/PlanDefinition"/>
      </type>
      <isSummary value="true"/>
      <mapping>
        <identity value="clinicaltrials-gov"/>
        <map value="Interventions; Arm/Intervention Cross-Reference"/>
      </mapping>
      <mapping>
        <identity value="rim"/>
        <map value=".outboundRelationship[typeCode=DEFN].target"/>
      </mapping>
    </element>
    <element id="ResearchStudy.partOf">
      <path value="ResearchStudy.partOf"/>
      <short value="Part of larger study"/>
      <definition value="A larger research study of which this particular study is a component or step."/>
      <requirements value="Allows breaking a study into components (e.g. by study site) each with their own PI, status, enrollment, etc."/>
      <alias value="container"/>
      <min value="0"/>
      <max value="*"/>
      <base>
        <path value="ResearchStudy.partOf"/>
        <min value="0"/>
        <max value="*"/>
      </base>
      <type>
        <code value="Reference"/>
        <targetProfile value="https://fhir.hl7.org.uk/STU3/StructureDefinition/CareConnect-ResearchStudy-1"/>
      </type>
      <isSummary value="true"/>
      <mapping>
        <identity value="rim"/>
        <map value=".inboundRelationship[typeCode=COMP].source[moodCode=EVN]"/>
      </mapping>
    </element>
    <element id="ResearchStudy.status">
      <path value="ResearchStudy.status"/>
      <short value="draft | in-progress | suspended | stopped | completed | entered-in-error"/>
      <definition value="The current state of the study."/>
      <comment value="This element is labeled as a modifier because the status contains codes that mark the resource as not currently valid."/>
      <min value="1"/>
      <max value="1"/>
      <base>
        <path value="ResearchStudy.status"/>
        <min value="1"/>
        <max value="1"/>
      </base>
      <type>
        <code value="code"/>
      </type>
      <isModifier value="true"/>
      <isSummary value="true"/>
      <binding>
        <extension url="http://hl7.org/fhir/StructureDefinition/elementdefinition-bindingName">
          <valueString value="ResearchStudyStatus"/>
        </extension>
        <strength value="required"/>
        <description value="Codes that convey the current status of the research study"/>
        <valueSetReference>
          <reference value="http://hl7.org/fhir/ValueSet/research-study-status"/>
        </valueSetReference>
      </binding>
      <mapping>
        <identity value="rim"/>
        <map value=".status"/>
      </mapping>
      <mapping>
        <identity value="w5"/>
        <map value="status"/>
      </mapping>
    </element>
    <element id="ResearchStudy.category">
      <path value="ResearchStudy.category"/>
      <short value="Classifications for the study"/>
      <definition value="Codes categorizing the type of study such as investigational vs. observational, type of blinding, type of randomization, safety vs. efficacy, etc."/>
      <min value="0"/>
      <max value="*"/>
      <base>
        <path value="ResearchStudy.category"/>
        <min value="0"/>
        <max value="*"/>
      </base>
      <type>
        <code value="CodeableConcept"/>
      </type>
      <isSummary value="true"/>
      <binding>
        <extension url="http://hl7.org/fhir/StructureDefinition/elementdefinition-bindingName">
          <valueString value="ResearchStudyCategory"/>
        </extension>
        <strength value="example"/>
        <description value="Codes that describe the type of research study.  E.g. Study phase, Interventional/Observational, blinding type, etc."/>
      </binding>
      <mapping>
        <identity value="clinicaltrials-gov"/>
        <map value="Study Type; Primary Purpose; Study Phase; Interventional Model; Masking; Allocation; study Classification; Observational Study Model; Time Perspective; Biospecimen Retention"/>
      </mapping>
    </element>
    <element id="ResearchStudy.focus">
      <path value="ResearchStudy.focus"/>
      <short value="Drugs, devices, conditions, etc. under study"/>
      <definition value="The condition(s), medication(s), food(s), therapy(ies), device(s) or other concerns or interventions that the study is seeking to gain more information about."/>
      <min value="0"/>
      <max value="*"/>
      <base>
        <path value="ResearchStudy.focus"/>
        <min value="0"/>
        <max value="*"/>
      </base>
      <type>
        <code value="CodeableConcept"/>
      </type>
      <isSummary value="true"/>
      <binding>
        <extension url="http://hl7.org/fhir/StructureDefinition/elementdefinition-bindingName">
          <valueString value="ResearchStudyFocus"/>
        </extension>
        <strength value="example"/>
        <description value="Codes for medications, devices, conditions and other interventions"/>
      </binding>
      <mapping>
        <identity value="clinicaltrials-gov"/>
        <map value="Conditions or Focus of Study"/>
      </mapping>
      <mapping>
        <identity value="w5"/>
        <map value="what"/>
      </mapping>
    </element>
    <element id="ResearchStudy.contact">
      <path value="ResearchStudy.contact"/>
      <short value="Contact details for the study"/>
      <definition value="Contact details to assist a user in learning more about or engaging with the study."/>
      <min value="0"/>
      <max value="*"/>
      <base>
        <path value="ResearchStudy.contact"/>
        <min value="0"/>
        <max value="*"/>
      </base>
      <type>
        <code value="ContactDetail"/>
      </type>
      <isSummary value="true"/>
      <mapping>
        <identity value="clinicaltrials-gov"/>
        <map value="Central Contact; Central Contact Backup; Overall Study Officials; Facility Contact &amp; Backup (if Study tied to only one location); Investigators"/>
      </mapping>
    </element>
    <element id="ResearchStudy.relatedArtifact">
      <path value="ResearchStudy.relatedArtifact"/>
      <short value="References and dependencies"/>
      <definition value="Citations, references and other related documents."/>
      <min value="0"/>
      <max value="*"/>
      <base>
        <path value="ResearchStudy.relatedArtifact"/>
        <min value="0"/>
        <max value="*"/>
      </base>
      <type>
        <code value="RelatedArtifact"/>
      </type>
      <mapping>
        <identity value="clinicaltrials-gov"/>
        <map value="Citations, Links, Available Study Data/Documents"/>
      </mapping>
    </element>
    <element id="ResearchStudy.keyword">
      <path value="ResearchStudy.keyword"/>
      <short value="Used to search for the study"/>
      <definition value="Key terms to aid in searching for or filtering the study."/>
      <min value="0"/>
      <max value="*"/>
      <base>
        <path value="ResearchStudy.keyword"/>
        <min value="0"/>
        <max value="*"/>
      </base>
      <type>
        <code value="CodeableConcept"/>
      </type>
      <isSummary value="true"/>
      <binding>
        <extension url="http://hl7.org/fhir/StructureDefinition/elementdefinition-bindingName">
          <valueString value="ResearchStudyKeyword"/>
        </extension>
        <strength value="example"/>
        <description value="Words associated with the study that may be useful in discovery"/>
      </binding>
      <mapping>
        <identity value="clinicaltrials-gov"/>
        <map value="Keywords"/>
      </mapping>
    </element>
    <element id="ResearchStudy.jurisdiction">
      <path value="ResearchStudy.jurisdiction"/>
      <short value="Geographic region(s) for study"/>
      <definition value="Indicates a country, state or other region where the study is taking place."/>
      <min value="0"/>
      <max value="*"/>
      <base>
        <path value="ResearchStudy.jurisdiction"/>
        <min value="0"/>
        <max value="*"/>
      </base>
      <type>
        <code value="CodeableConcept"/>
      </type>
      <isSummary value="true"/>
      <binding>
        <extension url="http://hl7.org/fhir/StructureDefinition/elementdefinition-bindingName">
          <valueString value="Jurisdiction"/>
        </extension>
        <extension url="http://hl7.org/fhir/StructureDefinition/elementdefinition-isCommonBinding">
          <valueBoolean value="true"/>
        </extension>
        <strength value="extensible"/>
        <description value="Countries and regions within which this artifact is targeted for use"/>
        <valueSetReference>
          <reference value="http://hl7.org/fhir/ValueSet/jurisdiction"/>
        </valueSetReference>
      </binding>
    </element>
    <element id="ResearchStudy.description">
      <path value="ResearchStudy.description"/>
      <short value="What this is study doing"/>
      <definition value="A full description of how the study is being conducted."/>
      <min value="0"/>
      <max value="1"/>
      <base>
        <path value="ResearchStudy.description"/>
        <min value="0"/>
        <max value="1"/>
      </base>
      <type>
        <code value="markdown"/>
      </type>
      <mapping>
        <identity value="clinicaltrials-gov"/>
        <map value="Detailed Description"/>
      </mapping>
    </element>
    <element id="ResearchStudy.enrollment">
      <path value="ResearchStudy.enrollment"/>
      <short value="Inclusion &amp; exclusion criteria"/>
      <definition value="Reference to a Group that defines the criteria for and quantity of subjects participating in the study.  E.g. &quot; 200 female Europeans between the ages of 20 and 45 with early onset diabetes&quot;."/>
      <comment value="The Group referenced should not generally enumerate specific subjects.  Subjects will be linked to the study using the ResearchSubject resource."/>
      <alias value="patient"/>
      <min value="0"/>
      <max value="*"/>
      <base>
        <path value="ResearchStudy.enrollment"/>
        <min value="0"/>
        <max value="*"/>
      </base>
      <type>
        <code value="Reference"/>
        <targetProfile value="http://hl7.org/fhir/StructureDefinition/Group"/>
      </type>
      <isSummary value="true"/>
      <mapping>
        <identity value="clinicaltrials-gov"/>
        <map value="Enrollment; Number of Groups/Cohorts (= number of &quot;enrollment&quot; instances); Groups (Group/Cohort Label = Group.name; Group/Cohort Description = Group.description); Eligibility (Group criteria)"/>
      </mapping>
      <mapping>
        <identity value="w5"/>
        <map value="who.focus"/>
      </mapping>
    </element>
    <element id="ResearchStudy.period">
      <path value="ResearchStudy.period"/>
      <short value="When the study began and ended"/>
      <definition value="Identifies the start date and the expected (or actual, depending on status) end date for the study."/>
      <requirements value="[The list of types may be constrained as appropriate for the type of event]."/>
      <alias value="timing"/>
      <min value="0"/>
      <max value="1"/>
      <base>
        <path value="ResearchStudy.period"/>
        <min value="0"/>
        <max value="1"/>
      </base>
      <type>
        <code value="Period"/>
      </type>
      <isSummary value="true"/>
      <mapping>
        <identity value="clinicaltrials-gov"/>
        <map value="Study Start Date (start); Study Completion Date (end)"/>
      </mapping>
      <mapping>
        <identity value="w5"/>
        <map value="when.done"/>
      </mapping>
    </element>
    <element id="ResearchStudy.sponsor">
      <path value="ResearchStudy.sponsor"/>
      <short value="Organization responsible for the study"/>
      <definition value="The organization responsible for the execution of the study."/>
      <min value="0"/>
      <max value="1"/>
      <base>
        <path value="ResearchStudy.sponsor"/>
        <min value="0"/>
        <max value="1"/>
      </base>
      <type>
        <code value="Reference"/>
        <targetProfile value="https://fhir.hl7.org.uk/STU3/StructureDefinition/CareConnect-Organization-1"/>
      </type>
      <isSummary value="true"/>
      <mapping>
        <identity value="clinicaltrials-gov"/>
        <map value="Sponsor"/>
      </mapping>
      <mapping>
        <identity value="w5"/>
        <map value="who.actor"/>
      </mapping>
    </element>
    <element id="ResearchStudy.principalInvestigator">
      <path value="ResearchStudy.principalInvestigator"/>
      <short value="The individual responsible for the study"/>
      <definition value="Indicates the individual who has primary oversite of the execution of the study."/>
      <min value="0"/>
      <max value="1"/>
      <base>
        <path value="ResearchStudy.principalInvestigator"/>
        <min value="0"/>
        <max value="1"/>
      </base>
      <type>
        <code value="Reference"/>
        <targetProfile value="https://fhir.hl7.org.uk/STU3/StructureDefinition/CareConnect-Practitioner-1"/>
      </type>
      <isSummary value="true"/>
      <mapping>
        <identity value="clinicaltrials-gov"/>
        <map value="Principal Investigator"/>
      </mapping>
      <mapping>
        <identity value="w5"/>
        <map value="who.actor"/>
      </mapping>
    </element>
    <element id="ResearchStudy.site">
      <path value="ResearchStudy.site"/>
      <short value="Location involved in study execution"/>
      <definition value="Clinic, hospital or other healthcare location that is participating in the study."/>
      <min value="0"/>
      <max value="*"/>
      <base>
        <path value="ResearchStudy.site"/>
        <min value="0"/>
        <max value="*"/>
      </base>
      <type>
        <code value="Reference"/>
        <targetProfile value="https://fhir.hl7.org.uk/STU3/StructureDefinition/CareConnect-Location-1"/>
      </type>
      <isSummary value="true"/>
      <mapping>
        <identity value="clinicaltrials-gov"/>
        <map value="Facility"/>
      </mapping>
      <mapping>
        <identity value="w5"/>
        <map value="where"/>
      </mapping>
    </element>
    <element id="ResearchStudy.reasonStopped">
      <path value="ResearchStudy.reasonStopped"/>
      <short value="Reason for terminating study early"/>
      <definition value="A description and/or code explaining the premature termination of the study."/>
      <min value="0"/>
      <max value="1"/>
      <base>
        <path value="ResearchStudy.reasonStopped"/>
        <min value="0"/>
        <max value="1"/>
      </base>
      <type>
        <code value="CodeableConcept"/>
      </type>
      <isSummary value="true"/>
      <mapping>
        <identity value="clinicaltrials-gov"/>
        <map value="Why Study Stopped"/>
      </mapping>
      <mapping>
        <identity value="w5"/>
        <map value="why"/>
      </mapping>
    </element>
    <element id="ResearchStudy.note">
      <path value="ResearchStudy.note"/>
      <short value="Comments made about the event"/>
      <definition value="Comments made about the event by the performer, subject or other participants."/>
      <min value="0"/>
      <max value="*"/>
      <base>
        <path value="ResearchStudy.note"/>
        <min value="0"/>
        <max value="*"/>
      </base>
      <type>
        <code value="Annotation"/>
      </type>
    </element>
    <element id="ResearchStudy.note.id">
      <path value="ResearchStudy.note.id"/>
      <representation value="xmlAttr"/>
      <short value="xml:id (or equivalent in JSON)"/>
      <definition value="unique id for the element within a resource (for internal references). This may be any string value that does not contain spaces."/>
      <min value="0"/>
      <max value="1"/>
      <base>
        <path value="Element.id"/>
        <min value="0"/>
        <max value="1"/>
      </base>
      <type>
        <code value="string"/>
      </type>
      <mapping>
        <identity value="rim"/>
        <map value="n/a"/>
      </mapping>
    </element>
    <element id="ResearchStudy.note.extension">
      <path value="ResearchStudy.note.extension"/>
      <slicing>
        <discriminator>
          <type value="value"/>
          <path value="url"/>
        </discriminator>
        <description value="Extensions are always sliced by (at least) url"/>
        <rules value="open"/>
      </slicing>
      <short value="Additional Content defined by implementations"/>
      <definition value="May be used to represent additional information that is not part of the basic definition of the element. In order to make the use of extensions safe and manageable, there is a strict set of governance  applied to the definition and use of extensions. Though any implementer is allowed to define an extension, there is a set of requirements that SHALL be met as part of the definition of the extension."/>
      <comment value="There can be no stigma associated with the use of extensions by any application, project, or standard - regardless of the institution or jurisdiction that uses or defines the extensions.  The use of extensions is what allows the FHIR specification to retain a core level of simplicity for everyone."/>
      <alias value="extensions"/>
      <alias value="user content"/>
      <min value="0"/>
      <max value="*"/>
      <base>
        <path value="Element.extension"/>
        <min value="0"/>
        <max value="*"/>
      </base>
      <type>
        <code value="Extension"/>
      </type>
      <mapping>
        <identity value="rim"/>
        <map value="n/a"/>
      </mapping>
    </element>
    <element id="ResearchStudy.note.author[x]">
      <path value="ResearchStudy.note.author[x]"/>
      <short value="Individual responsible for the annotation"/>
      <definition value="The individual responsible for making the annotation."/>
      <min value="0"/>
      <max value="1"/>
      <base>
        <path value="Annotation.author[x]"/>
        <min value="0"/>
        <max value="1"/>
      </base>
      <type>
        <code value="string"/>
      </type>
      <type>
        <code value="Reference"/>
        <targetProfile value="https://fhir.hl7.org.uk/STU3/StructureDefinition/CareConnect-Patient-1"/>
      </type>
      <type>
        <code value="Reference"/>
        <targetProfile value="https://fhir.hl7.org.uk/STU3/StructureDefinition/CareConnect-Practitioner-1"/>
      </type>
      <type>
        <code value="Reference"/>
        <targetProfile value="https://fhir.hl7.org.uk/STU3/StructureDefinition/CareConnect-RelatedPerson-1"/>
      </type>
      <isSummary value="true"/>
      <mapping>
        <identity value="v2"/>
        <map value="N/A"/>
      </mapping>
      <mapping>
        <identity value="rim"/>
        <map value="Act.participant[typeCode=AUT].role"/>
      </mapping>
    </element>
    <element id="ResearchStudy.note.time">
      <path value="ResearchStudy.note.time"/>
      <short value="When the annotation was made"/>
      <definition value="Indicates when this particular annotation was made."/>
      <min value="0"/>
      <max value="1"/>
      <base>
        <path value="Annotation.time"/>
        <min value="0"/>
        <max value="1"/>
      </base>
      <type>
        <code value="dateTime"/>
      </type>
      <isSummary value="true"/>
      <mapping>
        <identity value="v2"/>
        <map value="N/A"/>
      </mapping>
      <mapping>
        <identity value="rim"/>
        <map value="Act.effectiveTime"/>
      </mapping>
    </element>
    <element id="ResearchStudy.note.text">
      <path value="ResearchStudy.note.text"/>
      <short value="The annotation  - text content"/>
      <definition value="The text of the annotation."/>
      <min value="1"/>
      <max value="1"/>
      <base>
        <path value="Annotation.text"/>
        <min value="1"/>
        <max value="1"/>
      </base>
      <type>
        <code value="string"/>
      </type>
      <mapping>
        <identity value="v2"/>
        <map value="N/A"/>
      </mapping>
      <mapping>
        <identity value="rim"/>
        <map value="Act.text"/>
      </mapping>
    </element>
    <element id="ResearchStudy.arm">
      <path value="ResearchStudy.arm"/>
      <short value="Defined path through the study for a subject"/>
      <definition value="Describes an expected sequence of events for one of the participants of a study.  E.g. Exposure to drug A, wash-out, exposure to drug B, wash-out, follow-up."/>
      <min value="0"/>
      <max value="*"/>
      <base>
        <path value="ResearchStudy.arm"/>
        <min value="0"/>
        <max value="*"/>
      </base>
      <type>
        <code value="BackboneElement"/>
      </type>
      <constraint>
        <key value="ele-1"/>
        <severity value="error"/>
        <human value="All FHIR elements must have a @value or children"/>
        <expression value="hasValue() | (children().count() &gt; id.count())"/>
        <xpath value="@value|f:*|h:div"/>
        <source value="Element"/>
      </constraint>
      <mapping>
        <identity value="clinicaltrials-gov"/>
        <map value="Arms"/>
      </mapping>
    </element>
    <element id="ResearchStudy.arm.id">
      <path value="ResearchStudy.arm.id"/>
      <representation value="xmlAttr"/>
      <short value="xml:id (or equivalent in JSON)"/>
      <definition value="unique id for the element within a resource (for internal references). This may be any string value that does not contain spaces."/>
      <min value="0"/>
      <max value="1"/>
      <base>
        <path value="Element.id"/>
        <min value="0"/>
        <max value="1"/>
      </base>
      <type>
        <code value="string"/>
      </type>
      <mapping>
        <identity value="rim"/>
        <map value="n/a"/>
      </mapping>
    </element>
    <element id="ResearchStudy.arm.extension">
      <path value="ResearchStudy.arm.extension"/>
      <short value="Additional Content defined by implementations"/>
      <definition value="May be used to represent additional information that is not part of the basic definition of the element. In order to make the use of extensions safe and manageable, there is a strict set of governance  applied to the definition and use of extensions. Though any implementer is allowed to define an extension, there is a set of requirements that SHALL be met as part of the definition of the extension."/>
      <comment value="There can be no stigma associated with the use of extensions by any application, project, or standard - regardless of the institution or jurisdiction that uses or defines the extensions.  The use of extensions is what allows the FHIR specification to retain a core level of simplicity for everyone."/>
      <alias value="extensions"/>
      <alias value="user content"/>
      <min value="0"/>
      <max value="*"/>
      <base>
        <path value="Element.extension"/>
        <min value="0"/>
        <max value="*"/>
      </base>
      <type>
        <code value="Extension"/>
      </type>
      <mapping>
        <identity value="rim"/>
        <map value="n/a"/>
      </mapping>
    </element>
    <element id="ResearchStudy.arm.modifierExtension">
      <path value="ResearchStudy.arm.modifierExtension"/>
      <short value="Extensions that cannot be ignored"/>
      <definition value="May be used to represent additional information that is not part of the basic definition of the element, and that modifies the understanding of the element that contains it. Usually modifier elements provide negation or qualification. In order to make the use of extensions safe and manageable, there is a strict set of governance applied to the definition and use of extensions. Though any implementer is allowed to define an extension, there is a set of requirements that SHALL be met as part of the definition of the extension. Applications processing a resource are required to check for modifier extensions."/>
      <comment value="There can be no stigma associated with the use of extensions by any application, project, or standard - regardless of the institution or jurisdiction that uses or defines the extensions.  The use of extensions is what allows the FHIR specification to retain a core level of simplicity for everyone."/>
      <alias value="extensions"/>
      <alias value="user content"/>
      <alias value="modifiers"/>
      <min value="0"/>
      <max value="*"/>
      <base>
        <path value="BackboneElement.modifierExtension"/>
        <min value="0"/>
        <max value="*"/>
      </base>
      <type>
        <code value="Extension"/>
      </type>
      <isModifier value="true"/>
      <isSummary value="true"/>
      <mapping>
        <identity value="rim"/>
        <map value="N/A"/>
      </mapping>
    </element>
    <element id="ResearchStudy.arm.name">
      <path value="ResearchStudy.arm.name"/>
      <short value="Label for study arm"/>
      <definition value="Unique, human-readable label for this arm of the study."/>
      <min value="1"/>
      <max value="1"/>
      <base>
        <path value="ResearchStudy.arm.name"/>
        <min value="1"/>
        <max value="1"/>
      </base>
      <type>
        <code value="string"/>
      </type>
      <mapping>
        <identity value="clinicaltrials-gov"/>
        <map value="Arm Label"/>
      </mapping>
    </element>
    <element id="ResearchStudy.arm.code">
      <path value="ResearchStudy.arm.code"/>
      <short value="Categorization of study arm"/>
      <definition value="Categorization of study arm, e.g. experimental, active comparator, placebo comparater."/>
      <min value="0"/>
      <max value="1"/>
      <base>
        <path value="ResearchStudy.arm.code"/>
        <min value="0"/>
        <max value="1"/>
      </base>
      <type>
        <code value="CodeableConcept"/>
      </type>
      <mapping>
        <identity value="clinicaltrials-gov"/>
        <map value="Arm Type"/>
      </mapping>
    </element>
    <element id="ResearchStudy.arm.description">
      <path value="ResearchStudy.arm.description"/>
      <short value="Short explanation of study path"/>
      <definition value="A succinct description of the path through the study that would be followed by a subject adhering to this arm."/>
      <min value="0"/>
      <max value="1"/>
      <base>
        <path value="ResearchStudy.arm.description"/>
        <min value="0"/>
        <max value="1"/>
      </base>
      <type>
        <code value="string"/>
      </type>
      <mapping>
        <identity value="clinicaltrials-gov"/>
        <map value="Arm Description"/>
      </mapping>
    </element>
  </snapshot>
  <differential>
    <element id="ResearchStudy.identifier.assigner">
      <path value="ResearchStudy.identifier.assigner"/>
      <type>
        <code value="Reference"/>
        <targetProfile value="https://fhir.hl7.org.uk/STU3/StructureDefinition/CareConnect-Organization-1"/>
      </type>
    </element>
    <element id="ResearchStudy.partOf">
      <path value="ResearchStudy.partOf"/>
      <type>
        <code value="Reference"/>
        <targetProfile value="https://fhir.hl7.org.uk/STU3/StructureDefinition/CareConnect-ResearchStudy-1"/>
      </type>
    </element>
    <element id="ResearchStudy.sponsor">
      <path value="ResearchStudy.sponsor"/>
      <type>
        <code value="Reference"/>
        <targetProfile value="https://fhir.hl7.org.uk/STU3/StructureDefinition/CareConnect-Organization-1"/>
      </type>
    </element>
    <element id="ResearchStudy.principalInvestigator">
      <path value="ResearchStudy.principalInvestigator"/>
      <type>
        <code value="Reference"/>
        <targetProfile value="https://fhir.hl7.org.uk/STU3/StructureDefinition/CareConnect-Practitioner-1"/>
      </type>
    </element>
    <element id="ResearchStudy.site">
      <path value="ResearchStudy.site"/>
      <type>
        <code value="Reference"/>
        <targetProfile value="https://fhir.hl7.org.uk/STU3/StructureDefinition/CareConnect-Location-1"/>
      </type>
    </element>
    <element id="ResearchStudy.note.author[x]">
      <path value="ResearchStudy.note.author[x]"/>
      <type>
        <code value="string"/>
      </type>
      <type>
        <code value="Reference"/>
        <targetProfile value="https://fhir.hl7.org.uk/STU3/StructureDefinition/CareConnect-Patient-1"/>
      </type>
      <type>
        <code value="Reference"/>
        <targetProfile value="https://fhir.hl7.org.uk/STU3/StructureDefinition/CareConnect-Practitioner-1"/>
      </type>
      <type>
        <code value="Reference"/>
        <targetProfile value="https://fhir.hl7.org.uk/STU3/StructureDefinition/CareConnect-RelatedPerson-1"/>
      </type>
    </element>
  </differential>
</StructureDefinition>