<?xml version="1.0" encoding="UTF-8"?>

<ValueSet xmlns="http://hl7.org/fhir">
  <id value="ValueSet-CareConnect-DischargeDestination-1"/>
  <text>
    <status value="generated"/><div xmlns="http://www.w3.org/1999/xhtml"><h2>NHS Data Model and Dictionary Discharge Destination</h2><div><p>The destination of a Patient on completion of a Hospital Provider Spell, or a note that the Patient died or was a still birth.</p>
</div><p><b>Copyright Statement:</b> Copyright © 2016 HL7 UK</p><p>This value set includes codes from the following code systems:</p><ul><li>Include all codes defined in <a href="CodeSystem-CareConnect-DischargeDestination-1.html"><code>https://fhir.hl7.org.uk/STU3/CodeSystem/CareConnect-DischargeDestination-1</code></a></li></ul></div>
  </text>
  <extension url="http://hl7.org/fhir/StructureDefinition/valueset-sourceReference">
    <valueUri value="http://www.datadictionary.nhs.uk/data_dictionary/attributes/d/disc/discharge_destination_de.asp?shownav=1"/>
  </extension>
  <url value="https://fhir.hl7.org.uk/STU3/ValueSet/CareConnect-DischargeDestination-1"/>
  <version value="1.1.0"/>
  <name value="NHS Data Model and Dictionary Discharge Destination"/>
  <status value="draft"/>
  <date value="2018-11-14T00:00:00+00:00"/>
  <publisher value="HL7 UK"/>
  <description value="The destination of a Patient on completion of a Hospital Provider Spell, or a note that the Patient died or was a still birth."/>
  <copyright value="Copyright &#xA9; 2016 HL7 UK"/>
  <compose>
    <include>
      <system value="https://fhir.hl7.org.uk/STU3/CodeSystem/CareConnect-DischargeDestination-1"/>
    </include>
  </compose>
</ValueSet>