<?xml version="1.0" encoding="UTF-8"?>

<ValueSet xmlns="http://hl7.org/fhir">
  <id value="ValueSet-CareConnect-VaccinationProcedure-1"/>
  <text>
    <status value="generated"/><div xmlns="http://www.w3.org/1999/xhtml"><h2>Care Connect Vaccination Procedure</h2><div><p>A code from the SNOMED Clinical Terminology UK coding system to record a vaccination procedure.</p>
</div><p><b>Copyright Statement:</b> This value set includes content from SNOMED CT, which is copyright © 2002+ International Health Terminology Standards Development Organisation (IHTSDO), and distributed by agreement between IHTSDO and HL7. Implementer use of SNOMED CT is not covered by this agreement.</p><p>This value set includes codes from the following code systems:</p><ul><li>Include codes from <a href="http://www.snomed.org/"><code>http://snomed.info/sct</code></a> where constraint  =  (&lt;&lt;33879002 OR &lt;&lt;713404003 OR &lt;&lt;955641000000103 OR &lt;&lt;955691000000108 OR &lt;&lt;955701000000108 OR &lt;&lt;957581000000102 OR &lt;&lt;957751000000103 OR &lt;&lt;1066171000000108 OR &lt;&lt;140611000119104 OR &lt;&lt;15483003 OR &lt;&lt;39343008 OR &lt;&lt;34631000 OR &lt;&lt;72093006 OR &lt;&lt;425897001 OR &lt;&lt;8605003 OR &lt;&lt;428502009 OR &lt;&lt;283451000000105 OR &lt;&lt;308753004 OR &lt;&lt;572481000119103 OR &lt;&lt;965851000000105 OR &lt;&lt;761841000 OR &lt;&lt;16300531000119107 OR &lt;&lt;14747002 OR &lt;&lt;283431000000103 OR &lt;&lt;427633002) MINUS (&lt;&lt;304250009 OR &lt;&lt;51116004 OR &lt;&lt;296811004 OR &lt;&lt;294631000 OR &lt;&lt;425457005 OR &lt;&lt;291705006 OR &lt;&lt;417451006 OR &lt;&lt;47988006 OR &lt;&lt;293095001 OR &lt;&lt;601000000100 OR &lt;&lt;123471000119103 OR &lt;&lt;266758009 OR &lt;&lt;223464006 OR &lt;&lt;185324002 OR &lt;&lt;416064006 OR &lt;&lt;428119001 OR &lt;&lt;308433002 OR &lt;&lt;183944003 OR &lt;&lt;408864009 OR &lt;&lt;202111000000106 OR &lt;&lt;708538000 OR &lt;&lt;418019003 OR &lt;&lt;416237000 OR &lt;&lt;400999005 OR &lt;&lt;309370004)</li></ul></div>
  </text>
  <url value="https://fhir.hl7.org.uk/STU3/ValueSet/CareConnect-VaccinationProcedure-1"/>
  <version value="1.1.0"/>
  <name value="Care Connect Vaccination Procedure"/>
  <status value="draft"/>
  <date value="2018-11-01T00:00:00+00:00"/>
  <publisher value="HL7 UK"/>
  <description value="A code from the SNOMED Clinical Terminology UK coding system to record a vaccination procedure."/>
  <copyright value="This value set includes content from SNOMED CT, which is copyright &#xA9; 2002+ International Health Terminology Standards Development Organisation (IHTSDO), and distributed by agreement between IHTSDO and HL7. Implementer use of SNOMED CT is not covered by this agreement."/>
  <compose>
    <include>
      <system value="http://snomed.info/sct"/>
      <filter>
        <property value="constraint"/>
        <op value="="/>
        <value value="(&lt;&lt;33879002 OR &lt;&lt;713404003 OR &lt;&lt;955641000000103 OR &lt;&lt;955691000000108 OR &lt;&lt;955701000000108 OR &lt;&lt;957581000000102 OR &lt;&lt;957751000000103 OR &lt;&lt;1066171000000108 OR &lt;&lt;140611000119104 OR &lt;&lt;15483003 OR &lt;&lt;39343008 OR &lt;&lt;34631000 OR &lt;&lt;72093006 OR &lt;&lt;425897001 OR &lt;&lt;8605003 OR &lt;&lt;428502009 OR &lt;&lt;283451000000105 OR &lt;&lt;308753004 OR &lt;&lt;572481000119103 OR &lt;&lt;965851000000105 OR &lt;&lt;761841000 OR &lt;&lt;16300531000119107 OR &lt;&lt;14747002 OR &lt;&lt;283431000000103 OR &lt;&lt;427633002) MINUS (&lt;&lt;304250009 OR &lt;&lt;51116004 OR &lt;&lt;296811004 OR &lt;&lt;294631000 OR &lt;&lt;425457005 OR &lt;&lt;291705006 OR &lt;&lt;417451006 OR &lt;&lt;47988006 OR &lt;&lt;293095001 OR &lt;&lt;601000000100 OR &lt;&lt;123471000119103 OR &lt;&lt;266758009 OR &lt;&lt;223464006 OR &lt;&lt;185324002 OR &lt;&lt;416064006 OR &lt;&lt;428119001 OR &lt;&lt;308433002 OR &lt;&lt;183944003 OR &lt;&lt;408864009 OR &lt;&lt;202111000000106 OR &lt;&lt;708538000 OR &lt;&lt;418019003 OR &lt;&lt;416237000 OR &lt;&lt;400999005 OR &lt;&lt;309370004)"/>
      </filter>
    </include>
  </compose>
</ValueSet>