<?xml version="1.0" encoding="UTF-8"?>

<ValueSet xmlns="http://hl7.org/fhir">
  <id value="ValueSet-CareConnect-AllergyManifestation-1"/>
  <text>
    <status value="generated"/><div xmlns="http://www.w3.org/1999/xhtml"><h2>Care Connect Allergy Manifestation</h2><div><p>A code from the SNOMED Clinical Terminology UK hierarchy with concept id '404684003' to record an allergy manifestation or a value from the HL7 FHIR nullFlavors code system.</p>
</div><p><b>Copyright Statement:</b> This value set includes content from SNOMED CT, which is copyright © 2002+ International Health Terminology Standards Development Organisation (IHTSDO), and distributed by agreement between IHTSDO and HL7. Implementer use of SNOMED CT is not covered by this agreement.</p><p>This value set includes codes from the following code systems:</p><ul><li>Include codes from <a href="http://www.snomed.org/"><code>http://snomed.info/sct</code></a> where concept  in  404684003 (Clinical finding (finding))</li><li>Include codes from <a href="http://hl7.org/fhir/STU3/v3/NullFlavor/cs.html"><code>http://hl7.org/fhir/v3/NullFlavor</code></a> where concept  =  <a href="http://hl7.org/fhir/STU3/v3/NullFlavor/cs.html#v3-NullFlavor-UNC">UNC</a> and <a href="http://hl7.org/fhir/STU3/v3/NullFlavor/cs.html"><code>http://hl7.org/fhir/v3/NullFlavor</code></a> where concept  =  <a href="http://hl7.org/fhir/STU3/v3/NullFlavor/cs.html#v3-NullFlavor-ASKU">ASKU</a> and <a href="http://hl7.org/fhir/STU3/v3/NullFlavor/cs.html"><code>http://hl7.org/fhir/v3/NullFlavor</code></a> where concept  =  <a href="http://hl7.org/fhir/STU3/v3/NullFlavor/cs.html#v3-NullFlavor-NI">NI</a></li></ul></div>
  </text>
  <url value="https://fhir.hl7.org.uk/STU3/ValueSet/CareConnect-AllergyManifestation-1"/>
  <version value="1.2.0"/>
  <name value="Care Connect Allergy Manifestation"/>
  <status value="draft"/>
  <date value="2018-11-14T00:00:00+00:00"/>
  <publisher value="HL7 UK"/>
  <description value="A code from the SNOMED Clinical Terminology UK hierarchy with concept id &#39;404684003&#39; to record an allergy manifestation or a value from the HL7 FHIR nullFlavors code system."/>
  <copyright value="This value set includes content from SNOMED CT, which is copyright &#xA9; 2002+ International Health Terminology Standards Development Organisation (IHTSDO), and distributed by agreement between IHTSDO and HL7. Implementer use of SNOMED CT is not covered by this agreement."/>
  <compose>
    <include>
      <system value="http://snomed.info/sct"/>
      <filter>
        <property value="concept"/>
        <op value="in"/>
        <value value="404684003"/>
      </filter>
    </include>
    <include>
      <system value="http://hl7.org/fhir/v3/NullFlavor"/>
      <filter>
        <property value="concept"/>
        <op value="="/>
        <value value="UNC"/>
      </filter>
      <filter>
        <property value="concept"/>
        <op value="="/>
        <value value="ASKU"/>
      </filter>
      <filter>
        <property value="concept"/>
        <op value="="/>
        <value value="NI"/>
      </filter>
    </include>
  </compose>
</ValueSet>