<?xml version="1.0" encoding="UTF-8"?>

<ValueSet xmlns="http://hl7.org/fhir">
  <id value="ValueSet-CareConnect-MaritalStatus-1"/>
  <text>
    <status value="generated"/><div xmlns="http://www.w3.org/1999/xhtml"><h2>Marital Status Codes</h2><div><p>This value set defines the set of codes that can be used to indicate the marital status of a person.</p>
</div><p><b>Copyright Statement:</b> Copyright © HL7.org 2011+</p><p>This value set includes codes from the following code systems:</p><ul><li>Include these codes as defined in <a href="http://hl7.org/fhir/STU3/v3/MaritalStatus/cs.html"><code>http://hl7.org/fhir/v3/MaritalStatus</code></a><table class="none"><tr><td style="white-space:nowrap"><b>Code</b></td><td><b>Display</b></td></tr><tr><td><a href="http://hl7.org/fhir/STU3/v3/MaritalStatus/cs.html#v3-MaritalStatus-A">A</a></td><td>Annulled</td><td>Marriage contract has been declared null and to not have existed</td></tr><tr><td><a href="http://hl7.org/fhir/STU3/v3/MaritalStatus/cs.html#v3-MaritalStatus-D">D</a></td><td>Divorced</td><td>Marriage contract has been declared dissolved and inactive</td></tr><tr><td><a href="http://hl7.org/fhir/STU3/v3/MaritalStatus/cs.html#v3-MaritalStatus-I">I</a></td><td>Interlocutory</td><td>Subject to an Interlocutory Decree.</td></tr><tr><td><a href="http://hl7.org/fhir/STU3/v3/MaritalStatus/cs.html#v3-MaritalStatus-L">L</a></td><td>Legally Separated</td><td>Legally Separated</td></tr><tr><td><a href="http://hl7.org/fhir/STU3/v3/MaritalStatus/cs.html#v3-MaritalStatus-M">M</a></td><td>Married</td><td>A current marriage contract is active</td></tr><tr><td><a href="http://hl7.org/fhir/STU3/v3/MaritalStatus/cs.html#v3-MaritalStatus-P">P</a></td><td>Polygamous</td><td>More than 1 current spouse</td></tr><tr><td><a href="http://hl7.org/fhir/STU3/v3/MaritalStatus/cs.html#v3-MaritalStatus-S">S</a></td><td>Never Married</td><td>No marriage contract has ever been entered</td></tr><tr><td><a href="http://hl7.org/fhir/STU3/v3/MaritalStatus/cs.html#v3-MaritalStatus-T">T</a></td><td>Domestic partner</td><td>Person declares that a domestic partner relationship exists.</td></tr><tr><td><a href="http://hl7.org/fhir/STU3/v3/MaritalStatus/cs.html#v3-MaritalStatus-U">U</a></td><td>unmaried</td><td>Currently not in a marriage contract.</td></tr><tr><td><a href="http://hl7.org/fhir/STU3/v3/MaritalStatus/cs.html#v3-MaritalStatus-W">W</a></td><td>Widowed</td><td>The spouse has died</td></tr></table></li><li>Include these codes as defined in <a href="http://hl7.org/fhir/STU3/v3/NullFlavor/cs.html"><code>http://hl7.org/fhir/v3/NullFlavor</code></a><table class="none"><tr><td style="white-space:nowrap"><b>Code</b></td><td><b>Display</b></td></tr><tr><td><a href="http://hl7.org/fhir/STU3/v3/NullFlavor/cs.html#v3-NullFlavor-UNK">UNK</a></td><td>unknown</td><td>Description:A proper value is applicable, but not known.<br/>
                        
                           Usage Notes: This means the actual value is not known.  If the only thing that is unknown is how to properly express the value in the necessary constraints (value set, datatype, etc.), then the OTH or UNC flavor should be used.  No properties should be included for a datatype with this property unless:<br/>
                        
                           Those properties themselves directly translate to a semantic of &quot;unknown&quot;.  (E.g. a local code sent as a translation that conveys 'unknown')
                           Those properties further qualify the nature of what is unknown.  (E.g. specifying a use code of &quot;H&quot; and a URL prefix of &quot;tel:&quot; to convey that it is the home phone number that is unknown.)</td></tr></table></li></ul></div>
  </text>
  <extension url="http://hl7.org/fhir/StructureDefinition/valueset-map">
    <valueReference>
      <reference value="https://fhir.hl7.org.uk/STU3/ConceptMap/CareConnect-MaritalStatus-1"/>
    </valueReference>
  </extension>
  <extension url="http://hl7.org/fhir/StructureDefinition/valueset-sourceReference">
    <valueUri value="http://hl7.org/fhir/ValueSet/marital-status"/>
  </extension>
  <extension url="http://hl7.org/fhir/StructureDefinition/structuredefinition-wg">
    <valueCode value="pa"/>
  </extension>
  <extension url="http://hl7.org/fhir/StructureDefinition/structuredefinition-fmm">
    <valueInteger value="5"/>
  </extension>
  <extension url="http://hl7.org/fhir/StructureDefinition/structuredefinition-ballot-status">
    <valueString value="Informative"/>
  </extension>
  <url value="https://fhir.hl7.org.uk/STU3/ValueSet/CareConnect-MaritalStatus-1"/>
  <identifier>
    <system value="urn:ietf:rfc:3986"/>
    <value value="urn:oid:2.16.840.1.113883.4.642.3.28"/>
  </identifier>
  <version value="3.0.1"/>
  <name value="Marital Status Codes"/>
  <status value="draft"/>
  <date value="2017-04-18T22:44:47+01:00"/>
  <publisher value="HL7 (FHIR Project)"/>
  <contact>
    <telecom>
      <system value="url"/>
      <value value="http://hl7.org/fhir"/>
    </telecom>
  </contact>
  <description value="This value set defines the set of codes that can be used to indicate the marital status of a person."/>
  <copyright value="Copyright &#xA9; HL7.org 2011+"/>
  <extensible value="true"/>
  <compose>
    <include>
      <system value="http://hl7.org/fhir/v3/MaritalStatus"/>
      <concept>
        <code value="A"/>
        <display value="Annulled"/>
      </concept>
      <concept>
        <code value="D"/>
        <display value="Divorced"/>
      </concept>
      <concept>
        <code value="I"/>
        <display value="Interlocutory"/>
      </concept>
      <concept>
        <code value="L"/>
        <display value="Legally Separated"/>
      </concept>
      <concept>
        <code value="M"/>
        <display value="Married"/>
      </concept>
      <concept>
        <code value="P"/>
        <display value="Polygamous"/>
      </concept>
      <concept>
        <code value="S"/>
        <display value="Never Married"/>
      </concept>
      <concept>
        <code value="T"/>
        <display value="Domestic partner"/>
      </concept>
      <concept>
        <code value="U"/>
        <display value="unmaried"/>
      </concept>
      <concept>
        <code value="W"/>
        <display value="Widowed"/>
      </concept>
    </include>
    <include>
      <system value="http://hl7.org/fhir/v3/NullFlavor"/>
      <concept>
        <code value="UNK"/>
        <display value="unknown"/>
      </concept>
    </include>
  </compose>
</ValueSet>