{"resourceType":"ValueSet","id":"ValueSet-CareConnect-SourceOfReferral-1","text":{"status":"generated","div":"<div xmlns=\"http://www.w3.org/1999/xhtml\"><h2>Care Connect Source of Referral</h2><div><p>A code from the SNOMED Clinical Terminology UK coding system that describes the source of the referral.</p>\n</div><p><b>Copyright Statement:</b> This value set includes content from SNOMED CT, which is copyright © 2002+ International Health Terminology Standards Development Organisation (IHTSDO), and distributed by agreement between IHTSDO and HL7. Implementer use of SNOMED CT is not covered by this agreement.</p><p>This value set includes codes from the following code systems:</p><ul><li>Include codes from <a href=\"http://www.snomed.org/\"><code>http://snomed.info/sct</code></a> where concept  =  &lt; 309013001 |Referred by person (finding)</li><li>Include codes from <a href=\"http://www.snomed.org/\"><code>http://snomed.info/sct</code></a> where concept  =  &lt; 306098008 |Self-referral (procedure)</li></ul></div>"},"url":"https://fhir.hl7.org.uk/STU3/ValueSet/CareConnect-SourceOfReferral-1","version":"1.0.0","name":"Care Connect Source of Referral","status":"draft","date":"2019-07-16T18:43:00+01:00","publisher":"HL7 UK","description":"A code from the SNOMED Clinical Terminology UK coding system that describes the source of the referral.","copyright":"This value set includes content from SNOMED CT, which is copyright © 2002+ International Health Terminology Standards Development Organisation (IHTSDO), and distributed by agreement between IHTSDO and HL7. Implementer use of SNOMED CT is not covered by this agreement.","compose":{"include":[{"system":"http://snomed.info/sct","filter":[{"property":"concept","op":"=","value":"< 309013001 |Referred by person (finding)"}]},{"system":"http://snomed.info/sct","filter":[{"property":"concept","op":"=","value":"< 306098008 |Self-referral (procedure)"}]}]}}