{"resourceType":"ValueSet","id":"ValueSet-CareConnect-ConditionRelationship-1","text":{"status":"generated","div":"<div xmlns=\"http://www.w3.org/1999/xhtml\"><h2>Care Connect Condition Relationship</h2><div><p>A ValueSet that identifies the kind of relationship that exists with a target condition or problem..</p>\n</div><p><b>Copyright Statement:</b> Copyright © 2016 HL7 UK</p><p>This value set includes codes from the following code systems:</p><ul><li>Include all codes defined in <a href=\"CodeSystem-CareConnect-ConditionRelationship-1.html\"><code>https://fhir.hl7.org.uk/STU3/CodeSystem/CareConnect-ConditionRelationship-1</code></a></li></ul></div>"},"url":"https://fhir.hl7.org.uk/STU3/ValueSet/CareConnect-ConditionRelationship-1","version":"1.1.0","name":"Care Connect Condition Relationship","status":"draft","date":"2019-09-04T15:30:00+01:00","publisher":"HL7 UK","description":"A ValueSet that identifies the kind of relationship that exists with a target condition or problem..","copyright":"Copyright © 2016 HL7 UK","compose":{"include":[{"system":"https://fhir.hl7.org.uk/STU3/CodeSystem/CareConnect-ConditionRelationship-1"}]}}