{"resourceType":"ValueSet","id":"ValueSet-CareConnect-LanguageAbilityProficiency-1","text":{"status":"generated","div":"<div xmlns=\"http://www.w3.org/1999/xhtml\"><h2>Care Connect Language Ability Proficiency</h2><div><p>A ValueSet to identify the level of proficiency in communicating a language.</p>\n</div><p><b>Copyright Statement:</b> Copyright © 2016 HL7 UK</p><p>This value set includes codes from the following code systems:</p><ul><li>Include all codes defined in <a href=\"CodeSystem-CareConnect-LanguageAbilityProficiency-1.html\"><code>https://fhir.hl7.org.uk/STU3/CodeSystem/CareConnect-LanguageAbilityProficiency-1</code></a></li></ul></div>"},"url":"https://fhir.hl7.org.uk/STU3/ValueSet/CareConnect-LanguageAbilityProficiency-1","identifier":[{"system":"urn:ietf:rfc:3986","value":"urn:oid:2.16.840.1.113883.5.61"}],"version":"1.1.0","name":"Care Connect Language Ability Proficiency","status":"draft","date":"2018-11-01T00:00:00+00:00","publisher":"HL7 UK","description":"A ValueSet to identify the level of proficiency in communicating a language.","copyright":"Copyright © 2016 HL7 UK","compose":{"include":[{"system":"https://fhir.hl7.org.uk/STU3/CodeSystem/CareConnect-LanguageAbilityProficiency-1"}]}}