{"resourceType":"ValueSet","id":"ValueSet-CareConnect-AdmissionMethod-1","text":{"status":"generated","div":"<div xmlns=\"http://www.w3.org/1999/xhtml\"><h2>NHS Data Model and Dictionary Admission Method</h2><div><p>The method of admission to a Hospital Provider Spell.</p>\n</div><p><b>Copyright Statement:</b> Copyright © 2016 HL7 UK</p><p>This value set includes codes from the following code systems:</p><ul><li>Include all codes defined in <a href=\"CodeSystem-CareConnect-AdmissionMethod-1.html\"><code>https://fhir.hl7.org.uk/STU3/CodeSystem/CareConnect-AdmissionMethod-1</code></a></li></ul></div>"},"extension":[{"url":"http://hl7.org/fhir/StructureDefinition/valueset-sourceReference","valueUri":"http://www.datadictionary.nhs.uk/data_dictionary/attributes/a/add/admission_method_de.asp?shownav=1"}],"url":"https://fhir.hl7.org.uk/STU3/ValueSet/CareConnect-AdmissionMethod-1","version":"1.1.0","name":"NHS Data Model and Dictionary Admission Method","status":"draft","date":"2018-11-14T00:00:00+00:00","publisher":"HL7 UK","description":"The method of admission to a Hospital Provider Spell.","copyright":"Copyright © 2016 HL7 UK","compose":{"include":[{"system":"https://fhir.hl7.org.uk/STU3/CodeSystem/CareConnect-AdmissionMethod-1"}]}}