{"resourceType":"ValueSet","id":"ValueSet-CareConnect-DocumentType-1","text":{"status":"generated","div":"<div xmlns=\"http://www.w3.org/1999/xhtml\"><h2>Care Connect Document Type</h2><div><p>A code from the SNOMED Clinical Terminology UK coding system that describes a clinical document type. Any code from the SNOMED CT UK 'Document Type' subset with subset original id 44041000000135; the corresponding SNOMED CT UK Refset fully specified name is 'Correspondence document type simple reference set (foundation metadata concept)' with Refset Id 999000391000000109.</p>\n</div><p><b>Copyright Statement:</b> This value set includes content from SNOMED CT, which is copyright © 2002+ International Health Terminology Standards Development Organisation (IHTSDO), and distributed by agreement between IHTSDO and HL7. Implementer use of SNOMED CT is not covered by this agreement.</p><p>This value set includes codes from the following code systems:</p><ul><li>Include codes from <a href=\"http://www.snomed.org/\"><code>http://snomed.info/sct</code></a> where concept  in  999000391000000109</li></ul></div>"},"url":"https://fhir.hl7.org.uk/STU3/ValueSet/CareConnect-DocumentType-1","version":"1.1.0","name":"Care Connect Document Type","status":"draft","date":"2018-11-05T00:00:00+00:00","publisher":"HL7 UK","description":"A code from the SNOMED Clinical Terminology UK coding system that describes a clinical document type. Any code from the SNOMED CT UK 'Document Type' subset with subset original id 44041000000135; the corresponding SNOMED CT UK Refset fully specified name is 'Correspondence document type simple reference set (foundation metadata concept)' with Refset Id 999000391000000109.","copyright":"This value set includes content from SNOMED CT, which is copyright © 2002+ International Health Terminology Standards Development Organisation (IHTSDO), and distributed by agreement between IHTSDO and HL7. Implementer use of SNOMED CT is not covered by this agreement.","compose":{"include":[{"system":"http://snomed.info/sct","filter":[{"property":"concept","op":"in","value":"999000391000000109"}]}]}}