{"resourceType":"ValueSet","id":"ValueSet-CareConnect-SaturatedOxygenSp02Scale-1","text":{"status":"generated","div":"<div xmlns=\"http://www.w3.org/1999/xhtml\"><h2>Care Connect Saturated Oxygen Sp02 Scale</h2><div><p>A code from the SNOMED Clinical Terminology UK coding system which describes whether a saturated oxygen (Sp02) Scale of 1 or 2 should be used.  SpO2 Scale 2 is used in patients with hypercapnic respiratory failure (usually due to COPD)</p>\n</div><p><b>Copyright Statement:</b> This value set includes content from SNOMED CT, which is copyright © 2002+ International Health Terminology Standards Development Organisation (IHTSDO), and distributed by agreement between IHTSDO and HL7. Implementer use of SNOMED CT is not covered by this agreement.</p><p>This value set includes codes from the following code systems:</p><ul><li>Include codes from <a href=\"http://www.snomed.org/\"><code>http://snomed.info/sct</code></a> where constraint  =  (1104311000000102 |Royal College of Physicians National Early Warning Score 2 - oxygen saturation scale 1 score| OR 1104321000000108 |Royal College of Physicians National Early Warning Score 2 - oxygen saturation scale 2 score|)</li></ul></div>"},"url":"https://fhir.hl7.org.uk/STU3/ValueSet/CareConnect-SaturatedOxygenSp02Scale-1","version":"1.0.0","name":"Care Connect Saturated Oxygen Sp02 Scale","status":"draft","date":"2018-10-19T13:48:00+01:00","publisher":"HL7 UK","description":"A code from the SNOMED Clinical Terminology UK coding system which describes whether a saturated oxygen (Sp02) Scale of 1 or 2 should be used.  SpO2 Scale 2 is used in patients with hypercapnic respiratory failure (usually due to COPD)","copyright":"This value set includes content from SNOMED CT, which is copyright © 2002+ International Health Terminology Standards Development Organisation (IHTSDO), and distributed by agreement between IHTSDO and HL7. Implementer use of SNOMED CT is not covered by this agreement.","compose":{"include":[{"system":"http://snomed.info/sct","filter":[{"property":"constraint","op":"=","value":"(1104311000000102 |Royal College of Physicians National Early Warning Score 2 - oxygen saturation scale 1 score| OR 1104321000000108 |Royal College of Physicians National Early Warning Score 2 - oxygen saturation scale 2 score|)"}]}]}}