{"resourceType":"ValueSet","id":"ValueSet-CareConnect-SDSJobRoleName-1","text":{"status":"generated","div":"<div xmlns=\"http://www.w3.org/1999/xhtml\"><h2>Care Connect SDS Job Role Name</h2><div><p>A ValueSet that identifies the job role associated with the person on the smart card. This consists of a set of Role Based Access Control (RBAC) codes. This code list is externally maintained.</p>\n</div><p><b>Copyright Statement:</b> Copyright © 2016 HL7 UK</p><p>This value set includes codes from the following code systems:</p><ul><li>Include all codes defined in <a href=\"CodeSystem-CareConnect-SDSJobRoleName-1.html\"><code>https://fhir.hl7.org.uk/STU3/CodeSystem/CareConnect-SDSJobRoleName-1</code></a></li></ul></div>"},"url":"https://fhir.hl7.org.uk/STU3/ValueSet/CareConnect-SDSJobRoleName-1","version":"1.1.0","name":"Care Connect SDS Job Role Name","status":"draft","date":"2018-11-01T00:00:00+00:00","publisher":"HL7 UK","description":"A ValueSet that identifies the job role associated with the person on the smart card. This consists of a set of Role Based Access Control (RBAC) codes. This code list is externally maintained.","copyright":"Copyright © 2016 HL7 UK","compose":{"include":[{"system":"https://fhir.hl7.org.uk/STU3/CodeSystem/CareConnect-SDSJobRoleName-1"}]}}