{"resourceType":"ValueSet","id":"ValueSet-CareConnect-SourceOfAdmission-1","text":{"status":"generated","div":"<div xmlns=\"http://www.w3.org/1999/xhtml\"><h2>NHS Data Model and Dictionary Source Of Admission</h2><div><p>The source of admission to a Hospital Provider Spell or a Nursing Episode when the Patient is in a Hospital Site or a Care Home.</p>\n</div><p><b>Copyright Statement:</b> Copyright © 2016 HL7 UK</p><p>This value set includes codes from the following code systems:</p><ul><li>Include all codes defined in <a href=\"CodeSystem-CareConnect-SourceOfAdmission-1.html\"><code>https://fhir.hl7.org.uk/STU3/CodeSystem/CareConnect-SourceOfAdmission-1</code></a></li></ul></div>"},"extension":[{"url":"http://hl7.org/fhir/StructureDefinition/valueset-sourceReference","valueUri":"http://www.datadictionary.nhs.uk/data_dictionary/attributes/s/smo/source_of_admission_de.asp?shownav=1"}],"url":"https://fhir.hl7.org.uk/STU3/ValueSet/CareConnect-SourceOfAdmission-1","version":"1.1.0","name":"NHS Data Model and Dictionary Source Of Admission","status":"draft","date":"2018-11-14T00:00:00+00:00","publisher":"HL7 UK","description":"The source of admission to a Hospital Provider Spell or a Nursing Episode when the Patient is in a Hospital Site or a Care Home.","copyright":"Copyright © 2016 HL7 UK","compose":{"include":[{"system":"https://fhir.hl7.org.uk/STU3/CodeSystem/CareConnect-SourceOfAdmission-1"}]}}