{"resourceType":"ValueSet","id":"ValueSet-CareConnect-TreatmentCategory-1","text":{"status":"generated","div":"<div xmlns=\"http://www.w3.org/1999/xhtml\"><h2>Care Connect Treatment Category</h2><div><p>A ValueSet that identifies the treatment category for this patient.</p>\n</div><p><b>Copyright Statement:</b> Copyright © 2016 HL7 UK</p><p>This value set includes codes from the following code systems:</p><ul><li>Include all codes defined in <a href=\"CodeSystem-CareConnect-TreatmentCategory-1.html\"><code>https://fhir.hl7.org.uk/STU3/CodeSystem/CareConnect-TreatmentCategory-1</code></a></li></ul></div>"},"url":"https://fhir.hl7.org.uk/STU3/ValueSet/CareConnect-TreatmentCategory-1","version":"1.1.0","name":"Care Connect Treatment Category","status":"draft","date":"2018-11-02T00:00:00+00:00","publisher":"HL7 UK","description":"A ValueSet that identifies the treatment category for this patient.","copyright":"Copyright © 2016 HL7 UK","compose":{"include":[{"system":"https://fhir.hl7.org.uk/STU3/CodeSystem/CareConnect-TreatmentCategory-1"}]}}