{"resourceType":"ValueSet","id":"ValueSet-CareConnect-NHSDataDictionary-PersonStatedGender-1","text":{"status":"generated","div":"<div xmlns=\"http://www.w3.org/1999/xhtml\"><h2>NHS Data Model and Dictionary Person Stated Gender Code</h2><div><p>The gender of a Person. Person Stated Gender Code is self declared or inferred by observation for those unable to declare their Person Stated Gender.</p>\n</div><p><b>Copyright Statement:</b> Copyright © 2016 HL7 UK</p><p>This value set includes codes from the following code systems:</p><ul><li>Include all codes defined in <a href=\"CodeSystem-CareConnect-NHSDataDictionary-PersonStatedGender-1.html\"><code>https://fhir.hl7.org.uk/STU3/CodeSystem/CareConnect-NHSDataDictionary-PersonStatedGender-1</code></a></li></ul></div>"},"extension":[{"url":"http://hl7.org/fhir/StructureDefinition/valueset-sourceReference","valueUri":"http://www.datadictionary.nhs.uk/data_dictionary/attributes/p/person/person_stated_gender_code_de.asp?shownav=1"}],"url":"https://fhir.hl7.org.uk/STU3/ValueSet/CareConnect-NHSDataDictionary-PersonStatedGender-1","version":"1.0.0","name":"NHS Data Model and Dictionary Person Stated Gender Code","status":"active","date":"2017-08-21T13:00:00+01:00","publisher":"HL7 UK","description":"The gender of a Person. Person Stated Gender Code is self declared or inferred by observation for those unable to declare their Person Stated Gender.","copyright":"Copyright © 2016 HL7 UK","compose":{"include":[{"system":"https://fhir.hl7.org.uk/STU3/CodeSystem/CareConnect-NHSDataDictionary-PersonStatedGender-1"}]}}