<?xml version="1.0" encoding="UTF-8"?><CodeSystem xmlns="http://hl7.org/fhir"><id value="CodeSystem-CareConnect-OutcomeOfAttendance-1"/><text><status value="generated"/><div xmlns="http://www.w3.org/1999/xhtml"><h2>NHS Data Model and Dictionary Outcome of Attendance</h2><div><p>This records the outcome of an Out-Patient Attendance Consultant.</p>
</div><p><b>Copyright Statement:</b> Copyright &#xA9; 2016 HL7 UK</p><p>This code system https://fhir.hl7.org.uk/STU3/CodeSystem/CareConnect-OutcomeOfAttendance-1 defines the following codes:</p><table class="codes"><tr><td style="white-space:nowrap"><b>Code</b></td><td><b>Display</b></td><td><b>Definition</b></td></tr><tr><td style="white-space:nowrap">1<a name="CodeSystem-CareConnect-OutcomeOfAttendance-1-1"> </a></td><td>Discharged from Consultant&#39;s care (last attendance)</td><td/></tr><tr><td style="white-space:nowrap">2<a name="CodeSystem-CareConnect-OutcomeOfAttendance-1-2"> </a></td><td>Another Appointment given</td><td/></tr><tr><td style="white-space:nowrap">3<a name="CodeSystem-CareConnect-OutcomeOfAttendance-1-3"> </a></td><td>Appointment to be made at a later date</td><td/></tr></table></div></text><extension url="http://hl7.org/fhir/StructureDefinition/codesystem-sourceReference"><valueUri value="http://www.datadictionary.nhs.uk/data_dictionary/attributes/o/out/outcome_of_attendance_de.asp?shownav=1"/></extension><url value="https://fhir.hl7.org.uk/STU3/CodeSystem/CareConnect-OutcomeOfAttendance-1"/><version value="1.1.0"/><name value="NHS Data Model and Dictionary Outcome of Attendance"/><status value="draft"/><date value="2018-11-14T00:00:00+00:00"/><publisher value="HL7 UK"/><description value="This records the outcome of an Out-Patient Attendance Consultant."/><copyright value="Copyright &#xA9; 2016 HL7 UK"/><content value="complete"/><concept><code value="1"/><display value="Discharged from Consultant&#39;s care (last attendance)"/></concept><concept><code value="2"/><display value="Another Appointment given"/></concept><concept><code value="3"/><display value="Appointment to be made at a later date"/></concept></CodeSystem>