<?xml version="1.0" encoding="UTF-8"?><ConceptMap xmlns="http://hl7.org/fhir"><id value="CareConnect-AllergyVerificationStatus-1"/><text><status value="generated"/><div xmlns="http://www.w3.org/1999/xhtml"><h2>Concept Map - Allergy Verification Status (https://fhir.hl7.org.uk/STU3/ConceptMap/CareConnect-AllergyVerificationStatus-1)</h2><p>Mapping from <a href="ValueSet-CareConnect-AllergyVerificationStatus-1.html">https://fhir.hl7.org.uk/STU3/ValueSet/CareConnect-AllergyVerificationStatus-1</a> to <a href="ValueSet-CareConnect-AllergyCertainty-1.html">https://fhir.hl7.org.uk/STU3/ValueSet/CareConnect-AllergyCertainty-1</a></p><p>DRAFT. Published on 14-Nov-2018 00:00:00 by HL7 UK. Copyright &#xA9; 2016 HL7 UK</p><div><p>A Concept Map from ValueSet Allergy Verification Status to Allergy Certainity to aid interpretation.</p>
</div><br/><table class="grid"><tr><td><b>Source Code</b></td><td><b>Equivalence</b></td><td><b>Destination Code</b></td></tr><tr><td>unconfirmed</td><td>equivalent</td><td>385434005 (Improbable diagnosis (contextual qualifier) (qualifier value))</td></tr><tr><td>unconfirmed</td><td>equivalent</td><td>2931005 (Likely)</td></tr><tr><td>confirmed</td><td>equivalent</td><td>255545003 (Definite)</td></tr><tr><td>confirmed</td><td>equivalent</td><td>410605003 (Confirmed present (qualifier value))</td></tr></table></div></text><url value="https://fhir.hl7.org.uk/STU3/ConceptMap/CareConnect-AllergyVerificationStatus-1"/><version value="1.1.0"/><name value="Concept Map - Allergy Verification Status"/><status value="draft"/><date value="2018-11-14T00:00:00+00:00"/><publisher value="HL7 UK"/><description value="A Concept Map from ValueSet Allergy Verification Status to Allergy Certainity to aid interpretation."/><copyright value="Copyright &#xA9; 2016 HL7 UK"/><sourceUri value="https://fhir.hl7.org.uk/STU3/ValueSet/CareConnect-AllergyVerificationStatus-1"/><targetUri value="https://fhir.hl7.org.uk/STU3/ValueSet/CareConnect-AllergyCertainty-1"/><group><source value="http://hl7.org/fhir/allergy-verification-status"/><target value="http://snomed.info/sct"/><element><code value="unconfirmed"/><display value="Unconfirmed"/><target><code value="385434005"/><display value="Improbable diagnosis"/><equivalence value="equivalent"/></target></element><element><code value="unconfirmed"/><display value="Unconfirmed"/><target><code value="2931005"/><display value="Probable diagnosis"/><equivalence value="equivalent"/></target></element><element><code value="confirmed"/><display value="Confirmed"/><target><code value="255545003"/><display value="Definite"/><equivalence value="equivalent"/></target></element><element><code value="confirmed"/><display value="Confirmed"/><target><code value="410605003"/><display value="Confirmed present"/><equivalence value="equivalent"/></target></element></group></ConceptMap>