<?xml version="1.0" encoding="UTF-8"?><ImplementationGuide xmlns="http://hl7.org/fhir"><id value="nhsdigital-fhir-stu3-core"/><text><status value="generated"/><div xmlns="http://www.w3.org/1999/xhtml"><h2>FHIR STU3 Core</h2><p>The official URL for this implementation guide is: </p><pre>https://fhir.hl7.org.uk/STU3/StructureDefinitions/FHIR-STU3-Core-ImplementationGuide-1</pre></div></text><url value="https://fhir.hl7.org.uk/STU3/StructureDefinitions/FHIR-STU3-Core-ImplementationGuide-1"/><name value="FHIR STU3 Core"/><status value="draft"/><experimental value="true"/><publisher value="NHS Digital"/><contact><telecom><system value="email"/><value value="mailto:interoperabilityteam@nhs.net"/><use value="work"/></telecom></contact><jurisdiction><coding><system value="urn:iso:std:iso:3166"/><code value="GB"/><display value="United Kingdom of Great Britain and Northern Ireland"/></coding></jurisdiction><fhirVersion value="3.0.1"/><package id="p1"><name value="FHIR STU3 Core"/><description value="FHIR STU3 Core Assets"/><resource><extension url="http://hl7.org/fhir/StructureDefinition/implementationguide-page"><valueUri value="CareConnect-HealthcareService-1.html"/></extension><example value="false"/><sourceReference><reference value="StructureDefinition/CareConnect-HealthcareService-1"/></sourceReference></resource><resource><extension url="http://hl7.org/fhir/StructureDefinition/implementationguide-page"><valueUri value="CareConnect-HeartRate-Observation-1.html"/></extension><example value="false"/><sourceReference><reference value="StructureDefinition/CareConnect-HeartRate-Observation-1"/></sourceReference></resource><resource><extension url="http://hl7.org/fhir/StructureDefinition/implementationguide-page"><valueUri value="CareConnect-Immunization-1.html"/></extension><example value="false"/><sourceReference><reference value="StructureDefinition/CareConnect-Immunization-1"/></sourceReference></resource><resource><extension url="http://hl7.org/fhir/StructureDefinition/implementationguide-page"><valueUri value="CareConnect-InspiredOxygen-Observation-1.html"/></extension><example value="false"/><sourceReference><reference value="StructureDefinition/CareConnect-InspiredOxygen-Observation-1"/></sourceReference></resource><resource><extension url="http://hl7.org/fhir/StructureDefinition/implementationguide-page"><valueUri value="CareConnect-List-1.html"/></extension><example value="false"/><sourceReference><reference value="StructureDefinition/CareConnect-List-1"/></sourceReference></resource><resource><extension url="http://hl7.org/fhir/StructureDefinition/implementationguide-page"><valueUri value="CareConnect-Location-1.html"/></extension><example value="false"/><sourceReference><reference value="StructureDefinition/CareConnect-Location-1"/></sourceReference></resource><resource><extension url="http://hl7.org/fhir/StructureDefinition/implementationguide-page"><valueUri value="CareConnect-MedicationAdministration-1.html"/></extension><example value="false"/><sourceReference><reference value="StructureDefinition/CareConnect-MedicationAdministration-1"/></sourceReference></resource><resource><extension url="http://hl7.org/fhir/StructureDefinition/implementationguide-page"><valueUri value="CareConnect-MedicationDispense-1.html"/></extension><example value="false"/><sourceReference><reference value="StructureDefinition/CareConnect-MedicationDispense-1"/></sourceReference></resource><resource><extension url="http://hl7.org/fhir/StructureDefinition/implementationguide-page"><valueUri value="CareConnect-Medication-Flag-1.html"/></extension><example value="false"/><sourceReference><reference value="StructureDefinition/CareConnect-Medication-Flag-1"/></sourceReference></resource><resource><extension url="http://hl7.org/fhir/StructureDefinition/implementationguide-page"><valueUri value="CareConnect-MedicationRequest-1.html"/></extension><example value="false"/><sourceReference><reference value="StructureDefinition/CareConnect-MedicationRequest-1"/></sourceReference></resource><resource><extension url="http://hl7.org/fhir/StructureDefinition/implementationguide-page"><valueUri value="CareConnect-MedicationStatement-1.html"/></extension><example value="false"/><sourceReference><reference value="StructureDefinition/CareConnect-MedicationStatement-1"/></sourceReference></resource><resource><extension url="http://hl7.org/fhir/StructureDefinition/implementationguide-page"><valueUri value="CareConnect-Observation-1.html"/></extension><example value="false"/><sourceReference><reference value="StructureDefinition/CareConnect-Observation-1"/></sourceReference></resource><resource><extension url="http://hl7.org/fhir/StructureDefinition/implementationguide-page"><valueUri value="CareConnect-Organization-1.html"/></extension><example value="false"/><sourceReference><reference value="StructureDefinition/CareConnect-Organization-1"/></sourceReference></resource><resource><extension url="http://hl7.org/fhir/StructureDefinition/implementationguide-page"><valueUri value="CareConnect-OxygenSaturation-Observation-1.html"/></extension><example value="false"/><sourceReference><reference value="StructureDefinition/CareConnect-OxygenSaturation-Observation-1"/></sourceReference></resource><resource><extension url="http://hl7.org/fhir/StructureDefinition/implementationguide-page"><valueUri value="CareConnect-Patient-1.html"/></extension><example value="false"/><sourceReference><reference value="StructureDefinition/CareConnect-Patient-1"/></sourceReference></resource><resource><extension url="http://hl7.org/fhir/StructureDefinition/implementationguide-page"><valueUri value="CareConnect-Practitioner-1.html"/></extension><example value="false"/><sourceReference><reference value="StructureDefinition/CareConnect-Practitioner-1"/></sourceReference></resource><resource><extension url="http://hl7.org/fhir/StructureDefinition/implementationguide-page"><valueUri value="CareConnect-PractitionerRole-1.html"/></extension><example value="false"/><sourceReference><reference value="StructureDefinition/CareConnect-PractitionerRole-1"/></sourceReference></resource><resource><extension url="http://hl7.org/fhir/StructureDefinition/implementationguide-page"><valueUri value="CareConnect-ProblemHeader-Condition-1.html"/></extension><example value="false"/><sourceReference><reference value="StructureDefinition/CareConnect-ProblemHeader-Condition-1"/></sourceReference></resource><resource><extension url="http://hl7.org/fhir/StructureDefinition/implementationguide-page"><valueUri value="CareConnect-ProblemList-1.html"/></extension><example value="false"/><sourceReference><reference value="StructureDefinition/CareConnect-ProblemList-1"/></sourceReference></resource><resource><extension url="http://hl7.org/fhir/StructureDefinition/implementationguide-page"><valueUri value="CareConnect-Procedure-1.html"/></extension><example value="false"/><sourceReference><reference value="StructureDefinition/CareConnect-Procedure-1"/></sourceReference></resource><resource><extension url="http://hl7.org/fhir/StructureDefinition/implementationguide-page"><valueUri value="CareConnect-Medication-1.html"/></extension><example value="false"/><sourceReference><reference value="StructureDefinition/CareConnect-Medication-1"/></sourceReference></resource><resource><extension url="http://hl7.org/fhir/StructureDefinition/implementationguide-page"><valueUri value="CareConnect-ProcedureRequest-1.html"/></extension><example value="false"/><sourceReference><reference value="StructureDefinition/CareConnect-ProcedureRequest-1"/></sourceReference></resource><resource><extension url="http://hl7.org/fhir/StructureDefinition/implementationguide-page"><valueUri value="CareConnect-Quantity-1.html"/></extension><example value="false"/><sourceReference><reference value="StructureDefinition/CareConnect-Quantity-1"/></sourceReference></resource><resource><extension url="http://hl7.org/fhir/StructureDefinition/implementationguide-page"><valueUri value="CareConnect-ReferralRequest-1.html"/></extension><example value="false"/><sourceReference><reference value="StructureDefinition/CareConnect-ReferralRequest-1"/></sourceReference></resource><resource><extension url="http://hl7.org/fhir/StructureDefinition/implementationguide-page"><valueUri value="CareConnect-RelatedPerson-1.html"/></extension><example value="false"/><sourceReference><reference value="StructureDefinition/CareConnect-RelatedPerson-1"/></sourceReference></resource><resource><extension url="http://hl7.org/fhir/StructureDefinition/implementationguide-page"><valueUri value="CareConnect-ResearchStudy-1.html"/></extension><example value="false"/><sourceReference><reference value="StructureDefinition/CareConnect-ResearchStudy-1"/></sourceReference></resource><resource><extension url="http://hl7.org/fhir/StructureDefinition/implementationguide-page"><valueUri value="CareConnect-RespiratoryRate-Observation-1.html"/></extension><example value="false"/><sourceReference><reference value="StructureDefinition/CareConnect-RespiratoryRate-Observation-1"/></sourceReference></resource><resource><extension url="http://hl7.org/fhir/StructureDefinition/implementationguide-page"><valueUri value="CareConnect-RiskAssessment-1.html"/></extension><example value="false"/><sourceReference><reference value="StructureDefinition/CareConnect-RiskAssessment-1"/></sourceReference></resource><resource><extension url="http://hl7.org/fhir/StructureDefinition/implementationguide-page"><valueUri value="CareConnect-Schedule-1.html"/></extension><example value="false"/><sourceReference><reference value="StructureDefinition/CareConnect-Schedule-1"/></sourceReference></resource><resource><extension url="http://hl7.org/fhir/StructureDefinition/implementationguide-page"><valueUri value="CareConnect-Slot-1.html"/></extension><example value="false"/><sourceReference><reference value="StructureDefinition/CareConnect-Slot-1"/></sourceReference></resource><resource><extension url="http://hl7.org/fhir/StructureDefinition/implementationguide-page"><valueUri value="CareConnect-Specimen-1.html"/></extension><example value="false"/><sourceReference><reference value="StructureDefinition/CareConnect-Specimen-1"/></sourceReference></resource><resource><extension url="http://hl7.org/fhir/StructureDefinition/implementationguide-page"><valueUri value="CareConnect-Subscore-Observation-1.html"/></extension><example value="false"/><sourceReference><reference value="StructureDefinition/CareConnect-Subscore-Observation-1"/></sourceReference></resource><resource><extension url="http://hl7.org/fhir/StructureDefinition/implementationguide-page"><valueUri value="CareConnect-VitalSigns-Observation-1.html"/></extension><example value="false"/><sourceReference><reference value="StructureDefinition/CareConnect-VitalSigns-Observation-1"/></sourceReference></resource><resource><extension url="http://hl7.org/fhir/StructureDefinition/implementationguide-page"><valueUri value="Extension-CareConnect-ActualProblem-1.html"/></extension><example value="false"/><sourceReference><reference value="StructureDefinition/Extension-CareConnect-ActualProblem-1"/></sourceReference></resource><resource><extension url="http://hl7.org/fhir/StructureDefinition/implementationguide-page"><valueUri value="Extension-CareConnect-AdmissionMethod-1.html"/></extension><example value="false"/><sourceReference><reference value="StructureDefinition/Extension-CareConnect-AdmissionMethod-1"/></sourceReference></resource><resource><extension url="http://hl7.org/fhir/StructureDefinition/implementationguide-page"><valueUri value="Extension-CareConnect-AllergyCertainty-1.html"/></extension><example value="false"/><sourceReference><reference value="StructureDefinition/Extension-CareConnect-AllergyCertainty-1"/></sourceReference></resource><resource><extension url="http://hl7.org/fhir/StructureDefinition/implementationguide-page"><valueUri value="Extension-CareConnect-AllergyIntoleranceEnd-1.html"/></extension><example value="false"/><sourceReference><reference value="StructureDefinition/Extension-CareConnect-AllergyIntoleranceEnd-1"/></sourceReference></resource><resource><extension url="http://hl7.org/fhir/StructureDefinition/implementationguide-page"><valueUri value="Extension-CareConnect-AllergyIntoleranceEndDate-1.html"/></extension><example value="false"/><sourceReference><reference value="StructureDefinition/Extension-CareConnect-AllergyIntoleranceEndDate-1"/></sourceReference></resource><resource><extension url="http://hl7.org/fhir/StructureDefinition/implementationguide-page"><valueUri value="Extension-CareConnect-AllergySeverity-1.html"/></extension><example value="false"/><sourceReference><reference value="StructureDefinition/Extension-CareConnect-AllergySeverity-1"/></sourceReference></resource><resource><extension url="http://hl7.org/fhir/StructureDefinition/implementationguide-page"><valueUri value="Extension-CareConnect-MedicationQuantityText-1.html"/></extension><example value="false"/><sourceReference><reference value="StructureDefinition/Extension-CareConnect-MedicationQuantityText-1"/></sourceReference></resource><resource><extension url="http://hl7.org/fhir/StructureDefinition/implementationguide-page"><valueUri value="Extension-CareConnect-AnaestheticIssues-1.html"/></extension><example value="false"/><sourceReference><reference value="StructureDefinition/Extension-CareConnect-AnaestheticIssues-1"/></sourceReference></resource><resource><extension url="http://hl7.org/fhir/StructureDefinition/implementationguide-page"><valueUri value="Extension-CareConnect-CareSettingType-1.html"/></extension><example value="false"/><sourceReference><reference value="StructureDefinition/Extension-CareConnect-CareSettingType-1"/></sourceReference></resource><resource><extension url="http://hl7.org/fhir/StructureDefinition/implementationguide-page"><valueUri value="Extension-CareConnect-ClinicalSetting-1.html"/></extension><example value="false"/><sourceReference><reference value="StructureDefinition/Extension-CareConnect-ClinicalSetting-1"/></sourceReference></resource><resource><extension url="http://hl7.org/fhir/StructureDefinition/implementationguide-page"><valueUri value="Extension-CareConnect-ConditionEpisode-1.html"/></extension><example value="false"/><sourceReference><reference value="StructureDefinition/Extension-CareConnect-ConditionEpisode-1"/></sourceReference></resource><resource><extension url="http://hl7.org/fhir/StructureDefinition/implementationguide-page"><valueUri value="Extension-CareConnect-ConditionRelationship-1.html"/></extension><example value="false"/><sourceReference><reference value="StructureDefinition/Extension-CareConnect-ConditionRelationship-1"/></sourceReference></resource><resource><extension url="http://hl7.org/fhir/StructureDefinition/implementationguide-page"><valueUri value="Extension-CareConnect-DataController-1.html"/></extension><example value="false"/><sourceReference><reference value="StructureDefinition/Extension-CareConnect-DataController-1"/></sourceReference></resource><resource><extension url="http://hl7.org/fhir/StructureDefinition/implementationguide-page"><valueUri value="Extension-CareConnect-DataProcessor-1.html"/></extension><example value="false"/><sourceReference><reference value="StructureDefinition/Extension-CareConnect-DataProcessor-1"/></sourceReference></resource><resource><extension url="http://hl7.org/fhir/StructureDefinition/implementationguide-page"><valueUri value="Extension-CareConnect-DateRecorded-1.html"/></extension><example value="false"/><sourceReference><reference value="StructureDefinition/Extension-CareConnect-DateRecorded-1"/></sourceReference></resource><resource><extension url="http://hl7.org/fhir/StructureDefinition/implementationguide-page"><valueUri value="Extension-CareConnect-DeathNotificationStatus-1.html"/></extension><example value="false"/><sourceReference><reference value="StructureDefinition/Extension-CareConnect-DeathNotificationStatus-1"/></sourceReference></resource><resource><extension url="http://hl7.org/fhir/StructureDefinition/implementationguide-page"><valueUri value="Extension-CareConnect-DischargeMethod-1.html"/></extension><example value="false"/><sourceReference><reference value="StructureDefinition/Extension-CareConnect-DischargeMethod-1"/></sourceReference></resource><resource><extension url="http://hl7.org/fhir/StructureDefinition/implementationguide-page"><valueUri value="Extension-CareConnect-EmergencyCareDischargeStatus-1.html"/></extension><example value="false"/><sourceReference><reference value="StructureDefinition/Extension-CareConnect-EmergencyCareDischargeStatus-1"/></sourceReference></resource><resource><extension url="http://hl7.org/fhir/StructureDefinition/implementationguide-page"><valueUri value="Extension-CareConnect-EncounterTransport-1.html"/></extension><example value="false"/><sourceReference><reference value="StructureDefinition/Extension-CareConnect-EncounterTransport-1"/></sourceReference></resource><resource><extension url="http://hl7.org/fhir/StructureDefinition/implementationguide-page"><valueUri value="Extension-CareConnect-EthnicCategory-1.html"/></extension><example value="false"/><sourceReference><reference value="StructureDefinition/Extension-CareConnect-EthnicCategory-1"/></sourceReference></resource><resource><extension url="http://hl7.org/fhir/StructureDefinition/implementationguide-page"><valueUri value="Extension-CareConnect-Evidence-1.html"/></extension><example value="false"/><sourceReference><reference value="StructureDefinition/Extension-CareConnect-Evidence-1"/></sourceReference></resource><resource><extension url="http://hl7.org/fhir/StructureDefinition/implementationguide-page"><valueUri value="Extension-CareConnect-FastingStatus-1.html"/></extension><example value="false"/><sourceReference><reference value="StructureDefinition/Extension-CareConnect-FastingStatus-1"/></sourceReference></resource><resource><extension url="http://hl7.org/fhir/StructureDefinition/implementationguide-page"><valueUri value="Extension-CareConnect-ListWarningCode-1.html"/></extension><example value="false"/><sourceReference><reference value="StructureDefinition/Extension-CareConnect-ListWarningCode-1"/></sourceReference></resource><resource><extension url="http://hl7.org/fhir/StructureDefinition/implementationguide-page"><valueUri value="Extension-CareConnect-MainLocation-1.html"/></extension><example value="false"/><sourceReference><reference value="StructureDefinition/Extension-CareConnect-MainLocation-1"/></sourceReference></resource><resource><extension url="http://hl7.org/fhir/StructureDefinition/implementationguide-page"><valueUri value="Extension-CareConnect-MedicationChangeSummary-1.html"/></extension><example value="false"/><sourceReference><reference value="StructureDefinition/Extension-CareConnect-MedicationChangeSummary-1"/></sourceReference></resource><resource><extension url="http://hl7.org/fhir/StructureDefinition/implementationguide-page"><valueUri value="Extension-CareConnect-MedicationFlagAssociation-1.html"/></extension><example value="false"/><sourceReference><reference value="StructureDefinition/Extension-CareConnect-MedicationFlagAssociation-1"/></sourceReference></resource><resource><extension url="http://hl7.org/fhir/StructureDefinition/implementationguide-page"><valueUri value="Extension-CareConnect-MedicationRepeatInformation-1.html"/></extension><example value="false"/><sourceReference><reference value="StructureDefinition/Extension-CareConnect-MedicationRepeatInformation-1"/></sourceReference></resource><resource><extension url="http://hl7.org/fhir/StructureDefinition/implementationguide-page"><valueUri value="Extension-CareConnect-MedicationStatementLastIssueDate-1.html"/></extension><example value="false"/><sourceReference><reference value="StructureDefinition/Extension-CareConnect-MedicationStatementLastIssueDate-1"/></sourceReference></resource><resource><extension url="http://hl7.org/fhir/StructureDefinition/implementationguide-page"><valueUri value="Extension-CareConnect-MedicationStatusReason-1.html"/></extension><example value="false"/><sourceReference><reference value="StructureDefinition/Extension-CareConnect-MedicationStatusReason-1"/></sourceReference></resource><resource><extension url="http://hl7.org/fhir/StructureDefinition/implementationguide-page"><valueUri value="Extension-CareConnect-NHSCommunication-1.html"/></extension><example value="false"/><sourceReference><reference value="StructureDefinition/Extension-CareConnect-NHSCommunication-1"/></sourceReference></resource><resource><extension url="http://hl7.org/fhir/StructureDefinition/implementationguide-page"><valueUri value="Extension-CareConnect-NHSNumberVerificationStatus-1.html"/></extension><example value="false"/><sourceReference><reference value="StructureDefinition/Extension-CareConnect-NHSNumberVerificationStatus-1"/></sourceReference></resource><resource><extension url="http://hl7.org/fhir/StructureDefinition/implementationguide-page"><valueUri value="Extension-CareConnect-NominatedPharmacy-1.html"/></extension><example value="false"/><sourceReference><reference value="StructureDefinition/Extension-CareConnect-NominatedPharmacy-1"/></sourceReference></resource><resource><extension url="http://hl7.org/fhir/StructureDefinition/implementationguide-page"><valueUri value="Extension-CareConnect-OutcomeOfAttendance-1.html"/></extension><example value="false"/><sourceReference><reference value="StructureDefinition/Extension-CareConnect-OutcomeOfAttendance-1"/></sourceReference></resource><resource><extension url="http://hl7.org/fhir/StructureDefinition/implementationguide-page"><valueUri value="Extension-CareConnect-ParentPresent-1.html"/></extension><example value="false"/><sourceReference><reference value="StructureDefinition/Extension-CareConnect-ParentPresent-1"/></sourceReference></resource><resource><extension url="http://hl7.org/fhir/StructureDefinition/implementationguide-page"><valueUri value="Extension-CareConnect-PrescriptionType-1.html"/></extension><example value="false"/><sourceReference><reference value="StructureDefinition/Extension-CareConnect-PrescriptionType-1"/></sourceReference></resource><resource><extension url="http://hl7.org/fhir/StructureDefinition/implementationguide-page"><valueUri value="Extension-CareConnect-ProbabilityOfRecurrence-1.html"/></extension><example value="false"/><sourceReference><reference value="StructureDefinition/Extension-CareConnect-ProbabilityOfRecurrence-1"/></sourceReference></resource><resource><extension url="http://hl7.org/fhir/StructureDefinition/implementationguide-page"><valueUri value="Extension-CareConnect-ProblemSignificance-1.html"/></extension><example value="false"/><sourceReference><reference value="StructureDefinition/Extension-CareConnect-ProblemSignificance-1"/></sourceReference></resource><resource><extension url="http://hl7.org/fhir/StructureDefinition/implementationguide-page"><valueUri value="Extension-CareConnect-ReasonCondition-1.html"/></extension><example value="false"/><sourceReference><reference value="StructureDefinition/Extension-CareConnect-ReasonCondition-1"/></sourceReference></resource><resource><extension url="http://hl7.org/fhir/StructureDefinition/implementationguide-page"><valueUri value="Extension-CareConnect-Recorder-1.html"/></extension><example value="false"/><sourceReference><reference value="StructureDefinition/Extension-CareConnect-Recorder-1"/></sourceReference></resource><resource><extension url="http://hl7.org/fhir/StructureDefinition/implementationguide-page"><valueUri value="Extension-CareConnect-ReferralRequestMethod-1.html"/></extension><example value="false"/><sourceReference><reference value="StructureDefinition/Extension-CareConnect-ReferralRequestMethod-1"/></sourceReference></resource><resource><extension url="http://hl7.org/fhir/StructureDefinition/implementationguide-page"><valueUri value="Extension-CareConnect-SourceOfReferral-1.html"/></extension><example value="false"/><sourceReference><reference value="StructureDefinition/Extension-CareConnect-SourceOfReferral-1"/></sourceReference></resource><resource><extension url="http://hl7.org/fhir/StructureDefinition/implementationguide-page"><valueUri value="Extension-CareConnect-RelatedClinicalContent-1.html"/></extension><example value="false"/><sourceReference><reference value="StructureDefinition/Extension-CareConnect-RelatedClinicalContent-1"/></sourceReference></resource><resource><extension url="http://hl7.org/fhir/StructureDefinition/implementationguide-page"><valueUri value="Extension-CareConnect-RelatedProblemHeader-1.html"/></extension><example value="false"/><sourceReference><reference value="StructureDefinition/Extension-CareConnect-RelatedProblemHeader-1"/></sourceReference></resource><resource><extension url="http://hl7.org/fhir/StructureDefinition/implementationguide-page"><valueUri value="Extension-CareConnect-ReligiousAffiliation-1.html"/></extension><example value="false"/><sourceReference><reference value="StructureDefinition/Extension-CareConnect-ReligiousAffiliation-1"/></sourceReference></resource><resource><extension url="http://hl7.org/fhir/StructureDefinition/implementationguide-page"><valueUri value="Extension-CareConnect-ResidentialStatus-1.html"/></extension><example value="false"/><sourceReference><reference value="StructureDefinition/Extension-CareConnect-ResidentialStatus-1"/></sourceReference></resource><resource><extension url="http://hl7.org/fhir/StructureDefinition/implementationguide-page"><valueUri value="Extension-CareConnect-TreatmentCategory-1.html"/></extension><example value="false"/><sourceReference><reference value="StructureDefinition/Extension-CareConnect-TreatmentCategory-1"/></sourceReference></resource><resource><extension url="http://hl7.org/fhir/StructureDefinition/implementationguide-page"><valueUri value="Extension-CareConnect-VaccinationProcedure-1.html"/></extension><example value="false"/><sourceReference><reference value="StructureDefinition/Extension-CareConnect-VaccinationProcedure-1"/></sourceReference></resource><resource><extension url="http://hl7.org/fhir/StructureDefinition/implementationguide-page"><valueUri value="Extension-CareConnect-ValueApproximation-1.html"/></extension><example value="false"/><sourceReference><reference value="StructureDefinition/Extension-CareConnect-ValueApproximation-1"/></sourceReference></resource><resource><extension url="http://hl7.org/fhir/StructureDefinition/implementationguide-page"><valueUri value="Extension-coding-sctdescid.html"/></extension><example value="false"/><sourceReference><reference value="StructureDefinition/Extension-coding-sctdescid"/></sourceReference></resource><resource><extension url="http://hl7.org/fhir/StructureDefinition/implementationguide-page"><valueUri value="CareConnect-ACVPU-Observation-1.html"/></extension><example value="false"/><sourceReference><reference value="StructureDefinition/CareConnect-ACVPU-Observation-1"/></sourceReference></resource><resource><extension url="http://hl7.org/fhir/StructureDefinition/implementationguide-page"><valueUri value="CareConnect-AllergyIntolerance-1.html"/></extension><example value="false"/><sourceReference><reference value="StructureDefinition/CareConnect-AllergyIntolerance-1"/></sourceReference></resource><resource><extension url="http://hl7.org/fhir/StructureDefinition/implementationguide-page"><valueUri value="CareConnect-Appointment-1.html"/></extension><example value="false"/><sourceReference><reference value="StructureDefinition/CareConnect-Appointment-1"/></sourceReference></resource><resource><extension url="http://hl7.org/fhir/StructureDefinition/implementationguide-page"><valueUri value="CareConnect-BloodPressure-Observation-1.html"/></extension><example value="false"/><sourceReference><reference value="StructureDefinition/CareConnect-BloodPressure-Observation-1"/></sourceReference></resource><resource><extension url="http://hl7.org/fhir/StructureDefinition/implementationguide-page"><valueUri value="CareConnect-BodyTemperature-Observation-1.html"/></extension><example value="false"/><sourceReference><reference value="StructureDefinition/CareConnect-BodyTemperature-Observation-1"/></sourceReference></resource><resource><extension url="http://hl7.org/fhir/StructureDefinition/implementationguide-page"><valueUri value="CareConnect-CarePlan-1.html"/></extension><example value="false"/><sourceReference><reference value="StructureDefinition/CareConnect-CarePlan-1"/></sourceReference></resource><resource><extension url="http://hl7.org/fhir/StructureDefinition/implementationguide-page"><valueUri value="CareConnect-CareTeam-1.html"/></extension><example value="false"/><sourceReference><reference value="StructureDefinition/CareConnect-CareTeam-1"/></sourceReference></resource><resource><extension url="http://hl7.org/fhir/StructureDefinition/implementationguide-page"><valueUri value="CareConnect-Communication-1.html"/></extension><example value="false"/><sourceReference><reference value="StructureDefinition/CareConnect-Communication-1"/></sourceReference></resource><resource><extension url="http://hl7.org/fhir/StructureDefinition/implementationguide-page"><valueUri value="CareConnect-Composition-1.html"/></extension><example value="false"/><sourceReference><reference value="StructureDefinition/CareConnect-Composition-1"/></sourceReference></resource><resource><extension url="http://hl7.org/fhir/StructureDefinition/implementationguide-page"><valueUri value="CareConnect-Condition-1.html"/></extension><example value="false"/><sourceReference><reference value="StructureDefinition/CareConnect-Condition-1"/></sourceReference></resource><resource><extension url="http://hl7.org/fhir/StructureDefinition/implementationguide-page"><valueUri value="CareConnect-Consent-1.html"/></extension><example value="false"/><sourceReference><reference value="StructureDefinition/CareConnect-Consent-1"/></sourceReference></resource><resource><extension url="http://hl7.org/fhir/StructureDefinition/implementationguide-page"><valueUri value="CareConnect-Contract-1.html"/></extension><example value="false"/><sourceReference><reference value="StructureDefinition/CareConnect-Contract-1"/></sourceReference></resource><resource><extension url="http://hl7.org/fhir/StructureDefinition/implementationguide-page"><valueUri value="CareConnect-DiagnosticReport-1.html"/></extension><example value="false"/><sourceReference><reference value="StructureDefinition/CareConnect-DiagnosticReport-1"/></sourceReference></resource><resource><extension url="http://hl7.org/fhir/StructureDefinition/implementationguide-page"><valueUri value="CareConnect-DocumentReference-1.html"/></extension><example value="false"/><sourceReference><reference value="StructureDefinition/CareConnect-DocumentReference-1"/></sourceReference></resource><resource><extension url="http://hl7.org/fhir/StructureDefinition/implementationguide-page"><valueUri value="CareConnect-Encounter-1.html"/></extension><example value="false"/><sourceReference><reference value="StructureDefinition/CareConnect-Encounter-1"/></sourceReference></resource><resource><extension url="http://hl7.org/fhir/StructureDefinition/implementationguide-page"><valueUri value="CareConnect-EpisodeOfCare-1.html"/></extension><example value="false"/><sourceReference><reference value="StructureDefinition/CareConnect-EpisodeOfCare-1"/></sourceReference></resource><resource><extension url="http://hl7.org/fhir/StructureDefinition/implementationguide-page"><valueUri value="CareConnect-FamilyMemberHistory-1.html"/></extension><example value="false"/><sourceReference><reference value="StructureDefinition/CareConnect-FamilyMemberHistory-1"/></sourceReference></resource><resource><extension url="http://hl7.org/fhir/StructureDefinition/implementationguide-page"><valueUri value="CareConnect-Flag-1.html"/></extension><example value="false"/><sourceReference><reference value="StructureDefinition/CareConnect-Flag-1"/></sourceReference></resource><resource><extension url="http://hl7.org/fhir/StructureDefinition/implementationguide-page"><valueUri value="ValueSet-CareConnect-OutcomeOfAttendance-1.html"/></extension><example value="false"/><sourceReference><reference value="ValueSet/ValueSet-CareConnect-OutcomeOfAttendance-1"/></sourceReference></resource><resource><extension url="http://hl7.org/fhir/StructureDefinition/implementationguide-page"><valueUri value="ValueSet-CareConnect-ObservationType-1.html"/></extension><example value="false"/><sourceReference><reference value="ValueSet/ValueSet-CareConnect-ObservationType-1"/></sourceReference></resource><resource><extension url="http://hl7.org/fhir/StructureDefinition/implementationguide-page"><valueUri value="ValueSet-CareConnect-ObservationMethod-1.html"/></extension><example value="false"/><sourceReference><reference value="ValueSet/ValueSet-CareConnect-ObservationMethod-1"/></sourceReference></resource><resource><extension url="http://hl7.org/fhir/StructureDefinition/implementationguide-page"><valueUri value="ValueSet-CareConnect-NHSNumberVerificationStatus-1.html"/></extension><example value="false"/><sourceReference><reference value="ValueSet/ValueSet-CareConnect-NHSNumberVerificationStatus-1"/></sourceReference></resource><resource><extension url="http://hl7.org/fhir/StructureDefinition/implementationguide-page"><valueUri value="ValueSet-CareConnect-NHSDataDictionary-PersonStatedGender-1.html"/></extension><example value="false"/><sourceReference><reference value="ValueSet/ValueSet-CareConnect-NHSDataDictionary-PersonStatedGender-1"/></sourceReference></resource><resource><extension url="http://hl7.org/fhir/StructureDefinition/implementationguide-page"><valueUri value="ValueSet-CareConnect-NHSDataDictionary-PersonMaritalStatus-1.html"/></extension><example value="false"/><sourceReference><reference value="ValueSet/ValueSet-CareConnect-NHSDataDictionary-PersonMaritalStatus-1"/></sourceReference></resource><resource><extension url="http://hl7.org/fhir/StructureDefinition/implementationguide-page"><valueUri value="ValueSet-CareConnect-NameUse-1.html"/></extension><example value="false"/><sourceReference><reference value="ValueSet/ValueSet-CareConnect-NameUse-1"/></sourceReference></resource><resource><extension url="http://hl7.org/fhir/StructureDefinition/implementationguide-page"><valueUri value="ValueSet-CareConnect-MedicationSupplyType-1.html"/></extension><example value="false"/><sourceReference><reference value="ValueSet/ValueSet-CareConnect-MedicationSupplyType-1"/></sourceReference></resource><resource><extension url="http://hl7.org/fhir/StructureDefinition/implementationguide-page"><valueUri value="ValueSet-CareConnect-MedicationForm-1.html"/></extension><example value="false"/><sourceReference><reference value="ValueSet/ValueSet-CareConnect-MedicationForm-1"/></sourceReference></resource><resource><extension url="http://hl7.org/fhir/StructureDefinition/implementationguide-page"><valueUri value="ValueSet-CareConnect-MedicationFlag-1.html"/></extension><example value="false"/><sourceReference><reference value="ValueSet/ValueSet-CareConnect-MedicationFlag-1"/></sourceReference></resource><resource><extension url="http://hl7.org/fhir/StructureDefinition/implementationguide-page"><valueUri value="ValueSet-CareConnect-MedicationDosageRoute-1.html"/></extension><example value="false"/><sourceReference><reference value="ValueSet/ValueSet-CareConnect-MedicationDosageRoute-1"/></sourceReference></resource><resource><extension url="http://hl7.org/fhir/StructureDefinition/implementationguide-page"><valueUri value="ValueSet-CareConnect-MedicationCode-1.html"/></extension><example value="false"/><sourceReference><reference value="ValueSet/ValueSet-CareConnect-MedicationCode-1"/></sourceReference></resource><resource><extension url="http://hl7.org/fhir/StructureDefinition/implementationguide-page"><valueUri value="ValueSet-CareConnect-MedicationChangeStatus-1.html"/></extension><example value="false"/><sourceReference><reference value="ValueSet/ValueSet-CareConnect-MedicationChangeStatus-1"/></sourceReference></resource><resource><extension url="http://hl7.org/fhir/StructureDefinition/implementationguide-page"><valueUri value="ValueSet-CareConnect-MaritalStatus-1.html"/></extension><example value="false"/><sourceReference><reference value="ValueSet/ValueSet-CareConnect-MaritalStatus-1"/></sourceReference></resource><resource><extension url="http://hl7.org/fhir/StructureDefinition/implementationguide-page"><valueUri value="ValueSet-CareConnect-ManufacturedMaterialSnCT-1.html"/></extension><example value="false"/><sourceReference><reference value="ValueSet/ValueSet-CareConnect-ManufacturedMaterialSnCT-1"/></sourceReference></resource><resource><extension url="http://hl7.org/fhir/StructureDefinition/implementationguide-page"><valueUri value="ValueSet-CareConnect-ListWarningCode-1.html"/></extension><example value="false"/><sourceReference><reference value="ValueSet/ValueSet-CareConnect-ListWarningCode-1"/></sourceReference></resource><resource><extension url="http://hl7.org/fhir/StructureDefinition/implementationguide-page"><valueUri value="ValueSet-CareConnect-ListEmptyReasonCode-1.html"/></extension><example value="false"/><sourceReference><reference value="ValueSet/ValueSet-CareConnect-ListEmptyReasonCode-1"/></sourceReference></resource><resource><extension url="http://hl7.org/fhir/StructureDefinition/implementationguide-page"><valueUri value="ValueSet-CareConnect-ListCode-1.html"/></extension><example value="false"/><sourceReference><reference value="ValueSet/ValueSet-CareConnect-ListCode-1"/></sourceReference></resource><resource><extension url="http://hl7.org/fhir/StructureDefinition/implementationguide-page"><valueUri value="ValueSet-CareConnect-LanguageAbilityProficiency-1.html"/></extension><example value="false"/><sourceReference><reference value="ValueSet/ValueSet-CareConnect-LanguageAbilityProficiency-1"/></sourceReference></resource><resource><extension url="http://hl7.org/fhir/StructureDefinition/implementationguide-page"><valueUri value="ValueSet-CareConnect-LanguageAbilityMode-1.html"/></extension><example value="false"/><sourceReference><reference value="ValueSet/ValueSet-CareConnect-LanguageAbilityMode-1"/></sourceReference></resource><resource><extension url="http://hl7.org/fhir/StructureDefinition/implementationguide-page"><valueUri value="ValueSet-CareConnect-InterpretationCode-1.html"/></extension><example value="false"/><sourceReference><reference value="ValueSet/ValueSet-CareConnect-InterpretationCode-1"/></sourceReference></resource><resource><extension url="http://hl7.org/fhir/StructureDefinition/implementationguide-page"><valueUri value="ValueSet-CareConnect-InspiredOxygen-1.html"/></extension><example value="false"/><sourceReference><reference value="ValueSet/ValueSet-CareConnect-InspiredOxygen-1"/></sourceReference></resource><resource><extension url="http://hl7.org/fhir/StructureDefinition/implementationguide-page"><valueUri value="ValueSet-CareConnect-ImmunizationExplanationReason-2.html"/></extension><example value="false"/><sourceReference><reference value="ValueSet/ValueSet-CareConnect-ImmunizationExplanationReason-2"/></sourceReference></resource><resource><extension url="http://hl7.org/fhir/StructureDefinition/implementationguide-page"><valueUri value="ValueSet-CareConnect-ImmunizationExplanationReason-1.html"/></extension><example value="false"/><sourceReference><reference value="ValueSet/ValueSet-CareConnect-ImmunizationExplanationReason-1"/></sourceReference></resource><resource><extension url="http://hl7.org/fhir/StructureDefinition/implementationguide-page"><valueUri value="ValueSet-CareConnect-HumanLanguage-1.html"/></extension><example value="false"/><sourceReference><reference value="ValueSet/ValueSet-CareConnect-HumanLanguage-1"/></sourceReference></resource><resource><extension url="http://hl7.org/fhir/StructureDefinition/implementationguide-page"><valueUri value="ValueSet-CareConnect-FindingCode-1.html"/></extension><example value="false"/><sourceReference><reference value="ValueSet/ValueSet-CareConnect-FindingCode-1"/></sourceReference></resource><resource><extension url="http://hl7.org/fhir/StructureDefinition/implementationguide-page"><valueUri value="ValueSet-CareConnect-EthnicCategory-1.html"/></extension><example value="false"/><sourceReference><reference value="ValueSet/ValueSet-CareConnect-EthnicCategory-1"/></sourceReference></resource><resource><extension url="http://hl7.org/fhir/StructureDefinition/implementationguide-page"><valueUri value="ValueSet-CareConnect-EncounterType-1.html"/></extension><example value="false"/><sourceReference><reference value="ValueSet/ValueSet-CareConnect-EncounterType-1"/></sourceReference></resource><resource><extension url="http://hl7.org/fhir/StructureDefinition/implementationguide-page"><valueUri value="ValueSet-CareConnect-EmergencyCareDischargeStatus-1.html"/></extension><example value="false"/><sourceReference><reference value="ValueSet/ValueSet-CareConnect-EmergencyCareDischargeStatus-1"/></sourceReference></resource><resource><extension url="http://hl7.org/fhir/StructureDefinition/implementationguide-page"><valueUri value="ValueSet-CareConnect-DocumentType-1.html"/></extension><example value="false"/><sourceReference><reference value="ValueSet/ValueSet-CareConnect-DocumentType-1"/></sourceReference></resource><resource><extension url="http://hl7.org/fhir/StructureDefinition/implementationguide-page"><valueUri value="ValueSet-CareConnect-ReferralRequestMethod-1.html"/></extension><example value="false"/><sourceReference><reference value="ValueSet/ValueSet-CareConnect-ReferralRequestMethod-1"/></sourceReference></resource><resource><extension url="http://hl7.org/fhir/StructureDefinition/implementationguide-page"><valueUri value="ValueSet-CareConnect-SourceOfReferral-1.html"/></extension><example value="false"/><sourceReference><reference value="ValueSet/ValueSet-CareConnect-SourceOfReferral-1"/></sourceReference></resource><resource><extension url="http://hl7.org/fhir/StructureDefinition/implementationguide-page"><valueUri value="ValueSet-CareConnect-DischargeMethod-1.html"/></extension><example value="false"/><sourceReference><reference value="ValueSet/ValueSet-CareConnect-DischargeMethod-1"/></sourceReference></resource><resource><extension url="http://hl7.org/fhir/StructureDefinition/implementationguide-page"><valueUri value="ValueSet-CareConnect-DischargeDestination-1.html"/></extension><example value="false"/><sourceReference><reference value="ValueSet/ValueSet-CareConnect-DischargeDestination-1"/></sourceReference></resource><resource><extension url="http://hl7.org/fhir/StructureDefinition/implementationguide-page"><valueUri value="ValueSet-CareConnect-DeathNotificationStatus-1.html"/></extension><example value="false"/><sourceReference><reference value="ValueSet/ValueSet-CareConnect-DeathNotificationStatus-1"/></sourceReference></resource><resource><extension url="http://hl7.org/fhir/StructureDefinition/implementationguide-page"><valueUri value="ValueSet-CareConnect-ConditionRelationship-1.html"/></extension><example value="false"/><sourceReference><reference value="ValueSet/ValueSet-CareConnect-ConditionRelationship-1"/></sourceReference></resource><resource><extension url="http://hl7.org/fhir/StructureDefinition/implementationguide-page"><valueUri value="ValueSet-CareConnect-ConditionEpisodicity-1.html"/></extension><example value="false"/><sourceReference><reference value="ValueSet/ValueSet-CareConnect-ConditionEpisodicity-1"/></sourceReference></resource><resource><extension url="http://hl7.org/fhir/StructureDefinition/implementationguide-page"><valueUri value="ValueSet-CareConnect-ConditionEpisodeSnCT-1.html"/></extension><example value="false"/><sourceReference><reference value="ValueSet/ValueSet-CareConnect-ConditionEpisodeSnCT-1"/></sourceReference></resource><resource><extension url="http://hl7.org/fhir/StructureDefinition/implementationguide-page"><valueUri value="ValueSet-CareConnect-ConditionCode-1.html"/></extension><example value="false"/><sourceReference><reference value="ValueSet/ValueSet-CareConnect-ConditionCode-1"/></sourceReference></resource><resource><extension url="http://hl7.org/fhir/StructureDefinition/implementationguide-page"><valueUri value="ValueSet-CareConnect-ConditionCategory-1.html"/></extension><example value="false"/><sourceReference><reference value="ValueSet/ValueSet-CareConnect-ConditionCategory-1"/></sourceReference></resource><resource><extension url="http://hl7.org/fhir/StructureDefinition/implementationguide-page"><valueUri value="ValueSet-CareConnect-CompositionSectionCode-1.html"/></extension><example value="false"/><sourceReference><reference value="ValueSet/ValueSet-CareConnect-CompositionSectionCode-1"/></sourceReference></resource><resource><extension url="http://hl7.org/fhir/StructureDefinition/implementationguide-page"><valueUri value="ValueSet-CareConnect-ClinicalDisciplines-1.html"/></extension><example value="false"/><sourceReference><reference value="ValueSet/ValueSet-CareConnect-ClinicalDisciplines-1"/></sourceReference></resource><resource><extension url="http://hl7.org/fhir/StructureDefinition/implementationguide-page"><valueUri value="ValueSet-CareConnect-CareSettingType-1.html"/></extension><example value="false"/><sourceReference><reference value="ValueSet/ValueSet-CareConnect-CareSettingType-1"/></sourceReference></resource><resource><extension url="http://hl7.org/fhir/StructureDefinition/implementationguide-page"><valueUri value="ValueSet-CareConnect-BodySite-1.html"/></extension><example value="false"/><sourceReference><reference value="ValueSet/ValueSet-CareConnect-BodySite-1"/></sourceReference></resource><resource><extension url="http://hl7.org/fhir/StructureDefinition/implementationguide-page"><valueUri value="ValueSet-CareConnect-AllergyVerificationStatus-1.html"/></extension><example value="false"/><sourceReference><reference value="ValueSet/ValueSet-CareConnect-AllergyVerificationStatus-1"/></sourceReference></resource><resource><extension url="http://hl7.org/fhir/StructureDefinition/implementationguide-page"><valueUri value="ValueSet-CareConnect-AllergySeverity-1.html"/></extension><example value="false"/><sourceReference><reference value="ValueSet/ValueSet-CareConnect-AllergySeverity-1"/></sourceReference></resource><resource><extension url="http://hl7.org/fhir/StructureDefinition/implementationguide-page"><valueUri value="ValueSet-CareConnect-AllergyManifestation-1.html"/></extension><example value="false"/><sourceReference><reference value="ValueSet/ValueSet-CareConnect-AllergyManifestation-1"/></sourceReference></resource><resource><extension url="http://hl7.org/fhir/StructureDefinition/implementationguide-page"><valueUri value="ValueSet-CareConnect-AllergyExposureRoute-1.html"/></extension><example value="false"/><sourceReference><reference value="ValueSet/ValueSet-CareConnect-AllergyExposureRoute-1"/></sourceReference></resource><resource><extension url="http://hl7.org/fhir/StructureDefinition/implementationguide-page"><valueUri value="ValueSet-CareConnect-AllergyCode-1.html"/></extension><example value="false"/><sourceReference><reference value="ValueSet/ValueSet-CareConnect-AllergyCode-1"/></sourceReference></resource><resource><extension url="http://hl7.org/fhir/StructureDefinition/implementationguide-page"><valueUri value="ValueSet-CareConnect-AllergyCertainty-1.html"/></extension><example value="false"/><sourceReference><reference value="ValueSet/ValueSet-CareConnect-AllergyCertainty-1"/></sourceReference></resource><resource><extension url="http://hl7.org/fhir/StructureDefinition/implementationguide-page"><valueUri value="ValueSet-CareConnect-AdmissionMethod-1.html"/></extension><example value="false"/><sourceReference><reference value="ValueSet/ValueSet-CareConnect-AdmissionMethod-1"/></sourceReference></resource><resource><extension url="http://hl7.org/fhir/StructureDefinition/implementationguide-page"><valueUri value="ValueSet-CareConnect-AdministrativeGender-1.html"/></extension><example value="false"/><sourceReference><reference value="ValueSet/ValueSet-CareConnect-AdministrativeGender-1"/></sourceReference></resource><resource><extension url="http://hl7.org/fhir/StructureDefinition/implementationguide-page"><valueUri value="ValueSet-CareConnect-ACVPU-1.html"/></extension><example value="false"/><sourceReference><reference value="ValueSet/ValueSet-CareConnect-ACVPU-1"/></sourceReference></resource><resource><extension url="http://hl7.org/fhir/StructureDefinition/implementationguide-page"><valueUri value="ValueSet-CareConnect-VaccineCode-1.html"/></extension><example value="false"/><sourceReference><reference value="ValueSet/ValueSet-CareConnect-VaccineCode-1"/></sourceReference></resource><resource><extension url="http://hl7.org/fhir/StructureDefinition/implementationguide-page"><valueUri value="ValueSet-CareConnect-VaccinationProcedure-1.html"/></extension><example value="false"/><sourceReference><reference value="ValueSet/ValueSet-CareConnect-VaccinationProcedure-1"/></sourceReference></resource><resource><extension url="http://hl7.org/fhir/StructureDefinition/implementationguide-page"><valueUri value="ValueSet-CareConnect-TreatmentCategory-1.html"/></extension><example value="false"/><sourceReference><reference value="ValueSet/ValueSet-CareConnect-TreatmentCategory-1"/></sourceReference></resource><resource><extension url="http://hl7.org/fhir/StructureDefinition/implementationguide-page"><valueUri value="ValueSet-CareConnect-SpecimenType-1.html"/></extension><example value="false"/><sourceReference><reference value="ValueSet/ValueSet-CareConnect-SpecimenType-1"/></sourceReference></resource><resource><extension url="http://hl7.org/fhir/StructureDefinition/implementationguide-page"><valueUri value="ValueSet-CareConnect-SpecimenBodySite-1.html"/></extension><example value="false"/><sourceReference><reference value="ValueSet/ValueSet-CareConnect-SpecimenBodySite-1"/></sourceReference></resource><resource><extension url="http://hl7.org/fhir/StructureDefinition/implementationguide-page"><valueUri value="ValueSet-CareConnect-SourceOfAdmission-1.html"/></extension><example value="false"/><sourceReference><reference value="ValueSet/ValueSet-CareConnect-SourceOfAdmission-1"/></sourceReference></resource><resource><extension url="http://hl7.org/fhir/StructureDefinition/implementationguide-page"><valueUri value="ValueSet-CareConnect-SDSJobRoleName-1.html"/></extension><example value="false"/><sourceReference><reference value="ValueSet/ValueSet-CareConnect-SDSJobRoleName-1"/></sourceReference></resource><resource><extension url="http://hl7.org/fhir/StructureDefinition/implementationguide-page"><valueUri value="ValueSet-CareConnect-SaturatedOxygenSp02Scale-1.html"/></extension><example value="false"/><sourceReference><reference value="ValueSet/ValueSet-CareConnect-SaturatedOxygenSp02Scale-1"/></sourceReference></resource><resource><extension url="http://hl7.org/fhir/StructureDefinition/implementationguide-page"><valueUri value="ValueSet-CareConnect-ResidentialStatus-1.html"/></extension><example value="false"/><sourceReference><reference value="ValueSet/ValueSet-CareConnect-ResidentialStatus-1"/></sourceReference></resource><resource><extension url="http://hl7.org/fhir/StructureDefinition/implementationguide-page"><valueUri value="ValueSet-CareConnect-ReportCodeSnCT-1.html"/></extension><example value="false"/><sourceReference><reference value="ValueSet/ValueSet-CareConnect-ReportCodeSnCT-1"/></sourceReference></resource><resource><extension url="http://hl7.org/fhir/StructureDefinition/implementationguide-page"><valueUri value="ValueSet-CareConnect-ReligiousAffiliation-1.html"/></extension><example value="false"/><sourceReference><reference value="ValueSet/ValueSet-CareConnect-ReligiousAffiliation-1"/></sourceReference></resource><resource><extension url="http://hl7.org/fhir/StructureDefinition/implementationguide-page"><valueUri value="ValueSet-CareConnect-RegistrationType-1.html"/></extension><example value="false"/><sourceReference><reference value="ValueSet/ValueSet-CareConnect-RegistrationType-1"/></sourceReference></resource><resource><extension url="http://hl7.org/fhir/StructureDefinition/implementationguide-page"><valueUri value="ValueSet-CareConnect-RegistrationStatus-1.html"/></extension><example value="false"/><sourceReference><reference value="ValueSet/ValueSet-CareConnect-RegistrationStatus-1"/></sourceReference></resource><resource><extension url="http://hl7.org/fhir/StructureDefinition/implementationguide-page"><valueUri value="ValueSet-CareConnect-ReactionEventSeverity-1.html"/></extension><example value="false"/><sourceReference><reference value="ValueSet/ValueSet-CareConnect-ReactionEventSeverity-1"/></sourceReference></resource><resource><extension url="http://hl7.org/fhir/StructureDefinition/implementationguide-page"><valueUri value="ValueSet-CareConnect-ProcedureCode-1.html"/></extension><example value="false"/><sourceReference><reference value="ValueSet/ValueSet-CareConnect-ProcedureCode-1"/></sourceReference></resource><resource><extension url="http://hl7.org/fhir/StructureDefinition/implementationguide-page"><valueUri value="ValueSet-CareConnect-ProblemSignificance-1.html"/></extension><example value="false"/><sourceReference><reference value="ValueSet/ValueSet-CareConnect-ProblemSignificance-1"/></sourceReference></resource><resource><extension url="http://hl7.org/fhir/StructureDefinition/implementationguide-page"><valueUri value="ValueSet-CareConnect-PrescriptionType-1.html"/></extension><example value="false"/><sourceReference><reference value="ValueSet/ValueSet-CareConnect-PrescriptionType-1"/></sourceReference></resource><resource><extension url="http://hl7.org/fhir/StructureDefinition/implementationguide-page"><valueUri value="ValueSet-CareConnect-PrescribedElsewhere-1.html"/></extension><example value="false"/><sourceReference><reference value="ValueSet/ValueSet-CareConnect-PrescribedElsewhere-1"/></sourceReference></resource><resource><extension url="http://hl7.org/fhir/StructureDefinition/implementationguide-page"><valueUri value="ValueSet-CareConnect-PDS-PersonNameType-1.html"/></extension><example value="false"/><sourceReference><reference value="ValueSet/ValueSet-CareConnect-PDS-PersonNameType-1"/></sourceReference></resource><resource><extension url="http://hl7.org/fhir/StructureDefinition/implementationguide-page"><valueUri value="CodeSystem-CareConnect-MedicationChangeStatus-1.html"/></extension><example value="false"/><sourceReference><reference value="CodeSystem/CodeSystem-CareConnect-MedicationChangeStatus-1"/></sourceReference></resource><resource><extension url="http://hl7.org/fhir/StructureDefinition/implementationguide-page"><valueUri value="CodeSystem-CareConnect-MedicationFlag-1.html"/></extension><example value="false"/><sourceReference><reference value="CodeSystem/CodeSystem-CareConnect-MedicationFlag-1"/></sourceReference></resource><resource><extension url="http://hl7.org/fhir/StructureDefinition/implementationguide-page"><valueUri value="CodeSystem-CareConnect-MedicationSupplyType-1.html"/></extension><example value="false"/><sourceReference><reference value="CodeSystem/CodeSystem-CareConnect-MedicationSupplyType-1"/></sourceReference></resource><resource><extension url="http://hl7.org/fhir/StructureDefinition/implementationguide-page"><valueUri value="CodeSystem-CareConnect-ReferralRequestMethod-1.html"/></extension><example value="false"/><sourceReference><reference value="CodeSystem/CodeSystem-CareConnect-ReferralRequestMethod-1"/></sourceReference></resource><resource><extension url="http://hl7.org/fhir/StructureDefinition/implementationguide-page"><valueUri value="CodeSystem-CareConnect-NHSDataDictionary-PersonMaritalStatus-1.html"/></extension><example value="false"/><sourceReference><reference value="CodeSystem/CodeSystem-CareConnect-NHSDataDictionary-PersonMaritalStatus-1"/></sourceReference></resource><resource><extension url="http://hl7.org/fhir/StructureDefinition/implementationguide-page"><valueUri value="CodeSystem-CareConnect-NHSDataDictionary-PersonStatedGender-1.html"/></extension><example value="false"/><sourceReference><reference value="CodeSystem/CodeSystem-CareConnect-NHSDataDictionary-PersonStatedGender-1"/></sourceReference></resource><resource><extension url="http://hl7.org/fhir/StructureDefinition/implementationguide-page"><valueUri value="CodeSystem-CareConnect-NHSNumberVerificationStatus-1.html"/></extension><example value="false"/><sourceReference><reference value="CodeSystem/CodeSystem-CareConnect-NHSNumberVerificationStatus-1"/></sourceReference></resource><resource><extension url="http://hl7.org/fhir/StructureDefinition/implementationguide-page"><valueUri value="CodeSystem-CareConnect-OutcomeOfAttendance-1.html"/></extension><example value="false"/><sourceReference><reference value="CodeSystem/CodeSystem-CareConnect-OutcomeOfAttendance-1"/></sourceReference></resource><resource><extension url="http://hl7.org/fhir/StructureDefinition/implementationguide-page"><valueUri value="CodeSystem-CareConnect-PDS-PersonNameType-1.html"/></extension><example value="false"/><sourceReference><reference value="CodeSystem/CodeSystem-CareConnect-PDS-PersonNameType-1"/></sourceReference></resource><resource><extension url="http://hl7.org/fhir/StructureDefinition/implementationguide-page"><valueUri value="CodeSystem-CareConnect-PrescribedElsewhere-1.html"/></extension><example value="false"/><sourceReference><reference value="CodeSystem/CodeSystem-CareConnect-PrescribedElsewhere-1"/></sourceReference></resource><resource><extension url="http://hl7.org/fhir/StructureDefinition/implementationguide-page"><valueUri value="CodeSystem-CareConnect-PrescriptionType-1.html"/></extension><example value="false"/><sourceReference><reference value="CodeSystem/CodeSystem-CareConnect-PrescriptionType-1"/></sourceReference></resource><resource><extension url="http://hl7.org/fhir/StructureDefinition/implementationguide-page"><valueUri value="CodeSystem-CareConnect-ProblemSignificance-1.html"/></extension><example value="false"/><sourceReference><reference value="CodeSystem/CodeSystem-CareConnect-ProblemSignificance-1"/></sourceReference></resource><resource><extension url="http://hl7.org/fhir/StructureDefinition/implementationguide-page"><valueUri value="CodeSystem-CareConnect-RegistrationStatus-1.html"/></extension><example value="false"/><sourceReference><reference value="CodeSystem/CodeSystem-CareConnect-RegistrationStatus-1"/></sourceReference></resource><resource><extension url="http://hl7.org/fhir/StructureDefinition/implementationguide-page"><valueUri value="CodeSystem-CareConnect-RegistrationType-1.html"/></extension><example value="false"/><sourceReference><reference value="CodeSystem/CodeSystem-CareConnect-RegistrationType-1"/></sourceReference></resource><resource><extension url="http://hl7.org/fhir/StructureDefinition/implementationguide-page"><valueUri value="CodeSystem-CareConnect-ResidentialStatus-1.html"/></extension><example value="false"/><sourceReference><reference value="CodeSystem/CodeSystem-CareConnect-ResidentialStatus-1"/></sourceReference></resource><resource><extension url="http://hl7.org/fhir/StructureDefinition/implementationguide-page"><valueUri value="CodeSystem-CareConnect-SDSJobRoleName-1.html"/></extension><example value="false"/><sourceReference><reference value="CodeSystem/CodeSystem-CareConnect-SDSJobRoleName-1"/></sourceReference></resource><resource><extension url="http://hl7.org/fhir/StructureDefinition/implementationguide-page"><valueUri value="CodeSystem-CareConnect-SourceOfAdmission-1.html"/></extension><example value="false"/><sourceReference><reference value="CodeSystem/CodeSystem-CareConnect-SourceOfAdmission-1"/></sourceReference></resource><resource><extension url="http://hl7.org/fhir/StructureDefinition/implementationguide-page"><valueUri value="CodeSystem-CareConnect-TreatmentCategory-1.html"/></extension><example value="false"/><sourceReference><reference value="CodeSystem/CodeSystem-CareConnect-TreatmentCategory-1"/></sourceReference></resource><resource><extension url="http://hl7.org/fhir/StructureDefinition/implementationguide-page"><valueUri value="CodeSystem-CareConnect-AdmissionMethod-1.html"/></extension><example value="false"/><sourceReference><reference value="CodeSystem/CodeSystem-CareConnect-AdmissionMethod-1"/></sourceReference></resource><resource><extension url="http://hl7.org/fhir/StructureDefinition/implementationguide-page"><valueUri value="CodeSystem-CareConnect-ConditionCategory-1.html"/></extension><example value="false"/><sourceReference><reference value="CodeSystem/CodeSystem-CareConnect-ConditionCategory-1"/></sourceReference></resource><resource><extension url="http://hl7.org/fhir/StructureDefinition/implementationguide-page"><valueUri value="CodeSystem-CareConnect-ConditionEpisodicity-1.html"/></extension><example value="false"/><sourceReference><reference value="CodeSystem/CodeSystem-CareConnect-ConditionEpisodicity-1"/></sourceReference></resource><resource><extension url="http://hl7.org/fhir/StructureDefinition/implementationguide-page"><valueUri value="CodeSystem-CareConnect-ConditionRelationship-1.html"/></extension><example value="false"/><sourceReference><reference value="CodeSystem/CodeSystem-CareConnect-ConditionRelationship-1"/></sourceReference></resource><resource><extension url="http://hl7.org/fhir/StructureDefinition/implementationguide-page"><valueUri value="CodeSystem-CareConnect-DeathNotificationStatus-1.html"/></extension><example value="false"/><sourceReference><reference value="CodeSystem/CodeSystem-CareConnect-DeathNotificationStatus-1"/></sourceReference></resource><resource><extension url="http://hl7.org/fhir/StructureDefinition/implementationguide-page"><valueUri value="CodeSystem-CareConnect-DischargeDestination-1.html"/></extension><example value="false"/><sourceReference><reference value="CodeSystem/CodeSystem-CareConnect-DischargeDestination-1"/></sourceReference></resource><resource><extension url="http://hl7.org/fhir/StructureDefinition/implementationguide-page"><valueUri value="CodeSystem-CareConnect-DischargeMethod-1.html"/></extension><example value="false"/><sourceReference><reference value="CodeSystem/CodeSystem-CareConnect-DischargeMethod-1"/></sourceReference></resource><resource><extension url="http://hl7.org/fhir/StructureDefinition/implementationguide-page"><valueUri value="CodeSystem-CareConnect-EthnicCategory-1.html"/></extension><example value="false"/><sourceReference><reference value="CodeSystem/CodeSystem-CareConnect-EthnicCategory-1"/></sourceReference></resource><resource><extension url="http://hl7.org/fhir/StructureDefinition/implementationguide-page"><valueUri value="CodeSystem-CareConnect-HumanLanguage-1.html"/></extension><example value="false"/><sourceReference><reference value="CodeSystem/CodeSystem-CareConnect-HumanLanguage-1"/></sourceReference></resource><resource><extension url="http://hl7.org/fhir/StructureDefinition/implementationguide-page"><valueUri value="CodeSystem-CareConnect-ImmunizationExplanationReason-1.html"/></extension><example value="false"/><sourceReference><reference value="CodeSystem/CodeSystem-CareConnect-ImmunizationExplanationReason-1"/></sourceReference></resource><resource><extension url="http://hl7.org/fhir/StructureDefinition/implementationguide-page"><valueUri value="CodeSystem-CareConnect-InterpretationCode-1.html"/></extension><example value="false"/><sourceReference><reference value="CodeSystem/CodeSystem-CareConnect-InterpretationCode-1"/></sourceReference></resource><resource><extension url="http://hl7.org/fhir/StructureDefinition/implementationguide-page"><valueUri value="CodeSystem-CareConnect-LanguageAbilityMode-1.html"/></extension><example value="false"/><sourceReference><reference value="CodeSystem/CodeSystem-CareConnect-LanguageAbilityMode-1"/></sourceReference></resource><resource><extension url="http://hl7.org/fhir/StructureDefinition/implementationguide-page"><valueUri value="CodeSystem-CareConnect-LanguageAbilityProficiency-1.html"/></extension><example value="false"/><sourceReference><reference value="CodeSystem/CodeSystem-CareConnect-LanguageAbilityProficiency-1"/></sourceReference></resource><resource><extension url="http://hl7.org/fhir/StructureDefinition/implementationguide-page"><valueUri value="CodeSystem-CareConnect-ListEmptyReasonCode-1.html"/></extension><example value="false"/><sourceReference><reference value="CodeSystem/CodeSystem-CareConnect-ListEmptyReasonCode-1"/></sourceReference></resource><resource><extension url="http://hl7.org/fhir/StructureDefinition/implementationguide-page"><valueUri value="CodeSystem-CareConnect-ListWarningCode-1.html"/></extension><example value="false"/><sourceReference><reference value="CodeSystem/CodeSystem-CareConnect-ListWarningCode-1"/></sourceReference></resource><resource><extension url="http://hl7.org/fhir/StructureDefinition/implementationguide-page"><valueUri value="ConceptMap-CareConnect-AdministrativeGender-1.html"/></extension><example value="false"/><sourceReference><reference value="ConceptMap/CareConnect-AdministrativeGender-1"/></sourceReference></resource><resource><extension url="http://hl7.org/fhir/StructureDefinition/implementationguide-page"><valueUri value="ConceptMap-CareConnect-MaritalStatus-1.html"/></extension><example value="false"/><sourceReference><reference value="ConceptMap/CareConnect-MaritalStatus-1"/></sourceReference></resource><resource><extension url="http://hl7.org/fhir/StructureDefinition/implementationguide-page"><valueUri value="ConceptMap-CareConnect-PersonNameType-1.html"/></extension><example value="false"/><sourceReference><reference value="ConceptMap/CareConnect-PersonNameType-1"/></sourceReference></resource><resource><extension url="http://hl7.org/fhir/StructureDefinition/implementationguide-page"><valueUri value="ConceptMap-CareConnect-AllergySeverity-1.html"/></extension><example value="false"/><sourceReference><reference value="ConceptMap/CareConnect-AllergySeverity-1"/></sourceReference></resource><resource><extension url="http://hl7.org/fhir/StructureDefinition/implementationguide-page"><valueUri value="ConceptMap-CareConnect-AllergyVerificationStatus-1.html"/></extension><example value="false"/><sourceReference><reference value="ConceptMap/CareConnect-AllergyVerificationStatus-1"/></sourceReference></resource><resource><extension url="http://hl7.org/fhir/StructureDefinition/implementationguide-page"><valueUri value="ConceptMap-CareConnect-ConditionEpisodicity-1.html"/></extension><example value="false"/><sourceReference><reference value="ConceptMap/CareConnect-ConditionEpisodicity-1"/></sourceReference></resource><resource><extension url="http://hl7.org/fhir/StructureDefinition/implementationguide-page"><valueUri value="CareConnect-ACVPU-Observation-Example-1.html"/></extension><example value="true"/><sourceReference><reference value="Observation/CareConnect-ACVPU-Observation-Example-1"/></sourceReference></resource><resource><extension url="http://hl7.org/fhir/StructureDefinition/implementationguide-page"><valueUri value="CareConnect-AllergyIntolerance-Example-1.html"/></extension><example value="true"/><sourceReference><reference value="AllergyIntolerance/CareConnect-AllergyIntolerance-Example-1"/></sourceReference></resource><resource><extension url="http://hl7.org/fhir/StructureDefinition/implementationguide-page"><valueUri value="CareConnect-Appointment-Example-1.html"/></extension><example value="true"/><sourceReference><reference value="Appointment/CareConnect-Appointment-Example-1"/></sourceReference></resource><resource><extension url="http://hl7.org/fhir/StructureDefinition/implementationguide-page"><valueUri value="CareConnect-BloodPressure-Observation-Example-1.html"/></extension><example value="true"/><sourceReference><reference value="Observation/CareConnect-BloodPressure-Observation-Example-1"/></sourceReference></resource><resource><extension url="http://hl7.org/fhir/StructureDefinition/implementationguide-page"><valueUri value="CareConnect-BodyTemperature-Observation-Example-1.html"/></extension><example value="true"/><sourceReference><reference value="Observation/CareConnect-BodyTemperature-Observation-Example-1"/></sourceReference></resource><resource><extension url="http://hl7.org/fhir/StructureDefinition/implementationguide-page"><valueUri value="CareConnect-Patient-Example-1.html"/></extension><example value="true"/><sourceReference><reference value="Patient/CareConnect-Patient-Example-1"/></sourceReference></resource><resource><extension url="http://hl7.org/fhir/StructureDefinition/implementationguide-page"><valueUri value="CareConnect-CarePlan-Example-1.html"/></extension><example value="true"/><sourceReference><reference value="CarePlan/CareConnect-CarePlan-Example-1"/></sourceReference></resource><resource><extension url="http://hl7.org/fhir/StructureDefinition/implementationguide-page"><valueUri value="CareConnect-Communication-Example-1.html"/></extension><example value="true"/><sourceReference><reference value="Communication/CareConnect-Communication-Example-1"/></sourceReference></resource><resource><extension url="http://hl7.org/fhir/StructureDefinition/implementationguide-page"><valueUri value="CareConnect-Practitioner-Example-1.html"/></extension><example value="true"/><sourceReference><reference value="Practitioner/CareConnect-Practitioner-Example-1"/></sourceReference></resource><resource><extension url="http://hl7.org/fhir/StructureDefinition/implementationguide-page"><valueUri value="CareConnect-Condition-Example-1.html"/></extension><example value="true"/><sourceReference><reference value="Condition/CareConnect-Condition-Example-1"/></sourceReference></resource><resource><extension url="http://hl7.org/fhir/StructureDefinition/implementationguide-page"><valueUri value="CareConnect-Composition-Example-1.html"/></extension><example value="true"/><sourceReference><reference value="Composition/CareConnect-Composition-Example-1"/></sourceReference></resource><resource><extension url="http://hl7.org/fhir/StructureDefinition/implementationguide-page"><valueUri value="CareConnect-Consent-Example-1.html"/></extension><example value="true"/><sourceReference><reference value="Consent/CareConnect-Consent-Example-1"/></sourceReference></resource><resource><extension url="http://hl7.org/fhir/StructureDefinition/implementationguide-page"><valueUri value="CareConnect-DiagnosticReport-Example-1.html"/></extension><example value="true"/><sourceReference><reference value="DiagnosticReport/CareConnect-DiagnosticReport-Example-1"/></sourceReference></resource><resource><extension url="http://hl7.org/fhir/StructureDefinition/implementationguide-page"><valueUri value="CareConnect-DocumentReference-Example-1.html"/></extension><example value="true"/><sourceReference><reference value="DocumentReference/CareConnect-DocumentReference-Example-1"/></sourceReference></resource><resource><extension url="http://hl7.org/fhir/StructureDefinition/implementationguide-page"><valueUri value="CareConnect-Encounter-Example-1.html"/></extension><example value="true"/><sourceReference><reference value="Encounter/CareConnect-Encounter-Example-1"/></sourceReference></resource><resource><extension url="http://hl7.org/fhir/StructureDefinition/implementationguide-page"><valueUri value="CareConnect-EpisodeOfCare-Example-1.html"/></extension><example value="true"/><sourceReference><reference value="EpisodeOfCare/CareConnect-EpisodeOfCare-Example-1"/></sourceReference></resource><resource><extension url="http://hl7.org/fhir/StructureDefinition/implementationguide-page"><valueUri value="CareConnect-FamilyMemberHistory-Example-1.html"/></extension><example value="true"/><sourceReference><reference value="FamilyMemberHistory/CareConnect-FamilyMemberHistory-Example-1"/></sourceReference></resource><resource><extension url="http://hl7.org/fhir/StructureDefinition/implementationguide-page"><valueUri value="CareConnect-Flag-Example-1.html"/></extension><example value="true"/><sourceReference><reference value="Flag/CareConnect-Flag-Example-1"/></sourceReference></resource><resource><extension url="http://hl7.org/fhir/StructureDefinition/implementationguide-page"><valueUri value="CareConnect-HealthcareService-Example-1.html"/></extension><example value="true"/><sourceReference><reference value="HealthcareService/CareConnect-HealthcareService-Example-1"/></sourceReference></resource><resource><extension url="http://hl7.org/fhir/StructureDefinition/implementationguide-page"><valueUri value="CareConnect-HeartRate-Observation-Example-1.html"/></extension><example value="true"/><sourceReference><reference value="Observation/CareConnect-HeartRate-Observation-Example-1"/></sourceReference></resource><resource><extension url="http://hl7.org/fhir/StructureDefinition/implementationguide-page"><valueUri value="CareConnect-Immunization-Example-1.html"/></extension><example value="true"/><sourceReference><reference value="Immunization/CareConnect-Immunization-Example-1"/></sourceReference></resource><resource><extension url="http://hl7.org/fhir/StructureDefinition/implementationguide-page"><valueUri value="CareConnect-InspiredOxygen-Observation-Example-1.html"/></extension><example value="true"/><sourceReference><reference value="Observation/CareConnect-InspiredOxygen-Observation-Example-1"/></sourceReference></resource><resource><extension url="http://hl7.org/fhir/StructureDefinition/implementationguide-page"><valueUri value="CareConnect-OxygenSaturation-Observation-Example-1.html"/></extension><example value="true"/><sourceReference><reference value="Observation/CareConnect-OxygenSaturation-Observation-Example-1"/></sourceReference></resource><resource><extension url="http://hl7.org/fhir/StructureDefinition/implementationguide-page"><valueUri value="CareConnect-List-Example-1.html"/></extension><example value="true"/><sourceReference><reference value="List/CareConnect-List-Example-1"/></sourceReference></resource><resource><extension url="http://hl7.org/fhir/StructureDefinition/implementationguide-page"><valueUri value="CareConnect-Medication-Flag-Example-1.html"/></extension><example value="true"/><sourceReference><reference value="Flag/CareConnect-Medication-Flag-Example-1"/></sourceReference></resource><resource><extension url="http://hl7.org/fhir/StructureDefinition/implementationguide-page"><valueUri value="CareConnect-Medication-Example-1.html"/></extension><example value="true"/><sourceReference><reference value="Medication/CareConnect-Medication-Example-1"/></sourceReference></resource><resource><extension url="http://hl7.org/fhir/StructureDefinition/implementationguide-page"><valueUri value="CareConnect-MedicationAdministration-Example-1.html"/></extension><example value="true"/><sourceReference><reference value="MedicationAdministration/CareConnect-MedicationAdministration-Example-1"/></sourceReference></resource><resource><extension url="http://hl7.org/fhir/StructureDefinition/implementationguide-page"><valueUri value="CareConnect-MedicationDispense-Example-1.html"/></extension><example value="true"/><sourceReference><reference value="MedicationDispense/CareConnect-MedicationDispense-Example-1"/></sourceReference></resource><resource><extension url="http://hl7.org/fhir/StructureDefinition/implementationguide-page"><valueUri value="CareConnect-MedicationRequest-Example-1.html"/></extension><example value="true"/><sourceReference><reference value="MedicationRequest/CareConnect-MedicationRequest-Example-1"/></sourceReference></resource><resource><extension url="http://hl7.org/fhir/StructureDefinition/implementationguide-page"><valueUri value="CareConnect-MedicationStatement-Example-1.html"/></extension><example value="true"/><sourceReference><reference value="MedicationStatement/CareConnect-MedicationStatement-Example-1"/></sourceReference></resource><resource><extension url="http://hl7.org/fhir/StructureDefinition/implementationguide-page"><valueUri value="CareConnect-Observation-Example-1.html"/></extension><example value="true"/><sourceReference><reference value="Observation/CareConnect-Observation-Example-1"/></sourceReference></resource><resource><extension url="http://hl7.org/fhir/StructureDefinition/implementationguide-page"><valueUri value="CareConnect-ProblemHeader-Condition-Example-1.html"/></extension><example value="true"/><sourceReference><reference value="Condition/CareConnect-ProblemHeader-Condition-Example-1"/></sourceReference></resource><resource><extension url="http://hl7.org/fhir/StructureDefinition/implementationguide-page"><valueUri value="CareConnect-ProblemList-Example-1.html"/></extension><example value="true"/><sourceReference><reference value="List/CareConnect-ProblemList-Example-1"/></sourceReference></resource><resource><extension url="http://hl7.org/fhir/StructureDefinition/implementationguide-page"><valueUri value="CareConnect-Procedure-Example-1.html"/></extension><example value="true"/><sourceReference><reference value="Procedure/CareConnect-Procedure-Example-1"/></sourceReference></resource><resource><extension url="http://hl7.org/fhir/StructureDefinition/implementationguide-page"><valueUri value="CareConnect-ProcedureRequest-Example-1.html"/></extension><example value="true"/><sourceReference><reference value="ProcedureRequest/CareConnect-ProcedureRequest-Example-1"/></sourceReference></resource><resource><extension url="http://hl7.org/fhir/StructureDefinition/implementationguide-page"><valueUri value="CareConnect-ReferralRequest-Example-1.html"/></extension><example value="true"/><sourceReference><reference value="ReferralRequest/CareConnect-ReferralRequest-Example-1"/></sourceReference></resource><resource><extension url="http://hl7.org/fhir/StructureDefinition/implementationguide-page"><valueUri value="CareConnect-RelatedPerson-Example-1.html"/></extension><example value="true"/><sourceReference><reference value="RelatedPerson/CareConnect-RelatedPerson-Example-1"/></sourceReference></resource><resource><extension url="http://hl7.org/fhir/StructureDefinition/implementationguide-page"><valueUri value="CareConnect-ResearchStudy-Example-1.html"/></extension><example value="true"/><sourceReference><reference value="ResearchStudy/CareConnect-ResearchStudy-Example-1"/></sourceReference></resource><resource><extension url="http://hl7.org/fhir/StructureDefinition/implementationguide-page"><valueUri value="CareConnect-RespiratoryRate-Observation-Example-1.html"/></extension><example value="true"/><sourceReference><reference value="Observation/CareConnect-RespiratoryRate-Observation-Example-1"/></sourceReference></resource><resource><extension url="http://hl7.org/fhir/StructureDefinition/implementationguide-page"><valueUri value="CareConnect-RiskAssessment-Example-1.html"/></extension><example value="true"/><sourceReference><reference value="RiskAssessment/CareConnect-RiskAssessment-Example-1"/></sourceReference></resource><resource><extension url="http://hl7.org/fhir/StructureDefinition/implementationguide-page"><valueUri value="CareConnect-Schedule-Example-1.html"/></extension><example value="true"/><sourceReference><reference value="Schedule/CareConnect-Schedule-Example-1"/></sourceReference></resource><resource><extension url="http://hl7.org/fhir/StructureDefinition/implementationguide-page"><valueUri value="CareConnect-Slot-Example-1.html"/></extension><example value="true"/><sourceReference><reference value="Slot/CareConnect-Slot-Example-1"/></sourceReference></resource><resource><extension url="http://hl7.org/fhir/StructureDefinition/implementationguide-page"><valueUri value="CareConnect-Specimen-Example-1.html"/></extension><example value="true"/><sourceReference><reference value="Specimen/CareConnect-Specimen-Example-1"/></sourceReference></resource><resource><extension url="http://hl7.org/fhir/StructureDefinition/implementationguide-page"><valueUri value="CareConnect-Subscore-Observation-Example-1.html"/></extension><example value="true"/><sourceReference><reference value="Observation/CareConnect-Subscore-Observation-Example-1"/></sourceReference></resource><resource><extension url="http://hl7.org/fhir/StructureDefinition/implementationguide-page"><valueUri value="CareConnect-VitalSigns-Observation-Example-1.html"/></extension><example value="true"/><sourceReference><reference value="Observation/CareConnect-VitalSigns-Observation-Example-1"/></sourceReference></resource></package></ImplementationGuide>