<?xml version="1.0" encoding="UTF-8"?><StructureDefinition xmlns="http://hl7.org/fhir"><id value="CareConnect-MedicationDispense-1"/><meta><lastUpdated value="2018-07-11T16:43:07.748+01:00"/></meta><text><status value="generated"/><div xmlns="http://www.w3.org/1999/xhtml"><table border="0" cellpadding="0" cellspacing="0" style="border: 0px #F0F0F0 solid; font-size: 11px; font-family: verdana; vertical-align: top;"><tr style="border: 1px #F0F0F0 solid; font-size: 11px; font-family: verdana; vertical-align: top;"><th style="vertical-align: top; text-align : left; background-color: white; border: 0px #F0F0F0 solid; padding:0px 4px 0px 4px" class="hierarchy"><a href="http://hl7.org/fhir/STU3/formats.html#table" title="The logical name of the element">Name</a></th><th style="vertical-align: top; text-align : left; background-color: white; border: 0px #F0F0F0 solid; padding:0px 4px 0px 4px" class="hierarchy"><a href="http://hl7.org/fhir/STU3/formats.html#table" title="Information about the use of the element">Flags</a></th><th style="vertical-align: top; text-align : left; background-color: white; border: 0px #F0F0F0 solid; padding:0px 4px 0px 4px" class="hierarchy"><a href="http://hl7.org/fhir/STU3/formats.html#table" title="Minimum and Maximum # of times the the element can appear in the instance">Card.</a></th><th style="width: 100px" class="hierarchy"><a href="http://hl7.org/fhir/STU3/formats.html#table" title="Reference to the type of the element">Type</a></th><th style="vertical-align: top; text-align : left; background-color: white; border: 0px #F0F0F0 solid; padding:0px 4px 0px 4px" class="hierarchy"><a href="http://hl7.org/fhir/STU3/formats.html#table" title="Additional information about the element">Description &amp; Constraints</a><span style="float: right"><a href="http://hl7.org/fhir/STU3/formats.html#table" title="Legend for this format"><img src="http://hl7.org/fhir/STU3/help16.png" alt="doco" style="background-color: inherit"/></a></span></th></tr><tr style="border: 0px #F0F0F0 solid; padding:0px; vertical-align: top; background-color: white;"><td style="vertical-align: top; text-align : left; background-color: white; border: 0px #F0F0F0 solid; padding:0px 4px 0px 4px; white-space: nowrap; background-image: url(tbl_bck0.png)" class="hierarchy"><img src="tbl_spacer.png" alt="." style="background-color: inherit" class="hierarchy"/><img src="icon_element.gif" alt="." style="background-color: white; background-color: inherit" title="Element" class="hierarchy"/> <a href="CareConnect-MedicationDispense-1-definitions.html#MedicationDispense.identifier.system" title="null">system</a><a name="MedicationDispense.identifier.system"> </a></td><td style="vertical-align: top; text-align : left; background-color: white; border: 0px #F0F0F0 solid; padding:0px 4px 0px 4px" class="hierarchy"/><td style="vertical-align: top; text-align : left; background-color: white; border: 0px #F0F0F0 solid; padding:0px 4px 0px 4px" class="hierarchy">1..</td><td style="vertical-align: top; text-align : left; background-color: white; border: 0px #F0F0F0 solid; padding:0px 4px 0px 4px" class="hierarchy"/><td style="vertical-align: top; text-align : left; background-color: white; border: 0px #F0F0F0 solid; padding:0px 4px 0px 4px" class="hierarchy"/></tr>
<tr><td colspan="5" class="hierarchy"><br/><a href="http://hl7.org/fhir/STU3/formats.html#table" title="Legend for this format"><img src="http://hl7.org/fhir/STU3/help16.png" alt="doco" style="background-color: inherit"/> Documentation for this format</a></td></tr></table></div></text><url value="https://fhir.hl7.org.uk/STU3/StructureDefinition/CareConnect-MedicationDispense-1"/><version value="1.2.0"/><name value="CareConnect-MedicationDispense-1"/><status value="draft"/><date value="2019-06-14T00:00:00+01:00"/><publisher value="HL7 UK"/><contact><name value="INTEROPen"/><telecom><system value="email"/><value value="admin@interopen.org"/><use value="work"/></telecom></contact><description value="Indicates that a medication product is to be or has been dispensed for a named person/patient."/><purpose value="CURATED BY INTEROPen see: http://www.interopen.org/careconnect-curation-methodology/ "/><copyright value="Copyright &#xA9; 2019 HL7 UK&#xD;&#xA;&#xD;&#xA;Licensed under the Apache License, Version 2.0 (the &quot;License&quot;); you may not use this file except in compliance with the License. You may obtain a copy of the License at&#xD;&#xA;&#xD;&#xA;http://www.apache.org/licenses/LICENSE-2.0&#xD;&#xA;&#xD;&#xA;Unless required by applicable law or agreed to in writing, software distributed under the License is distributed on an &quot;AS IS&quot; BASIS, WITHOUT WARRANTIES OR CONDITIONS OF ANY KIND, either express or implied. See the License for the specific language governing permissions and limitations under the License.&#xD;&#xA;&#xD;&#xA;HL7&#xAE; FHIR&#xAE; standard Copyright &#xA9; 2011+ HL7&#xD;&#xA;&#xD;&#xA;The HL7&#xAE; FHIR&#xAE; standard is used under the FHIR license. You may obtain a copy of the FHIR license at&#xD;&#xA;&#xD;&#xA;https://www.hl7.org/fhir/license.html"/><fhirVersion value="3.0.1"/><mapping><identity value="workflow"/><uri value="http://hl7.org/fhir/workflow"/><name value="Workflow Mapping"/></mapping><mapping><identity value="rim"/><uri value="http://hl7.org/v3"/><name value="RIM Mapping"/></mapping><mapping><identity value="w5"/><uri value="http://hl7.org/fhir/w5"/><name value="W5 Mapping"/></mapping><mapping><identity value="v2"/><uri value="http://hl7.org/v2"/><name value="HL7 v2 Mapping"/></mapping><kind value="resource"/><abstract value="false"/><type value="MedicationDispense"/><baseDefinition value="http://hl7.org/fhir/StructureDefinition/MedicationDispense"/><derivation value="constraint"/><snapshot><element id="MedicationDispense"><path value="MedicationDispense"/><short value="Dispensing a medication to a named patient"/><definition value="Indicates that a medication product is to be or has been dispensed for a named person/patient.  This includes a description of the medication product (supply) provided and the instructions for administering the medication.  The medication dispense is the result of a pharmacy system responding to a medication order."/><comment value="The WG will be updating the MedicationDispense resource  to adjust each affected resource to align with the workflow pattern (see workflow.html)."/><min value="0"/><max value="*"/><base><path value="MedicationDispense"/><min value="0"/><max value="*"/></base><constraint><key value="dom-2"/><severity value="error"/><human value="If the resource is contained in another resource, it SHALL NOT contain nested Resources"/><expression value="contained.contained.empty()"/><xpath value="not(parent::f:contained and f:contained)"/><source value="DomainResource"/></constraint><constraint><key value="dom-1"/><severity value="error"/><human value="If the resource is contained in another resource, it SHALL NOT contain any narrative"/><expression value="contained.text.empty()"/><xpath value="not(parent::f:contained and f:text)"/><source value="DomainResource"/></constraint><constraint><key value="dom-4"/><severity value="error"/><human value="If a resource is contained in another resource, it SHALL NOT have a meta.versionId or a meta.lastUpdated"/><expression value="contained.meta.versionId.empty() and contained.meta.lastUpdated.empty()"/><xpath value="not(exists(f:contained/*/f:meta/f:versionId)) and not(exists(f:contained/*/f:meta/f:lastUpdated))"/><source value="DomainResource"/></constraint><constraint><key value="dom-3"/><severity value="error"/><human value="If the resource is contained in another resource, it SHALL be referred to from elsewhere in the resource"/><expression value="contained.where((&#39;#&#39;+id in %resource.descendants().reference).not()).empty()"/><xpath value="not(exists(for $id in f:contained/*/@id return $id[not(ancestor::f:contained/parent::*/descendant::f:reference/@value=concat(&#39;#&#39;, $id))]))"/><source value="DomainResource"/></constraint><constraint><key value="mdd-1"/><severity value="error"/><human value="whenHandedOver cannot be before whenPrepared"/><expression value="whenHandedOver.empty() or whenPrepared.empty() or whenHandedOver &gt;= whenPrepared"/><xpath value="not(exists(f:whenHandedOver/@value)) or not(exists(f:whenPrepared/@value)) or ( f:whenHandedOver/@value &gt;= f:whenPrepared/@value)"/></constraint><mapping><identity value="rim"/><map value="Entity. Role, or Act"/></mapping><mapping><identity value="workflow"/><map value="..Event"/></mapping><mapping><identity value="rim"/><map value="Supply[moodCode=EVN]"/></mapping><mapping><identity value="w5"/><map value="clinical.medication"/></mapping></element><element id="MedicationDispense.id"><path value="MedicationDispense.id"/><short value="Logical id of this artifact"/><definition value="The logical id of the resource, as used in the URL for the resource. Once assigned, this value never changes."/><comment value="The only time that a resource does not have an id is when it is being submitted to the server using a create operation."/><min value="0"/><max value="1"/><base><path value="Resource.id"/><min value="0"/><max value="1"/></base><type><code value="id"/></type><isSummary value="true"/></element><element id="MedicationDispense.meta"><path value="MedicationDispense.meta"/><short value="Metadata about the resource"/><definition value="The metadata about the resource. This is content that is maintained by the infrastructure. Changes to the content may not always be associated with version changes to the resource."/><min value="0"/><max value="1"/><base><path value="Resource.meta"/><min value="0"/><max value="1"/></base><type><code value="Meta"/></type><isSummary value="true"/></element><element id="MedicationDispense.implicitRules"><path value="MedicationDispense.implicitRules"/><short value="A set of rules under which this content was created"/><definition value="A reference to a set of rules that were followed when the resource was constructed, and which must be understood when processing the content."/><comment value="Asserting this rule set restricts the content to be only understood by a limited set of trading partners. This inherently limits the usefulness of the data in the long term. However, the existing health eco-system is highly fractured, and not yet ready to define, collect, and exchange data in a generally computable sense. Wherever possible, implementers and/or specification writers should avoid using this element. &#xA;&#xA;This element is labelled as a modifier because the implicit rules may provide additional knowledge about the resource that modifies it&#39;s meaning or interpretation."/><min value="0"/><max value="1"/><base><path value="Resource.implicitRules"/><min value="0"/><max value="1"/></base><type><code value="uri"/></type><isModifier value="true"/><isSummary value="true"/></element><element id="MedicationDispense.language"><path value="MedicationDispense.language"/><short value="Language of the resource content"/><definition value="The base language in which the resource is written."/><comment value="Language is provided to support indexing and accessibility (typically, services such as text to speech use the language tag). The html language tag in the narrative applies  to the narrative. The language tag on the resource may be used to specify the language of other presentations generated from the data in the resource  Not all the content has to be in the base language. The Resource.language should not be assumed to apply to the narrative automatically. If a language is specified, it should it also be specified on the div element in the html (see rules in HTML5 for information about the relationship between xml:lang and the html lang attribute)."/><min value="0"/><max value="1"/><base><path value="Resource.language"/><min value="0"/><max value="1"/></base><type><code value="code"/></type><binding><extension url="http://hl7.org/fhir/StructureDefinition/elementdefinition-maxValueSet"><valueReference><reference value="http://hl7.org/fhir/ValueSet/all-languages"/></valueReference></extension><extension url="http://hl7.org/fhir/StructureDefinition/elementdefinition-bindingName"><valueString value="Language"/></extension><extension url="http://hl7.org/fhir/StructureDefinition/elementdefinition-isCommonBinding"><valueBoolean value="true"/></extension><strength value="extensible"/><description value="A human language."/><valueSetReference><reference value="http://hl7.org/fhir/ValueSet/languages"/></valueSetReference></binding></element><element id="MedicationDispense.text"><path value="MedicationDispense.text"/><short value="Text summary of the resource, for human interpretation"/><definition value="A human-readable narrative that contains a summary of the resource, and may be used to represent the content of the resource to a human. The narrative need not encode all the structured data, but is required to contain sufficient detail to make it &quot;clinically safe&quot; for a human to just read the narrative. Resource definitions may define what content should be represented in the narrative to ensure clinical safety."/><comment value="Contained resources do not have narrative. Resources that are not contained SHOULD have a narrative. In some cases, a resource may only have text with little or no additional discrete data (as long as all minOccurs=1 elements are satisfied).  This may be necessary for data from legacy systems where information is captured as a &quot;text blob&quot; or where text is additionally entered raw or narrated and encoded in formation is added later."/><alias value="narrative"/><alias value="html"/><alias value="xhtml"/><alias value="display"/><min value="0"/><max value="1"/><base><path value="DomainResource.text"/><min value="0"/><max value="1"/></base><type><code value="Narrative"/></type><condition value="dom-1"/><mapping><identity value="rim"/><map value="Act.text?"/></mapping></element><element id="MedicationDispense.contained"><path value="MedicationDispense.contained"/><short value="Contained, inline Resources"/><definition value="These resources do not have an independent existence apart from the resource that contains them - they cannot be identified independently, and nor can they have their own independent transaction scope."/><comment value="This should never be done when the content can be identified properly, as once identification is lost, it is extremely difficult (and context dependent) to restore it again."/><alias value="inline resources"/><alias value="anonymous resources"/><alias value="contained resources"/><min value="0"/><max value="*"/><base><path value="DomainResource.contained"/><min value="0"/><max value="*"/></base><type><code value="Resource"/></type><mapping><identity value="rim"/><map value="N/A"/></mapping></element><element id="MedicationDispense.extension"><path value="MedicationDispense.extension"/><short value="Additional Content defined by implementations"/><definition value="May be used to represent additional information that is not part of the basic definition of the resource. In order to make the use of extensions safe and manageable, there is a strict set of governance  applied to the definition and use of extensions. Though any implementer is allowed to define an extension, there is a set of requirements that SHALL be met as part of the definition of the extension."/><comment value="There can be no stigma associated with the use of extensions by any application, project, or standard - regardless of the institution or jurisdiction that uses or defines the extensions.  The use of extensions is what allows the FHIR specification to retain a core level of simplicity for everyone."/><alias value="extensions"/><alias value="user content"/><min value="0"/><max value="*"/><base><path value="DomainResource.extension"/><min value="0"/><max value="*"/></base><type><code value="Extension"/></type><mapping><identity value="rim"/><map value="N/A"/></mapping></element><element id="MedicationDispense.modifierExtension"><path value="MedicationDispense.modifierExtension"/><short value="Extensions that cannot be ignored"/><definition value="May be used to represent additional information that is not part of the basic definition of the resource, and that modifies the understanding of the element that contains it. Usually modifier elements provide negation or qualification. In order to make the use of extensions safe and manageable, there is a strict set of governance applied to the definition and use of extensions. Though any implementer is allowed to define an extension, there is a set of requirements that SHALL be met as part of the definition of the extension. Applications processing a resource are required to check for modifier extensions."/><comment value="There can be no stigma associated with the use of extensions by any application, project, or standard - regardless of the institution or jurisdiction that uses or defines the extensions.  The use of extensions is what allows the FHIR specification to retain a core level of simplicity for everyone."/><alias value="extensions"/><alias value="user content"/><min value="0"/><max value="*"/><base><path value="DomainResource.modifierExtension"/><min value="0"/><max value="*"/></base><type><code value="Extension"/></type><isModifier value="true"/><mapping><identity value="rim"/><map value="N/A"/></mapping></element><element id="MedicationDispense.identifier"><path value="MedicationDispense.identifier"/><short value="External identifier"/><definition value="Identifier assigned by the dispensing facility - this is an identifier assigned outside FHIR."/><min value="0"/><max value="*"/><base><path value="MedicationDispense.identifier"/><min value="0"/><max value="*"/></base><type><code value="Identifier"/></type><mapping><identity value="workflow"/><map value="&#x2026;identifier"/></mapping><mapping><identity value="rim"/><map value=".id"/></mapping><mapping><identity value="w5"/><map value="id"/></mapping></element><element id="MedicationDispense.identifier.id"><path value="MedicationDispense.identifier.id"/><representation value="xmlAttr"/><short value="xml:id (or equivalent in JSON)"/><definition value="unique id for the element within a resource (for internal references). This may be any string value that does not contain spaces."/><min value="0"/><max value="1"/><base><path value="Element.id"/><min value="0"/><max value="1"/></base><type><code value="string"/></type><mapping><identity value="rim"/><map value="n/a"/></mapping></element><element id="MedicationDispense.identifier.extension"><path value="MedicationDispense.identifier.extension"/><slicing><discriminator><type value="value"/><path value="url"/></discriminator><description value="Extensions are always sliced by (at least) url"/><rules value="open"/></slicing><short value="Additional Content defined by implementations"/><definition value="May be used to represent additional information that is not part of the basic definition of the element. In order to make the use of extensions safe and manageable, there is a strict set of governance  applied to the definition and use of extensions. Though any implementer is allowed to define an extension, there is a set of requirements that SHALL be met as part of the definition of the extension."/><comment value="There can be no stigma associated with the use of extensions by any application, project, or standard - regardless of the institution or jurisdiction that uses or defines the extensions.  The use of extensions is what allows the FHIR specification to retain a core level of simplicity for everyone."/><alias value="extensions"/><alias value="user content"/><min value="0"/><max value="*"/><base><path value="Element.extension"/><min value="0"/><max value="*"/></base><type><code value="Extension"/></type><mapping><identity value="rim"/><map value="n/a"/></mapping></element><element id="MedicationDispense.identifier.use"><path value="MedicationDispense.identifier.use"/><short value="usual | official | temp | secondary (If known)"/><definition value="The purpose of this identifier."/><comment value="This is labeled as &quot;Is Modifier&quot; because applications should not mistake a temporary id for a permanent one. Applications can assume that an identifier is permanent unless it explicitly says that it is temporary."/><requirements value="Allows the appropriate identifier for a particular context of use to be selected from among a set of identifiers."/><min value="0"/><max value="1"/><base><path value="Identifier.use"/><min value="0"/><max value="1"/></base><type><code value="code"/></type><isModifier value="true"/><isSummary value="true"/><binding><extension url="http://hl7.org/fhir/StructureDefinition/elementdefinition-bindingName"><valueString value="IdentifierUse"/></extension><strength value="required"/><description value="Identifies the purpose for this identifier, if known ."/><valueSetReference><reference value="http://hl7.org/fhir/ValueSet/identifier-use"/></valueSetReference></binding><mapping><identity value="v2"/><map value="N/A"/></mapping><mapping><identity value="rim"/><map value="Role.code or implied by context"/></mapping></element><element id="MedicationDispense.identifier.type"><path value="MedicationDispense.identifier.type"/><short value="Description of identifier"/><definition value="A coded type for the identifier that can be used to determine which identifier to use for a specific purpose."/><comment value="This element deals only with general categories of identifiers.  It SHOULD not be used for codes that correspond 1..1 with the Identifier.system. Some identifiers may fall into multiple categories due to common usage. &#xA;&#xA;Where the system is known, a type is unnecessary because the type is always part of the system definition. However systems often need to handle identifiers where the system is not known. There is not a 1:1 relationship between type and system, since many different systems have the same type."/><requirements value="Allows users to make use of identifiers when the identifier system is not known."/><min value="0"/><max value="1"/><base><path value="Identifier.type"/><min value="0"/><max value="1"/></base><type><code value="CodeableConcept"/></type><isSummary value="true"/><binding><extension url="http://hl7.org/fhir/StructureDefinition/elementdefinition-bindingName"><valueString value="IdentifierType"/></extension><extension url="http://hl7.org/fhir/StructureDefinition/elementdefinition-isCommonBinding"><valueBoolean value="true"/></extension><strength value="extensible"/><description value="A coded type for an identifier that can be used to determine which identifier to use for a specific purpose."/><valueSetReference><reference value="http://hl7.org/fhir/ValueSet/identifier-type"/></valueSetReference></binding><mapping><identity value="v2"/><map value="CX.5"/></mapping><mapping><identity value="rim"/><map value="Role.code or implied by context"/></mapping></element><element id="MedicationDispense.identifier.system"><path value="MedicationDispense.identifier.system"/><short value="The namespace for the identifier value"/><definition value="Establishes the namespace for the value - that is, a URL that describes a set values that are unique."/><requirements value="There are many sets  of identifiers.  To perform matching of two identifiers, we need to know what set we&#39;re dealing with. The system identifies a particular set of unique identifiers."/><min value="1"/><max value="1"/><base><path value="Identifier.system"/><min value="0"/><max value="1"/></base><type><code value="uri"/></type><example><label value="General"/><valueUri value="http://www.acme.com/identifiers/patient or urn:ietf:rfc:3986 if the Identifier.value itself is a full uri"/></example><isSummary value="true"/><mapping><identity value="v2"/><map value="CX.4 / EI-2-4"/></mapping><mapping><identity value="rim"/><map value="II.root or Role.id.root"/></mapping><mapping><identity value="servd"/><map value="./IdentifierType"/></mapping></element><element id="MedicationDispense.identifier.value"><path value="MedicationDispense.identifier.value"/><short value="The value that is unique"/><definition value="The portion of the identifier typically relevant to the user and which is unique within the context of the system."/><comment value="If the value is a full URI, then the system SHALL be urn:ietf:rfc:3986.  The value&#39;s primary purpose is computational mapping.  As a result, it may be normalized for comparison purposes (e.g. removing non-significant whitespace, dashes, etc.)  A value formatted for human display can be conveyed using the [Rendered Value extension](http://hl7.org/fhir/STU3/extension-rendered-value.html)."/><min value="1"/><max value="1"/><base><path value="Identifier.value"/><min value="0"/><max value="1"/></base><type><code value="string"/></type><example><label value="General"/><valueString value="123456"/></example><isSummary value="true"/><mapping><identity value="v2"/><map value="CX.1 / EI.1"/></mapping><mapping><identity value="rim"/><map value="II.extension or II.root if system indicates OID or GUID (Or Role.id.extension or root)"/></mapping><mapping><identity value="servd"/><map value="./Value"/></mapping></element><element id="MedicationDispense.identifier.period"><path value="MedicationDispense.identifier.period"/><short value="Time period when id is/was valid for use"/><definition value="Time period during which identifier is/was valid for use."/><min value="0"/><max value="1"/><base><path value="Identifier.period"/><min value="0"/><max value="1"/></base><type><code value="Period"/></type><isSummary value="true"/><mapping><identity value="v2"/><map value="CX.7 + CX.8"/></mapping><mapping><identity value="rim"/><map value="Role.effectiveTime or implied by context"/></mapping><mapping><identity value="servd"/><map value="./StartDate and ./EndDate"/></mapping></element><element id="MedicationDispense.identifier.assigner"><path value="MedicationDispense.identifier.assigner"/><short value="Organization that issued id (may be just text)"/><definition value="Organization that issued/manages the identifier."/><comment value="The Identifier.assigner may omit the .reference element and only contain a .display element reflecting the name or other textual information about the assigning organization."/><min value="0"/><max value="1"/><base><path value="Identifier.assigner"/><min value="0"/><max value="1"/></base><type><code value="Reference"/><targetProfile value="https://fhir.hl7.org.uk/STU3/StructureDefinition/CareConnect-Organization-1"/></type><isSummary value="true"/><mapping><identity value="v2"/><map value="CX.4 / (CX.4,CX.9,CX.10)"/></mapping><mapping><identity value="rim"/><map value="II.assigningAuthorityName but note that this is an improper use by the definition of the field.  Also Role.scoper"/></mapping><mapping><identity value="servd"/><map value="./IdentifierIssuingAuthority"/></mapping></element><element id="MedicationDispense.partOf"><path value="MedicationDispense.partOf"/><short value="Event that dispense is part of"/><definition value="The procedure that the dispense is done because of."/><min value="0"/><max value="*"/><base><path value="MedicationDispense.partOf"/><min value="0"/><max value="*"/></base><type><code value="Reference"/><targetProfile value="https://fhir.hl7.org.uk/STU3/StructureDefinition/CareConnect-Procedure-1"/></type><mapping><identity value="workflow"/><map value="&#x2026;part of"/></mapping><mapping><identity value="rim"/><map value=".outboundRelationship[typeCode=COMP]/target[classCode=PROC,moodCode=EVN]"/></mapping></element><element id="MedicationDispense.status"><path value="MedicationDispense.status"/><short value="preparation | in-progress | on-hold | completed | entered-in-error | stopped"/><definition value="A code specifying the state of the set of dispense events."/><comment value="This element is labeled as a modifier because the status contains codes that mark the resource as not currently valid."/><min value="0"/><max value="1"/><base><path value="MedicationDispense.status"/><min value="0"/><max value="1"/></base><type><code value="code"/></type><isModifier value="true"/><isSummary value="true"/><binding><extension url="http://hl7.org/fhir/StructureDefinition/elementdefinition-bindingName"><valueString value="MedicationDispenseStatus"/></extension><strength value="required"/><description value="A coded concept specifying the state of the dispense event."/><valueSetReference><reference value="http://hl7.org/fhir/ValueSet/medication-dispense-status"/></valueSetReference></binding><mapping><identity value="workflow"/><map value="&#x2026;status"/></mapping><mapping><identity value="rim"/><map value=".statusCode"/></mapping><mapping><identity value="w5"/><map value="status"/></mapping></element><element id="MedicationDispense.category"><path value="MedicationDispense.category"/><short value="Type of medication dispense"/><definition value="Indicates type of medication dispense and where the medication is expected to be consumed or administered."/><min value="0"/><max value="1"/><base><path value="MedicationDispense.category"/><min value="0"/><max value="1"/></base><type><code value="CodeableConcept"/></type><binding><extension url="http://hl7.org/fhir/StructureDefinition/elementdefinition-bindingName"><valueString value="MedicationDispenseCategory"/></extension><strength value="preferred"/><description value="A code describing where the dispensed medication is expected to be consumed or administered"/><valueSetReference><reference value="http://hl7.org/fhir/ValueSet/medication-dispense-category"/></valueSetReference></binding><mapping><identity value="rim"/><map value=".inboundRelationship[typeCode=COMP].source[classCode=OBS, moodCode=EVN, code=&quot;type of medication dispense&quot;].value"/></mapping></element><element id="MedicationDispense.medicationReference:medicationReference"><path value="MedicationDispense.medicationReference"/><sliceName value="medicationReference"/><short value="What medication was supplied"/><definition value="Identifies the medication being administered. This is either a link to a resource representing the details of the medication or a simple attribute carrying a code that identifies the medication from a known list of medications."/><comment value="If only a code is specified, then it needs to be a code for a specific product. If more information is required, then the use of the medication resource is recommended.&#xA0; For example if&#xA0;you require&#xA0;form or&#xA0;lot number, then you must&#xA0;reference the Medication resource.&#xA0;."/><min value="1"/><max value="1"/><base><path value="MedicationDispense.medication[x]"/><min value="1"/><max value="1"/></base><type><code value="Reference"/><targetProfile value="https://fhir.hl7.org.uk/STU3/StructureDefinition/CareConnect-Medication-1"/></type><isSummary value="true"/><mapping><identity value="workflow"/><map value="&#x2026;code"/></mapping><mapping><identity value="v2"/><map value="RXD-2-Dispense/Give Code"/></mapping><mapping><identity value="rim"/><map value=".participation[typeCode=PRD].role"/></mapping><mapping><identity value="w5"/><map value="what"/></mapping></element><element id="MedicationDispense.subject"><path value="MedicationDispense.subject"/><short value="Who the dispense is for"/><definition value="A link to a resource representing the person or the group to whom the medication will be given."/><comment value="SubstanceAdministration-&gt;subject-&gt;Patient."/><min value="0"/><max value="1"/><base><path value="MedicationDispense.subject"/><min value="0"/><max value="1"/></base><type><code value="Reference"/><targetProfile value="http://hl7.org/fhir/StructureDefinition/Group"/></type><type><code value="Reference"/><targetProfile value="https://fhir.hl7.org.uk/STU3/StructureDefinition/CareConnect-Patient-1"/></type><isSummary value="true"/><mapping><identity value="workflow"/><map value="&#x2026;subject"/></mapping><mapping><identity value="v2"/><map value="PID-3-Patient ID List"/></mapping><mapping><identity value="rim"/><map value=".participation[typeCode=SBJ].role[classCode=PAT]"/></mapping><mapping><identity value="w5"/><map value="who.focus"/></mapping></element><element id="MedicationDispense.context"><path value="MedicationDispense.context"/><short value="Encounter / Episode associated with event"/><definition value="The encounter or episode of care that establishes the context for this event."/><min value="0"/><max value="1"/><base><path value="MedicationDispense.context"/><min value="0"/><max value="1"/></base><type><code value="Reference"/><targetProfile value="https://fhir.hl7.org.uk/STU3/StructureDefinition/CareConnect-EpisodeOfCare-1"/></type><type><code value="Reference"/><targetProfile value="https://fhir.hl7.org.uk/STU3/StructureDefinition/CareConnect-Encounter-1"/></type><mapping><identity value="workflow"/><map value="&#x2026;context"/></mapping><mapping><identity value="rim"/><map value=".inboundRelationship[typeCode=COMP].source[classCode=ENC, moodCode=EVN, code=&quot;type of encounter or episode&quot;]"/></mapping></element><element id="MedicationDispense.supportingInformation"><path value="MedicationDispense.supportingInformation"/><short value="Information that supports the dispensing of the medication"/><definition value="Additional information that supports the medication being dispensed."/><min value="0"/><max value="*"/><base><path value="MedicationDispense.supportingInformation"/><min value="0"/><max value="*"/></base><type><code value="Reference"/><targetProfile value="http://hl7.org/fhir/StructureDefinition/Resource"/></type><mapping><identity value="rim"/><map value=".outboundRelationship[typeCode=PERT].target[A_SupportingClinicalStatement CMET minimal with many different choices of classCodes(ORG, ENC, PROC, SPLY, SBADM, OBS) and each of the act class codes draws from one or more of the following moodCodes (EVN, DEF, INT PRMS, RQO, PRP, APT, ARQ, GOL)]"/></mapping><mapping><identity value="w5"/><map value="context"/></mapping></element><element id="MedicationDispense.performer"><path value="MedicationDispense.performer"/><short value="Who performed event"/><definition value="Indicates who or what performed the event.  It should be assumed that the performer is the dispenser of the medication."/><comment value="The performer will be reviewed as part of STU4."/><min value="0"/><max value="*"/><base><path value="MedicationDispense.performer"/><min value="0"/><max value="*"/></base><type><code value="BackboneElement"/></type><constraint><key value="ele-1"/><severity value="error"/><human value="All FHIR elements must have a @value or children"/><expression value="hasValue() | (children().count() &gt; id.count())"/><xpath value="@value|f:*|h:div"/><source value="Element"/></constraint><mapping><identity value="workflow"/><map value="&#x2026;performer"/></mapping><mapping><identity value="rim"/><map value=".participation[typeCode=PRF]"/></mapping></element><element id="MedicationDispense.performer.id"><path value="MedicationDispense.performer.id"/><representation value="xmlAttr"/><short value="xml:id (or equivalent in JSON)"/><definition value="unique id for the element within a resource (for internal references). This may be any string value that does not contain spaces."/><min value="0"/><max value="1"/><base><path value="Element.id"/><min value="0"/><max value="1"/></base><type><code value="string"/></type><mapping><identity value="rim"/><map value="n/a"/></mapping></element><element id="MedicationDispense.performer.extension"><path value="MedicationDispense.performer.extension"/><short value="Additional Content defined by implementations"/><definition value="May be used to represent additional information that is not part of the basic definition of the element. In order to make the use of extensions safe and manageable, there is a strict set of governance  applied to the definition and use of extensions. Though any implementer is allowed to define an extension, there is a set of requirements that SHALL be met as part of the definition of the extension."/><comment value="There can be no stigma associated with the use of extensions by any application, project, or standard - regardless of the institution or jurisdiction that uses or defines the extensions.  The use of extensions is what allows the FHIR specification to retain a core level of simplicity for everyone."/><alias value="extensions"/><alias value="user content"/><min value="0"/><max value="*"/><base><path value="Element.extension"/><min value="0"/><max value="*"/></base><type><code value="Extension"/></type><mapping><identity value="rim"/><map value="n/a"/></mapping></element><element id="MedicationDispense.performer.modifierExtension"><path value="MedicationDispense.performer.modifierExtension"/><short value="Extensions that cannot be ignored"/><definition value="May be used to represent additional information that is not part of the basic definition of the element, and that modifies the understanding of the element that contains it. Usually modifier elements provide negation or qualification. In order to make the use of extensions safe and manageable, there is a strict set of governance applied to the definition and use of extensions. Though any implementer is allowed to define an extension, there is a set of requirements that SHALL be met as part of the definition of the extension. Applications processing a resource are required to check for modifier extensions."/><comment value="There can be no stigma associated with the use of extensions by any application, project, or standard - regardless of the institution or jurisdiction that uses or defines the extensions.  The use of extensions is what allows the FHIR specification to retain a core level of simplicity for everyone."/><alias value="extensions"/><alias value="user content"/><alias value="modifiers"/><min value="0"/><max value="*"/><base><path value="BackboneElement.modifierExtension"/><min value="0"/><max value="*"/></base><type><code value="Extension"/></type><isModifier value="true"/><isSummary value="true"/><mapping><identity value="rim"/><map value="N/A"/></mapping></element><element id="MedicationDispense.performer.actor"><path value="MedicationDispense.performer.actor"/><short value="Individual who was performing"/><definition value="The device, practitioner, etc. who performed the action.  It should be assumed that the actor is the dispenser of the medication."/><min value="1"/><max value="1"/><base><path value="MedicationDispense.performer.actor"/><min value="1"/><max value="1"/></base><type><code value="Reference"/><targetProfile value="http://hl7.org/fhir/StructureDefinition/Device"/></type><type><code value="Reference"/><targetProfile value="https://fhir.hl7.org.uk/STU3/StructureDefinition/CareConnect-RelatedPerson-1"/></type><type><code value="Reference"/><targetProfile value="https://fhir.hl7.org.uk/STU3/StructureDefinition/CareConnect-Organization-1"/></type><type><code value="Reference"/><targetProfile value="https://fhir.hl7.org.uk/STU3/StructureDefinition/CareConnect-Patient-1"/></type><type><code value="Reference"/><targetProfile value="https://fhir.hl7.org.uk/STU3/StructureDefinition/CareConnect-Practitioner-1"/></type><mapping><identity value="workflow"/><map value="&#x2026;.actor"/></mapping><mapping><identity value="rim"/><map value=".role"/></mapping></element><element id="MedicationDispense.performer.onBehalfOf"><path value="MedicationDispense.performer.onBehalfOf"/><short value="Organization organization was acting for"/><definition value="The organization the device or practitioner was acting on behalf of."/><min value="0"/><max value="1"/><base><path value="MedicationDispense.performer.onBehalfOf"/><min value="0"/><max value="1"/></base><type><code value="Reference"/><targetProfile value="https://fhir.hl7.org.uk/STU3/StructureDefinition/CareConnect-Organization-1"/></type><mapping><identity value="workflow"/><map value="&#x2026;.onBehalfOf"/></mapping><mapping><identity value="rim"/><map value=".role.scopingOrganization"/></mapping></element><element id="MedicationDispense.authorizingPrescription"><path value="MedicationDispense.authorizingPrescription"/><short value="Medication order that authorizes the dispense"/><definition value="Indicates the medication order that is being dispensed against."/><comment value="Maps to basedOn in Event logical model."/><min value="0"/><max value="*"/><base><path value="MedicationDispense.authorizingPrescription"/><min value="0"/><max value="*"/></base><type><code value="Reference"/><targetProfile value="https://fhir.hl7.org.uk/STU3/StructureDefinition/CareConnect-MedicationRequest-1"/></type><mapping><identity value="workflow"/><map value="&#x2026;basedOn"/></mapping><mapping><identity value="v2"/><map value="ORC-2 Placer Order Number"/></mapping><mapping><identity value="rim"/><map value=".outboundRelationship[typeCode=FLFS].target[moodCode=RQO]"/></mapping></element><element id="MedicationDispense.type"><path value="MedicationDispense.type"/><short value="To identify the type of medication supply."/><definition value="Indicates the type of dispensing event that is performed. For example, Trial Fill, Completion of Trial, Partial Fill, Emergency Fill, Samples, etc."/><min value="0"/><max value="1"/><base><path value="MedicationDispense.type"/><min value="0"/><max value="1"/></base><type><code value="CodeableConcept"/></type><binding><extension url="http://hl7.org/fhir/StructureDefinition/elementdefinition-bindingName"><valueString value="MedicationDispenseType"/></extension><strength value="preferred"/><description value="A ValueSet to identify the type of medication supply."/><valueSetReference><reference value="https://fhir.hl7.org.uk/STU3/ValueSet/CareConnect-MedicationSupplyType-1"/></valueSetReference></binding><mapping><identity value="v2"/><map value="RXD-33-Dispense Type"/></mapping><mapping><identity value="rim"/><map value=".code"/></mapping></element><element id="MedicationDispense.quantity"><path value="MedicationDispense.quantity"/><short value="Amount dispensed"/><definition value="The amount of medication that has been dispensed. Includes unit of measure."/><min value="0"/><max value="1"/><base><path value="MedicationDispense.quantity"/><min value="0"/><max value="1"/></base><type><code value="Quantity"/><profile value="http://hl7.org/fhir/StructureDefinition/SimpleQuantity"/></type><mapping><identity value="v2"/><map value="RXD-4-Actual Dispense Amount / RXD-5.1-Actual Dispense Units.code / RXD-5.3-Actual Dispense Units.name of coding system"/></mapping><mapping><identity value="rim"/><map value=".quantity"/></mapping></element><element id="MedicationDispense.quantity.id"><path value="MedicationDispense.quantity.id"/><representation value="xmlAttr"/><short value="xml:id (or equivalent in JSON)"/><definition value="unique id for the element within a resource (for internal references). This may be any string value that does not contain spaces."/><min value="0"/><max value="1"/><base><path value="Element.id"/><min value="0"/><max value="1"/></base><type><code value="string"/></type><mapping><identity value="rim"/><map value="n/a"/></mapping></element><element id="MedicationDispense.quantity.extension"><path value="MedicationDispense.quantity.extension"/><slicing><discriminator><type value="value"/><path value="url"/></discriminator><description value="Extensions are always sliced by (at least) url"/><rules value="open"/></slicing><short value="Extension"/><definition value="An Extension"/><min value="0"/><max value="*"/><base><path value="Element.extension"/><min value="0"/><max value="*"/></base><type><code value="Extension"/></type></element><element id="MedicationDispense.quantity.extension:quantityText"><path value="MedicationDispense.quantity.extension"/><sliceName value="quantityText"/><short value="Extension"/><definition value="An Extension"/><min value="0"/><max value="1"/><base><path value="Element.extension"/><min value="0"/><max value="*"/></base><type><code value="Extension"/><profile value="https://fhir.hl7.org.uk/STU3/StructureDefinition/Extension-CareConnect-MedicationQuantityText-1"/></type></element><element id="MedicationDispense.quantity.extension:quantityText.id"><path value="MedicationDispense.quantity.extension.id"/><representation value="xmlAttr"/><short value="xml:id (or equivalent in JSON)"/><definition value="unique id for the element within a resource (for internal references). This may be any string value that does not contain spaces."/><min value="0"/><max value="1"/><base><path value="Element.id"/><min value="0"/><max value="1"/></base><type><code value="string"/></type><mapping><identity value="rim"/><map value="n/a"/></mapping></element><element id="MedicationDispense.quantity.extension:quantityText.extension"><path value="MedicationDispense.quantity.extension.extension"/><slicing><discriminator><type value="value"/><path value="url"/></discriminator><description value="Extensions are always sliced by (at least) url"/><rules value="open"/></slicing><short value="Additional Content defined by implementations"/><definition value="May be used to represent additional information that is not part of the basic definition of the element. In order to make the use of extensions safe and manageable, there is a strict set of governance  applied to the definition and use of extensions. Though any implementer is allowed to define an extension, there is a set of requirements that SHALL be met as part of the definition of the extension."/><comment value="There can be no stigma associated with the use of extensions by any application, project, or standard - regardless of the institution or jurisdiction that uses or defines the extensions.  The use of extensions is what allows the FHIR specification to retain a core level of simplicity for everyone."/><alias value="extensions"/><alias value="user content"/><min value="0"/><max value="*"/><base><path value="Element.extension"/><min value="0"/><max value="*"/></base><type><code value="Extension"/></type><mapping><identity value="rim"/><map value="n/a"/></mapping></element><element id="MedicationDispense.quantity.extension:quantityText.url"><path value="MedicationDispense.quantity.extension.url"/><representation value="xmlAttr"/><short value="identifies the meaning of the extension"/><definition value="Source of the definition for the extension code - a logical name or a URL."/><comment value="The definition may point directly to a computable or human-readable definition of the extensibility codes, or it may be a logical URI as declared in some other specification. The definition SHALL be a URI for the Structure Definition defining the extension."/><min value="1"/><max value="1"/><base><path value="Extension.url"/><min value="1"/><max value="1"/></base><type><code value="uri"/></type><fixedUri value="https://fhir.hl7.org.uk/STU3/StructureDefinition/Extension-CareConnect-MedicationQuantityText-1"/><mapping><identity value="rim"/><map value="N/A"/></mapping></element><element id="MedicationDispense.quantity.extension:quantityText.value[x]"><path value="MedicationDispense.quantity.extension.value[x]"/><short value="Value of extension"/><definition value="Value of extension - may be a resource or one of a constrained set of the data types (see Extensibility in the spec for list)."/><min value="0"/><max value="1"/><base><path value="Extension.value[x]"/><min value="0"/><max value="1"/></base><type><code value="base64Binary"/></type><type><code value="boolean"/></type><type><code value="code"/></type><type><code value="date"/></type><type><code value="dateTime"/></type><type><code value="decimal"/></type><type><code value="id"/></type><type><code value="instant"/></type><type><code value="integer"/></type><type><code value="markdown"/></type><type><code value="oid"/></type><type><code value="positiveInt"/></type><type><code value="string"/></type><type><code value="time"/></type><type><code value="unsignedInt"/></type><type><code value="uri"/></type><type><code value="Address"/></type><type><code value="Age"/></type><type><code value="Annotation"/></type><type><code value="Attachment"/></type><type><code value="CodeableConcept"/></type><type><code value="Coding"/></type><type><code value="ContactPoint"/></type><type><code value="Count"/></type><type><code value="Distance"/></type><type><code value="Duration"/></type><type><code value="HumanName"/></type><type><code value="Identifier"/></type><type><code value="Money"/></type><type><code value="Period"/></type><type><code value="Quantity"/></type><type><code value="Range"/></type><type><code value="Ratio"/></type><type><code value="Reference"/></type><type><code value="SampledData"/></type><type><code value="Signature"/></type><type><code value="Timing"/></type><type><code value="Meta"/></type><mapping><identity value="rim"/><map value="N/A"/></mapping></element><element id="MedicationDispense.quantity.value"><path value="MedicationDispense.quantity.value"/><short value="Numerical value (with implicit precision)"/><definition value="The value of the measured amount. The value includes an implicit precision in the presentation of the value."/><comment value="The implicit precision in the value should always be honored. Monetary values have their own rules for handling precision (refer to standard accounting text books)."/><requirements value="Precision is handled implicitly in almost all cases of measurement."/><min value="0"/><max value="1"/><base><path value="Quantity.value"/><min value="0"/><max value="1"/></base><type><code value="decimal"/></type><isSummary value="true"/><mapping><identity value="v2"/><map value="SN.2  / CQ - N/A"/></mapping><mapping><identity value="rim"/><map value="PQ.value, CO.value, MO.value, IVL.high or IVL.low depending on the value"/></mapping></element><element id="MedicationDispense.quantity.comparator"><path value="MedicationDispense.quantity.comparator"/><short value="&lt; | &lt;= | &gt;= | &gt; - how to understand the value"/><definition value="Not allowed to be used in this context"/><comment value="This is labeled as &quot;Is Modifier&quot; because the comparator modifies the interpretation of the value significantly. If there is no comparator, then there is no modification of the value."/><requirements value="Need a framework for handling measures where the value is &lt;5ug/L or &gt;400mg/L due to the limitations of measuring methodology."/><min value="0"/><max value="0"/><base><path value="Quantity.comparator"/><min value="0"/><max value="1"/></base><type><code value="code"/></type><meaningWhenMissing value="If there is no comparator, then there is no modification of the value"/><isModifier value="true"/><isSummary value="true"/><binding><extension url="http://hl7.org/fhir/StructureDefinition/elementdefinition-bindingName"><valueString value="QuantityComparator"/></extension><strength value="required"/><description value="How the Quantity should be understood and represented."/><valueSetReference><reference value="http://hl7.org/fhir/ValueSet/quantity-comparator"/></valueSetReference></binding><mapping><identity value="v2"/><map value="SN.1  / CQ.1"/></mapping><mapping><identity value="rim"/><map value="IVL properties"/></mapping></element><element id="MedicationDispense.quantity.unit"><extension url="http://hl7.org/fhir/StructureDefinition/elementdefinition-translatable"><valueBoolean value="true"/></extension><path value="MedicationDispense.quantity.unit"/><short value="Unit representation"/><definition value="A human-readable form of the unit."/><requirements value="There are many representations for units of measure and in many contexts, particular representations are fixed and required. I.e. mcg for micrograms."/><min value="0"/><max value="1"/><base><path value="Quantity.unit"/><min value="0"/><max value="1"/></base><type><code value="string"/></type><isSummary value="true"/><mapping><identity value="v2"/><map value="(see OBX.6 etc.) / CQ.2"/></mapping><mapping><identity value="rim"/><map value="PQ.unit"/></mapping></element><element id="MedicationDispense.quantity.system"><path value="MedicationDispense.quantity.system"/><short value="System that defines coded unit form"/><definition value="The identification of the system that provides the coded form of the unit."/><requirements value="Need to know the system that defines the coded form of the unit."/><min value="0"/><max value="1"/><base><path value="Quantity.system"/><min value="0"/><max value="1"/></base><type><code value="uri"/></type><condition value="qty-3"/><isSummary value="true"/><mapping><identity value="v2"/><map value="(see OBX.6 etc.) / CQ.2"/></mapping><mapping><identity value="rim"/><map value="CO.codeSystem, PQ.translation.codeSystem"/></mapping></element><element id="MedicationDispense.quantity.code"><path value="MedicationDispense.quantity.code"/><short value="Coded form of the unit"/><definition value="A computer processable form of the unit in some unit representation system."/><comment value="The preferred system is UCUM, but SNOMED CT can also be used (for customary units) or ISO 4217 for currency.  The context of use may additionally require a code from a particular system."/><requirements value="Need a computable form of the unit that is fixed across all forms. UCUM provides this for quantities, but SNOMED CT provides many units of interest."/><min value="0"/><max value="1"/><base><path value="Quantity.code"/><min value="0"/><max value="1"/></base><type><code value="code"/></type><isSummary value="true"/><mapping><identity value="v2"/><map value="(see OBX.6 etc.) / CQ.2"/></mapping><mapping><identity value="rim"/><map value="PQ.code, MO.currency, PQ.translation.code"/></mapping></element><element id="MedicationDispense.daysSupply"><path value="MedicationDispense.daysSupply"/><short value="Amount of medication expressed as a timing amount"/><definition value="The amount of medication expressed as a timing amount."/><min value="0"/><max value="1"/><base><path value="MedicationDispense.daysSupply"/><min value="0"/><max value="1"/></base><type><code value="Quantity"/><profile value="http://hl7.org/fhir/StructureDefinition/SimpleQuantity"/></type><mapping><identity value="v2"/><map value="TQ1.6 Timing/Quantity Segment Service Duration.&#xD;Prior to v2.5, ORC.7.3 Common Order Segment / Quantity/Timing / Duration component.  This is a formatted string, first character for the time unit (e.g., D=days), followed by the value.  For example, &#x201C;D14&#x201D; represents &#x201C;14 days supply&#x201D;&#xD;From v2.5 on, TQ1.6 Timing/Quantity Segment / Service Duration.  This is a CQ data type (&lt;Quantity (NM)&gt; ^ &lt;Units (CWE)&gt;), thus for days supply, assuming the unit of measure is &#x201C;days&#x201D;, the numeric value is TQ1.6.1 (&#x2026;|14^&#xD;For backwards compatibility, ORC.7 was permitted through v2.6.  Both forms (field and segment) may be present in v2.5, v2.5.1, and v2.6"/></mapping><mapping><identity value="rim"/><map value="effectiveUseTime"/></mapping></element><element id="MedicationDispense.whenPrepared"><path value="MedicationDispense.whenPrepared"/><short value="When product was packaged and reviewed"/><definition value="The time when the dispensed product was packaged and reviewed."/><min value="0"/><max value="1"/><base><path value="MedicationDispense.whenPrepared"/><min value="0"/><max value="1"/></base><type><code value="dateTime"/></type><isSummary value="true"/><mapping><identity value="v2"/><map value="RXD-3-Date/Time Dispensed"/></mapping><mapping><identity value="rim"/><map value=".effectiveTime[xmi:type=IVL_TS].low"/></mapping></element><element id="MedicationDispense.whenHandedOver"><path value="MedicationDispense.whenHandedOver"/><short value="When product was given out"/><definition value="The time the dispensed product was provided to the patient or their representative."/><min value="0"/><max value="1"/><base><path value="MedicationDispense.whenHandedOver"/><min value="0"/><max value="1"/></base><type><code value="dateTime"/></type><mapping><identity value="workflow"/><map value="&#x2026;occurrenceDateTime"/></mapping><mapping><identity value="v2"/><map value="RXD-3-Date/Time Dispensed"/></mapping><mapping><identity value="rim"/><map value=".effectiveTime[xmi:type=IVL_TS].high"/></mapping></element><element id="MedicationDispense.destination"><path value="MedicationDispense.destination"/><short value="Where the medication was sent"/><definition value="Identification of the facility/location where the medication was shipped to, as part of the dispense event."/><min value="0"/><max value="1"/><base><path value="MedicationDispense.destination"/><min value="0"/><max value="1"/></base><type><code value="Reference"/><targetProfile value="https://fhir.hl7.org.uk/STU3/StructureDefinition/CareConnect-Location-1"/></type><mapping><identity value="v2"/><map value="RXD-13 Dispense-to Location; RXD-30 Dispense to Pharmacy; RXD-31 Dispense to Pharmacy Address"/></mapping><mapping><identity value="rim"/><map value=".participation[typeCode=DST].role"/></mapping></element><element id="MedicationDispense.receiver"><path value="MedicationDispense.receiver"/><short value="Who collected the medication"/><definition value="Identifies the person who picked up the medication.  This will usually be a patient or their caregiver, but some cases exist where it can be a healthcare professional."/><min value="0"/><max value="*"/><base><path value="MedicationDispense.receiver"/><min value="0"/><max value="*"/></base><type><code value="Reference"/><targetProfile value="https://fhir.hl7.org.uk/STU3/StructureDefinition/CareConnect-Patient-1"/></type><type><code value="Reference"/><targetProfile value="https://fhir.hl7.org.uk/STU3/StructureDefinition/CareConnect-Practitioner-1"/></type><mapping><identity value="rim"/><map value=".participation[typeCode=RCV].role"/></mapping></element><element id="MedicationDispense.note"><path value="MedicationDispense.note"/><short value="Information about the dispense"/><definition value="Extra information about the dispense that could not be conveyed in the other attributes."/><min value="0"/><max value="*"/><base><path value="MedicationDispense.note"/><min value="0"/><max value="*"/></base><type><code value="Annotation"/></type><mapping><identity value="workflow"/><map value="&#x2026;note"/></mapping><mapping><identity value="v2"/><map value="RXD-9 Dispense Notes"/></mapping><mapping><identity value="rim"/><map value=".inboundRelationship[typeCode=SUBJ]/source[classCode=ACT,moodCode=EVN]"/></mapping></element><element id="MedicationDispense.note.id"><path value="MedicationDispense.note.id"/><representation value="xmlAttr"/><short value="xml:id (or equivalent in JSON)"/><definition value="unique id for the element within a resource (for internal references). This may be any string value that does not contain spaces."/><min value="0"/><max value="1"/><base><path value="Element.id"/><min value="0"/><max value="1"/></base><type><code value="string"/></type><mapping><identity value="rim"/><map value="n/a"/></mapping></element><element id="MedicationDispense.note.extension"><path value="MedicationDispense.note.extension"/><slicing><discriminator><type value="value"/><path value="url"/></discriminator><description value="Extensions are always sliced by (at least) url"/><rules value="open"/></slicing><short value="Additional Content defined by implementations"/><definition value="May be used to represent additional information that is not part of the basic definition of the element. In order to make the use of extensions safe and manageable, there is a strict set of governance  applied to the definition and use of extensions. Though any implementer is allowed to define an extension, there is a set of requirements that SHALL be met as part of the definition of the extension."/><comment value="There can be no stigma associated with the use of extensions by any application, project, or standard - regardless of the institution or jurisdiction that uses or defines the extensions.  The use of extensions is what allows the FHIR specification to retain a core level of simplicity for everyone."/><alias value="extensions"/><alias value="user content"/><min value="0"/><max value="*"/><base><path value="Element.extension"/><min value="0"/><max value="*"/></base><type><code value="Extension"/></type><mapping><identity value="rim"/><map value="n/a"/></mapping></element><element id="MedicationDispense.note.author[x]"><path value="MedicationDispense.note.author[x]"/><short value="Individual responsible for the annotation"/><definition value="The individual responsible for making the annotation."/><min value="0"/><max value="1"/><base><path value="Annotation.author[x]"/><min value="0"/><max value="1"/></base><type><code value="Reference"/><targetProfile value="https://fhir.hl7.org.uk/STU3/StructureDefinition/CareConnect-RelatedPerson-1"/></type><type><code value="Reference"/><targetProfile value="https://fhir.hl7.org.uk/STU3/StructureDefinition/CareConnect-Patient-1"/></type><type><code value="Reference"/><targetProfile value="https://fhir.hl7.org.uk/STU3/StructureDefinition/CareConnect-Practitioner-1"/></type><type><code value="string"/></type><isSummary value="true"/><mapping><identity value="v2"/><map value="N/A"/></mapping><mapping><identity value="rim"/><map value="Act.participant[typeCode=AUT].role"/></mapping></element><element id="MedicationDispense.note.time"><path value="MedicationDispense.note.time"/><short value="When the annotation was made"/><definition value="Indicates when this particular annotation was made."/><min value="0"/><max value="1"/><base><path value="Annotation.time"/><min value="0"/><max value="1"/></base><type><code value="dateTime"/></type><isSummary value="true"/><mapping><identity value="v2"/><map value="N/A"/></mapping><mapping><identity value="rim"/><map value="Act.effectiveTime"/></mapping></element><element id="MedicationDispense.note.text"><path value="MedicationDispense.note.text"/><short value="The annotation  - text content"/><definition value="The text of the annotation."/><min value="1"/><max value="1"/><base><path value="Annotation.text"/><min value="1"/><max value="1"/></base><type><code value="string"/></type><mapping><identity value="v2"/><map value="N/A"/></mapping><mapping><identity value="rim"/><map value="Act.text"/></mapping></element><element id="MedicationDispense.dosageInstruction"><path value="MedicationDispense.dosageInstruction"/><short value="How the medication is to be used by the patient or administered by the caregiver"/><definition value="Indicates how the medication is to be used by the patient."/><comment value="When the dose or rate is intended to change over the entire administration period (e.g. Tapering dose prescriptions), multiple instances of dosage instructions will need to be supplied to convey the different doses/rates.&#xD;The pharmacist reviews the medication order prior to dispense and updates the dosageInstruction based on the actual product being dispensed."/><min value="0"/><max value="*"/><base><path value="MedicationDispense.dosageInstruction"/><min value="0"/><max value="*"/></base><type><code value="Dosage"/></type><mapping><identity value="rim"/><map value=".outboundRelationship[typeCode=COMP].target[classCode=SBADM, moodCode=INT]"/></mapping></element><element id="MedicationDispense.substitution"><path value="MedicationDispense.substitution"/><short value="Whether a substitution was performed on the dispense"/><definition value="Indicates whether or not substitution was made as part of the dispense.  In some cases substitution will be expected but does not happen, in other cases substitution is not expected but does happen.  This block explains what substitution did or did not happen and why.  If nothing is specified, substitution was not done."/><min value="0"/><max value="1"/><base><path value="MedicationDispense.substitution"/><min value="0"/><max value="1"/></base><type><code value="BackboneElement"/></type><constraint><key value="ele-1"/><severity value="error"/><human value="All FHIR elements must have a @value or children"/><expression value="hasValue() | (children().count() &gt; id.count())"/><xpath value="@value|f:*|h:div"/><source value="Element"/></constraint><mapping><identity value="rim"/><map value=".outboundRelationship[typeCode=COMP].target[classCode=SUBST, moodCode=EVN]"/></mapping></element><element id="MedicationDispense.substitution.id"><path value="MedicationDispense.substitution.id"/><representation value="xmlAttr"/><short value="xml:id (or equivalent in JSON)"/><definition value="unique id for the element within a resource (for internal references). This may be any string value that does not contain spaces."/><min value="0"/><max value="1"/><base><path value="Element.id"/><min value="0"/><max value="1"/></base><type><code value="string"/></type><mapping><identity value="rim"/><map value="n/a"/></mapping></element><element id="MedicationDispense.substitution.extension"><path value="MedicationDispense.substitution.extension"/><short value="Additional Content defined by implementations"/><definition value="May be used to represent additional information that is not part of the basic definition of the element. In order to make the use of extensions safe and manageable, there is a strict set of governance  applied to the definition and use of extensions. Though any implementer is allowed to define an extension, there is a set of requirements that SHALL be met as part of the definition of the extension."/><comment value="There can be no stigma associated with the use of extensions by any application, project, or standard - regardless of the institution or jurisdiction that uses or defines the extensions.  The use of extensions is what allows the FHIR specification to retain a core level of simplicity for everyone."/><alias value="extensions"/><alias value="user content"/><min value="0"/><max value="*"/><base><path value="Element.extension"/><min value="0"/><max value="*"/></base><type><code value="Extension"/></type><mapping><identity value="rim"/><map value="n/a"/></mapping></element><element id="MedicationDispense.substitution.modifierExtension"><path value="MedicationDispense.substitution.modifierExtension"/><short value="Extensions that cannot be ignored"/><definition value="May be used to represent additional information that is not part of the basic definition of the element, and that modifies the understanding of the element that contains it. Usually modifier elements provide negation or qualification. In order to make the use of extensions safe and manageable, there is a strict set of governance applied to the definition and use of extensions. Though any implementer is allowed to define an extension, there is a set of requirements that SHALL be met as part of the definition of the extension. Applications processing a resource are required to check for modifier extensions."/><comment value="There can be no stigma associated with the use of extensions by any application, project, or standard - regardless of the institution or jurisdiction that uses or defines the extensions.  The use of extensions is what allows the FHIR specification to retain a core level of simplicity for everyone."/><alias value="extensions"/><alias value="user content"/><alias value="modifiers"/><min value="0"/><max value="*"/><base><path value="BackboneElement.modifierExtension"/><min value="0"/><max value="*"/></base><type><code value="Extension"/></type><isModifier value="true"/><isSummary value="true"/><mapping><identity value="rim"/><map value="N/A"/></mapping></element><element id="MedicationDispense.substitution.wasSubstituted"><path value="MedicationDispense.substitution.wasSubstituted"/><short value="Whether a substitution was or was not performed on the dispense"/><definition value="True if the dispenser dispensed a different drug or product from what was prescribed."/><min value="1"/><max value="1"/><base><path value="MedicationDispense.substitution.wasSubstituted"/><min value="1"/><max value="1"/></base><type><code value="boolean"/></type><mapping><identity value="rim"/><map value=".actionNegationInd"/></mapping></element><element id="MedicationDispense.substitution.type"><path value="MedicationDispense.substitution.type"/><short value="Code signifying whether a different drug was dispensed from what was prescribed"/><definition value="A code signifying whether a different drug was dispensed from what was prescribed."/><min value="0"/><max value="1"/><base><path value="MedicationDispense.substitution.type"/><min value="0"/><max value="1"/></base><type><code value="CodeableConcept"/></type><binding><extension url="http://hl7.org/fhir/StructureDefinition/elementdefinition-bindingName"><valueString value="MedicationIntendedSubstitutionType"/></extension><strength value="example"/><description value="A coded concept describing whether a different medicinal product may be dispensed other than the product as specified exactly in the prescription"/><valueSetReference><reference value="http://hl7.org/fhir/ValueSet/v3-ActSubstanceAdminSubstitutionCode"/></valueSetReference></binding><mapping><identity value="v2"/><map value="RXO-9-Allow Substitutions / RXE-9-Substitution Status"/></mapping><mapping><identity value="rim"/><map value=".code"/></mapping></element><element id="MedicationDispense.substitution.reason"><path value="MedicationDispense.substitution.reason"/><short value="Why was substitution made"/><definition value="Indicates the reason for the substitution of (or lack of substitution) from what was prescribed."/><min value="0"/><max value="*"/><base><path value="MedicationDispense.substitution.reason"/><min value="0"/><max value="*"/></base><type><code value="CodeableConcept"/></type><binding><extension url="http://hl7.org/fhir/StructureDefinition/elementdefinition-bindingName"><valueString value="MedicationIntendedSubstitutionReason"/></extension><strength value="example"/><description value="A coded concept describing the reason that a different medication should (or should not) be substituted from what was prescribed"/><valueSetReference><reference value="http://hl7.org/fhir/ValueSet/v3-SubstanceAdminSubstitutionReason"/></valueSetReference></binding><mapping><identity value="rim"/><map value=".reasonCode"/></mapping></element><element id="MedicationDispense.substitution.responsibleParty"><path value="MedicationDispense.substitution.responsibleParty"/><short value="Who is responsible for the substitution"/><definition value="The person or organization that has primary responsibility for the substitution."/><min value="0"/><max value="*"/><base><path value="MedicationDispense.substitution.responsibleParty"/><min value="0"/><max value="*"/></base><type><code value="Reference"/><targetProfile value="https://fhir.hl7.org.uk/STU3/StructureDefinition/CareConnect-Practitioner-1"/></type><mapping><identity value="rim"/><map value=".participation[typeCode=PFM].role[classCode=ASSIGN]"/></mapping></element><element id="MedicationDispense.detectedIssue"><path value="MedicationDispense.detectedIssue"/><short value="Clinical issue with action"/><definition value="Indicates an actual or potential clinical issue with or between one or more active or proposed clinical actions for a patient; e.g. Drug-drug interaction, duplicate therapy, dosage alert etc."/><alias value="Contraindication"/><alias value="Drug Utilization Review (DUR)"/><alias value="Alert"/><min value="0"/><max value="*"/><base><path value="MedicationDispense.detectedIssue"/><min value="0"/><max value="*"/></base><type><code value="Reference"/><targetProfile value="http://hl7.org/fhir/StructureDefinition/DetectedIssue"/></type><mapping><identity value="rim"/><map value=".inboundRelationship[typeCode=SUBJ]/source[classCode=ALRT,moodCode=EVN].value"/></mapping></element><element id="MedicationDispense.notDone"><path value="MedicationDispense.notDone"/><short value="Whether the dispense was or was not performed"/><definition value="True if the dispense was not performed for some reason."/><min value="0"/><max value="1"/><base><path value="MedicationDispense.notDone"/><min value="0"/><max value="1"/></base><type><code value="boolean"/></type><mapping><identity value="workflow"/><map value="&#x2026;notDone"/></mapping><mapping><identity value="rim"/><map value=".actionNegationInd"/></mapping></element><element id="MedicationDispense.notDoneReason[x]"><path value="MedicationDispense.notDoneReason[x]"/><short value="Why a dispense was not performed"/><definition value="Indicates the reason why a dispense was not performed."/><min value="0"/><max value="1"/><base><path value="MedicationDispense.notDoneReason[x]"/><min value="0"/><max value="1"/></base><type><code value="CodeableConcept"/></type><type><code value="Reference"/><targetProfile value="http://hl7.org/fhir/StructureDefinition/DetectedIssue"/></type><mapping><identity value="workflow"/><map value="&#x2026;notDoneReason"/></mapping><mapping><identity value="rim"/><map value=".outboundRelationship[typeCode=RSON]/target[classCode=OBS,moodCode=EVN, code=&quot;not done reason&quot;].value"/></mapping></element><element id="MedicationDispense.eventHistory"><path value="MedicationDispense.eventHistory"/><short value="A list of releveant lifecycle events"/><definition value="A summary of the events of interest that have occurred, such as when the dispense was verified."/><comment value="This may not include provenances for all versions of the request &#x2013; only those deemed &#x201C;relevant&#x201D; or important. This SHALL NOT include the Provenance associated with this current version of the resource. (If that provenance is deemed to be a &#x201C;relevant&#x201D; change, it will need to be added as part of a later update. Until then, it can be queried directly as the Provenance that points to this version using _revinclude All Provenances should have some historical version of this Request as their subject.)."/><min value="0"/><max value="*"/><base><path value="MedicationDispense.eventHistory"/><min value="0"/><max value="*"/></base><type><code value="Reference"/><targetProfile value="http://hl7.org/fhir/StructureDefinition/Provenance"/></type><mapping><identity value="rim"/><map value=".inboundRelationship(typeCode=SUBJ].source[classCode=CACT, moodCode=EVN]"/></mapping></element></snapshot><differential><element id="MedicationDispense.identifier.system"><path value="MedicationDispense.identifier.system"/><min value="1"/></element><element id="MedicationDispense.identifier.value"><path value="MedicationDispense.identifier.value"/><min value="1"/></element><element id="MedicationDispense.identifier.assigner"><path value="MedicationDispense.identifier.assigner"/><type><code value="Reference"/><targetProfile value="https://fhir.hl7.org.uk/STU3/StructureDefinition/CareConnect-Organization-1"/></type></element><element id="MedicationDispense.partOf"><path value="MedicationDispense.partOf"/><type><code value="Reference"/><targetProfile value="https://fhir.hl7.org.uk/STU3/StructureDefinition/CareConnect-Procedure-1"/></type></element><element id="MedicationDispense.medicationReference:medicationReference"><path value="MedicationDispense.medicationReference"/><sliceName value="medicationReference"/><type><code value="Reference"/><targetProfile value="https://fhir.hl7.org.uk/STU3/StructureDefinition/CareConnect-Medication-1"/></type></element><element id="MedicationDispense.subject"><path value="MedicationDispense.subject"/><type><code value="Reference"/><targetProfile value="http://hl7.org/fhir/StructureDefinition/Group"/></type><type><code value="Reference"/><targetProfile value="https://fhir.hl7.org.uk/STU3/StructureDefinition/CareConnect-Patient-1"/></type></element><element id="MedicationDispense.context"><path value="MedicationDispense.context"/><type><code value="Reference"/><targetProfile value="https://fhir.hl7.org.uk/STU3/StructureDefinition/CareConnect-EpisodeOfCare-1"/></type><type><code value="Reference"/><targetProfile value="https://fhir.hl7.org.uk/STU3/StructureDefinition/CareConnect-Encounter-1"/></type></element><element id="MedicationDispense.performer.actor"><path value="MedicationDispense.performer.actor"/><type><code value="Reference"/><targetProfile value="http://hl7.org/fhir/StructureDefinition/Device"/></type><type><code value="Reference"/><targetProfile value="https://fhir.hl7.org.uk/STU3/StructureDefinition/CareConnect-RelatedPerson-1"/></type><type><code value="Reference"/><targetProfile value="https://fhir.hl7.org.uk/STU3/StructureDefinition/CareConnect-Organization-1"/></type><type><code value="Reference"/><targetProfile value="https://fhir.hl7.org.uk/STU3/StructureDefinition/CareConnect-Patient-1"/></type><type><code value="Reference"/><targetProfile value="https://fhir.hl7.org.uk/STU3/StructureDefinition/CareConnect-Practitioner-1"/></type></element><element id="MedicationDispense.performer.onBehalfOf"><path value="MedicationDispense.performer.onBehalfOf"/><type><code value="Reference"/><targetProfile value="https://fhir.hl7.org.uk/STU3/StructureDefinition/CareConnect-Organization-1"/></type></element><element id="MedicationDispense.authorizingPrescription"><path value="MedicationDispense.authorizingPrescription"/><type><code value="Reference"/><targetProfile value="https://fhir.hl7.org.uk/STU3/StructureDefinition/CareConnect-MedicationRequest-1"/></type></element><element id="MedicationDispense.type"><path value="MedicationDispense.type"/><short value="To identify the type of medication supply."/><binding><extension url="http://hl7.org/fhir/StructureDefinition/elementdefinition-bindingName"><valueString value="MedicationDispenseType"/></extension><strength value="preferred"/><description value="A ValueSet to identify the type of medication supply."/><valueSetReference><reference value="https://fhir.hl7.org.uk/STU3/ValueSet/CareConnect-MedicationSupplyType-1"/></valueSetReference></binding></element><element id="MedicationDispense.quantity.extension"><path value="MedicationDispense.quantity.extension"/><slicing><discriminator><type value="value"/><path value="url"/></discriminator><rules value="open"/></slicing></element><element id="MedicationDispense.quantity.extension:quantityText"><path value="MedicationDispense.quantity.extension"/><sliceName value="quantityText"/><max value="1"/><type><code value="Extension"/><profile value="https://fhir.hl7.org.uk/STU3/StructureDefinition/Extension-CareConnect-MedicationQuantityText-1"/></type></element><element id="MedicationDispense.quantity.extension:quantityText.url"><path value="MedicationDispense.quantity.extension.url"/><fixedUri value="https://fhir.hl7.org.uk/STU3/StructureDefinition/Extension-CareConnect-MedicationQuantityText-1"/></element><element id="MedicationDispense.destination"><path value="MedicationDispense.destination"/><type><code value="Reference"/><targetProfile value="https://fhir.hl7.org.uk/STU3/StructureDefinition/CareConnect-Location-1"/></type></element><element id="MedicationDispense.receiver"><path value="MedicationDispense.receiver"/><type><code value="Reference"/><targetProfile value="https://fhir.hl7.org.uk/STU3/StructureDefinition/CareConnect-Patient-1"/></type><type><code value="Reference"/><targetProfile value="https://fhir.hl7.org.uk/STU3/StructureDefinition/CareConnect-Practitioner-1"/></type></element><element id="MedicationDispense.note.author[x]"><path value="MedicationDispense.note.author[x]"/><type><code value="Reference"/><targetProfile value="https://fhir.hl7.org.uk/STU3/StructureDefinition/CareConnect-RelatedPerson-1"/></type><type><code value="Reference"/><targetProfile value="https://fhir.hl7.org.uk/STU3/StructureDefinition/CareConnect-Patient-1"/></type><type><code value="Reference"/><targetProfile value="https://fhir.hl7.org.uk/STU3/StructureDefinition/CareConnect-Practitioner-1"/></type><type><code value="string"/></type></element><element id="MedicationDispense.substitution.responsibleParty"><path value="MedicationDispense.substitution.responsibleParty"/><type><code value="Reference"/><targetProfile value="https://fhir.hl7.org.uk/STU3/StructureDefinition/CareConnect-Practitioner-1"/></type></element></differential></StructureDefinition>