<?xml version="1.0" encoding="UTF-8"?><StructureDefinition xmlns="http://hl7.org/fhir"><id value="CareConnect-RiskAssessment-1"/><text><status value="generated"/><div xmlns="http://www.w3.org/1999/xhtml"><table border="0" cellpadding="0" cellspacing="0" style="border: 0px #F0F0F0 solid; font-size: 11px; font-family: verdana; vertical-align: top;"><tr style="border: 1px #F0F0F0 solid; font-size: 11px; font-family: verdana; vertical-align: top;"><th style="vertical-align: top; text-align : left; background-color: white; border: 0px #F0F0F0 solid; padding:0px 4px 0px 4px" class="hierarchy"><a href="http://hl7.org/fhir/STU3/formats.html#table" title="The logical name of the element">Name</a></th><th style="vertical-align: top; text-align : left; background-color: white; border: 0px #F0F0F0 solid; padding:0px 4px 0px 4px" class="hierarchy"><a href="http://hl7.org/fhir/STU3/formats.html#table" title="Information about the use of the element">Flags</a></th><th style="vertical-align: top; text-align : left; background-color: white; border: 0px #F0F0F0 solid; padding:0px 4px 0px 4px" class="hierarchy"><a href="http://hl7.org/fhir/STU3/formats.html#table" title="Minimum and Maximum # of times the the element can appear in the instance">Card.</a></th><th style="width: 100px" class="hierarchy"><a href="http://hl7.org/fhir/STU3/formats.html#table" title="Reference to the type of the element">Type</a></th><th style="vertical-align: top; text-align : left; background-color: white; border: 0px #F0F0F0 solid; padding:0px 4px 0px 4px" class="hierarchy"><a href="http://hl7.org/fhir/STU3/formats.html#table" title="Additional information about the element">Description &amp; Constraints</a><span style="float: right"><a href="http://hl7.org/fhir/STU3/formats.html#table" title="Legend for this format"><img src="http://hl7.org/fhir/STU3/help16.png" alt="doco" style="background-color: inherit"/></a></span></th></tr><tr style="border: 0px #F0F0F0 solid; padding:0px; vertical-align: top; background-color: white;"><td style="vertical-align: top; text-align : left; background-color: white; border: 0px #F0F0F0 solid; padding:0px 4px 0px 4px; white-space: nowrap; background-image: url(tbl_bck0.png)" class="hierarchy"><img src="tbl_spacer.png" alt="." style="background-color: inherit" class="hierarchy"/><img src="icon_reference.png" alt="." style="background-color: white; background-color: inherit" title="Reference to another Resource" class="hierarchy"/> <a href="CareConnect-RiskAssessment-1-definitions.html#RiskAssessment.identifier.assigner" title="null">assigner</a><a name="RiskAssessment.identifier.assigner"> </a></td><td style="vertical-align: top; text-align : left; background-color: white; border: 0px #F0F0F0 solid; padding:0px 4px 0px 4px" class="hierarchy"/><td style="vertical-align: top; text-align : left; background-color: white; border: 0px #F0F0F0 solid; padding:0px 4px 0px 4px" class="hierarchy"/><td style="vertical-align: top; text-align : left; background-color: white; border: 0px #F0F0F0 solid; padding:0px 4px 0px 4px" class="hierarchy"><a href="http://hl7.org/fhir/STU3/references.html">Reference</a>(<a href="CareConnect-Organization-1.html">CareConnect-Organization-1</a>)</td><td style="vertical-align: top; text-align : left; background-color: white; border: 0px #F0F0F0 solid; padding:0px 4px 0px 4px" class="hierarchy"/></tr>
<tr><td colspan="5" class="hierarchy"><br/><a href="http://hl7.org/fhir/STU3/formats.html#table" title="Legend for this format"><img src="http://hl7.org/fhir/STU3/help16.png" alt="doco" style="background-color: inherit"/> Documentation for this format</a></td></tr></table></div></text><url value="https://fhir.hl7.org.uk/STU3/StructureDefinition/CareConnect-RiskAssessment-1"/><version value="1.0.0"/><name value="CareConnect-RiskAssessment-1"/><status value="draft"/><date value="2019-03-04T15:13:38+00:00"/><publisher value="NHS Digital"/><contact><name value="Interoperability Team"/><telecom><system value="email"/><value value="interoperabilityteam@nhs.net"/><use value="work"/></telecom></contact><description value="An assessment of the likely outcome(s) for a patient or other subject as well as the likelihood of each outcome."/><purpose value="[NOT CURATED BY INTEROPEN see: http://www.interopen.org/careconnect-curation-methodology/] Initial development for the Digital Maternity programme"/><copyright value="Copyright &#xA9; 2016 HL7 UK    Licensed under the Apache License, Version 2.0 (the &quot;License&quot;); you may not use this file except in compliance with the License. You may obtain a copy of the License at    http://www.apache.org/licenses/LICENSE-2.0    Unless required by applicable law or agreed to in writing, software distributed under the License is distributed on an &quot;AS IS&quot; BASIS, WITHOUT WARRANTIES OR CONDITIONS OF ANY KIND, either express or implied. See the License for the specific language governing permissions and limitations under the License.    HL7&#xAE; FHIR&#xAE; standard Copyright &#xA9; 2011+ HL7    The HL7&#xAE; FHIR&#xAE; standard is used under the FHIR license. You may obtain a copy of the FHIR license at    https://www.hl7.org/fhir/license.html"/><fhirVersion value="3.0.1"/><mapping><identity value="workflow"/><uri value="http://hl7.org/fhir/workflow"/><name value="Workflow Mapping"/></mapping><mapping><identity value="v2"/><uri value="http://hl7.org/v2"/><name value="HL7 v2 Mapping"/></mapping><mapping><identity value="rim"/><uri value="http://hl7.org/v3"/><name value="RIM Mapping"/></mapping><mapping><identity value="openehr"/><uri value="http://openehr.org"/><name value="Open EHR Archetype Mapping"/></mapping><mapping><identity value="w5"/><uri value="http://hl7.org/fhir/w5"/><name value="W5 Mapping"/></mapping><kind value="resource"/><abstract value="false"/><type value="RiskAssessment"/><baseDefinition value="http://hl7.org/fhir/StructureDefinition/RiskAssessment"/><derivation value="constraint"/><snapshot><element id="RiskAssessment"><path value="RiskAssessment"/><short value="Potential outcomes for a subject with likelihood"/><definition value="An assessment of the likely outcome(s) for a patient or other subject as well as the likelihood of each outcome."/><alias value="Prognosis"/><min value="0"/><max value="*"/><base><path value="RiskAssessment"/><min value="0"/><max value="*"/></base><constraint><key value="dom-2"/><severity value="error"/><human value="If the resource is contained in another resource, it SHALL NOT contain nested Resources"/><expression value="contained.contained.empty()"/><xpath value="not(parent::f:contained and f:contained)"/><source value="DomainResource"/></constraint><constraint><key value="dom-1"/><severity value="error"/><human value="If the resource is contained in another resource, it SHALL NOT contain any narrative"/><expression value="contained.text.empty()"/><xpath value="not(parent::f:contained and f:text)"/><source value="DomainResource"/></constraint><constraint><key value="dom-4"/><severity value="error"/><human value="If a resource is contained in another resource, it SHALL NOT have a meta.versionId or a meta.lastUpdated"/><expression value="contained.meta.versionId.empty() and contained.meta.lastUpdated.empty()"/><xpath value="not(exists(f:contained/*/f:meta/f:versionId)) and not(exists(f:contained/*/f:meta/f:lastUpdated))"/><source value="DomainResource"/></constraint><constraint><key value="dom-3"/><severity value="error"/><human value="If the resource is contained in another resource, it SHALL be referred to from elsewhere in the resource"/><expression value="contained.where((&#39;#&#39;+id in %resource.descendants().reference).not()).empty()"/><xpath value="not(exists(for $id in f:contained/*/@id return $id[not(ancestor::f:contained/parent::*/descendant::f:reference/@value=concat(&#39;#&#39;, $id))]))"/><source value="DomainResource"/></constraint><mapping><identity value="rim"/><map value="Entity. Role, or Act"/></mapping><mapping><identity value="workflow"/><map value="Event"/></mapping><mapping><identity value="v2"/><map value="N/A"/></mapping><mapping><identity value="rim"/><map value="Observation[classCode=OBS, moodCode=EVN, code=&quot;Risk Assessment&quot;]"/></mapping><mapping><identity value="openehr"/><map value="OpenEHR-EHR-EVALUATION.risk.v1"/></mapping><mapping><identity value="w5"/><map value="clinical.general"/></mapping></element><element id="RiskAssessment.id"><path value="RiskAssessment.id"/><short value="Logical id of this artifact"/><definition value="The logical id of the resource, as used in the URL for the resource. Once assigned, this value never changes."/><comment value="The only time that a resource does not have an id is when it is being submitted to the server using a create operation."/><min value="0"/><max value="1"/><base><path value="Resource.id"/><min value="0"/><max value="1"/></base><type><code value="id"/></type><isSummary value="true"/></element><element id="RiskAssessment.meta"><path value="RiskAssessment.meta"/><short value="Metadata about the resource"/><definition value="The metadata about the resource. This is content that is maintained by the infrastructure. Changes to the content may not always be associated with version changes to the resource."/><min value="0"/><max value="1"/><base><path value="Resource.meta"/><min value="0"/><max value="1"/></base><type><code value="Meta"/></type><isSummary value="true"/></element><element id="RiskAssessment.implicitRules"><path value="RiskAssessment.implicitRules"/><short value="A set of rules under which this content was created"/><definition value="A reference to a set of rules that were followed when the resource was constructed, and which must be understood when processing the content."/><comment value="Asserting this rule set restricts the content to be only understood by a limited set of trading partners. This inherently limits the usefulness of the data in the long term. However, the existing health eco-system is highly fractured, and not yet ready to define, collect, and exchange data in a generally computable sense. Wherever possible, implementers and/or specification writers should avoid using this element. &#xA;&#xA;This element is labelled as a modifier because the implicit rules may provide additional knowledge about the resource that modifies it&#39;s meaning or interpretation."/><min value="0"/><max value="1"/><base><path value="Resource.implicitRules"/><min value="0"/><max value="1"/></base><type><code value="uri"/></type><isModifier value="true"/><isSummary value="true"/></element><element id="RiskAssessment.language"><path value="RiskAssessment.language"/><short value="Language of the resource content"/><definition value="The base language in which the resource is written."/><comment value="Language is provided to support indexing and accessibility (typically, services such as text to speech use the language tag). The html language tag in the narrative applies  to the narrative. The language tag on the resource may be used to specify the language of other presentations generated from the data in the resource  Not all the content has to be in the base language. The Resource.language should not be assumed to apply to the narrative automatically. If a language is specified, it should it also be specified on the div element in the html (see rules in HTML5 for information about the relationship between xml:lang and the html lang attribute)."/><min value="0"/><max value="1"/><base><path value="Resource.language"/><min value="0"/><max value="1"/></base><type><code value="code"/></type><binding><extension url="http://hl7.org/fhir/StructureDefinition/elementdefinition-maxValueSet"><valueReference><reference value="http://hl7.org/fhir/ValueSet/all-languages"/></valueReference></extension><extension url="http://hl7.org/fhir/StructureDefinition/elementdefinition-bindingName"><valueString value="Language"/></extension><extension url="http://hl7.org/fhir/StructureDefinition/elementdefinition-isCommonBinding"><valueBoolean value="true"/></extension><strength value="extensible"/><description value="A human language."/><valueSetReference><reference value="http://hl7.org/fhir/ValueSet/languages"/></valueSetReference></binding></element><element id="RiskAssessment.text"><path value="RiskAssessment.text"/><short value="Text summary of the resource, for human interpretation"/><definition value="A human-readable narrative that contains a summary of the resource, and may be used to represent the content of the resource to a human. The narrative need not encode all the structured data, but is required to contain sufficient detail to make it &quot;clinically safe&quot; for a human to just read the narrative. Resource definitions may define what content should be represented in the narrative to ensure clinical safety."/><comment value="Contained resources do not have narrative. Resources that are not contained SHOULD have a narrative. In some cases, a resource may only have text with little or no additional discrete data (as long as all minOccurs=1 elements are satisfied).  This may be necessary for data from legacy systems where information is captured as a &quot;text blob&quot; or where text is additionally entered raw or narrated and encoded in formation is added later."/><alias value="narrative"/><alias value="html"/><alias value="xhtml"/><alias value="display"/><min value="0"/><max value="1"/><base><path value="DomainResource.text"/><min value="0"/><max value="1"/></base><type><code value="Narrative"/></type><condition value="dom-1"/><mapping><identity value="rim"/><map value="Act.text?"/></mapping></element><element id="RiskAssessment.contained"><path value="RiskAssessment.contained"/><short value="Contained, inline Resources"/><definition value="These resources do not have an independent existence apart from the resource that contains them - they cannot be identified independently, and nor can they have their own independent transaction scope."/><comment value="This should never be done when the content can be identified properly, as once identification is lost, it is extremely difficult (and context dependent) to restore it again."/><alias value="inline resources"/><alias value="anonymous resources"/><alias value="contained resources"/><min value="0"/><max value="*"/><base><path value="DomainResource.contained"/><min value="0"/><max value="*"/></base><type><code value="Resource"/></type><mapping><identity value="rim"/><map value="N/A"/></mapping></element><element id="RiskAssessment.extension"><path value="RiskAssessment.extension"/><short value="Additional Content defined by implementations"/><definition value="May be used to represent additional information that is not part of the basic definition of the resource. In order to make the use of extensions safe and manageable, there is a strict set of governance  applied to the definition and use of extensions. Though any implementer is allowed to define an extension, there is a set of requirements that SHALL be met as part of the definition of the extension."/><comment value="There can be no stigma associated with the use of extensions by any application, project, or standard - regardless of the institution or jurisdiction that uses or defines the extensions.  The use of extensions is what allows the FHIR specification to retain a core level of simplicity for everyone."/><alias value="extensions"/><alias value="user content"/><min value="0"/><max value="*"/><base><path value="DomainResource.extension"/><min value="0"/><max value="*"/></base><type><code value="Extension"/></type><mapping><identity value="rim"/><map value="N/A"/></mapping></element><element id="RiskAssessment.modifierExtension"><path value="RiskAssessment.modifierExtension"/><short value="Extensions that cannot be ignored"/><definition value="May be used to represent additional information that is not part of the basic definition of the resource, and that modifies the understanding of the element that contains it. Usually modifier elements provide negation or qualification. In order to make the use of extensions safe and manageable, there is a strict set of governance applied to the definition and use of extensions. Though any implementer is allowed to define an extension, there is a set of requirements that SHALL be met as part of the definition of the extension. Applications processing a resource are required to check for modifier extensions."/><comment value="There can be no stigma associated with the use of extensions by any application, project, or standard - regardless of the institution or jurisdiction that uses or defines the extensions.  The use of extensions is what allows the FHIR specification to retain a core level of simplicity for everyone."/><alias value="extensions"/><alias value="user content"/><min value="0"/><max value="*"/><base><path value="DomainResource.modifierExtension"/><min value="0"/><max value="*"/></base><type><code value="Extension"/></type><isModifier value="true"/><mapping><identity value="rim"/><map value="N/A"/></mapping></element><element id="RiskAssessment.identifier"><path value="RiskAssessment.identifier"/><short value="Unique identifier for the assessment"/><definition value="Business identifier assigned to the risk assessment."/><min value="0"/><max value="1"/><base><path value="RiskAssessment.identifier"/><min value="0"/><max value="1"/></base><type><code value="Identifier"/></type><isSummary value="true"/><mapping><identity value="workflow"/><map value="Event.identifier"/></mapping><mapping><identity value="rim"/><map value=".id"/></mapping><mapping><identity value="openehr"/><map value="Workflow Identifier"/></mapping><mapping><identity value="w5"/><map value="id"/></mapping></element><element id="RiskAssessment.identifier.id"><path value="RiskAssessment.identifier.id"/><representation value="xmlAttr"/><short value="xml:id (or equivalent in JSON)"/><definition value="unique id for the element within a resource (for internal references). This may be any string value that does not contain spaces."/><min value="0"/><max value="1"/><base><path value="Element.id"/><min value="0"/><max value="1"/></base><type><code value="string"/></type><mapping><identity value="rim"/><map value="n/a"/></mapping></element><element id="RiskAssessment.identifier.extension"><path value="RiskAssessment.identifier.extension"/><slicing><discriminator><type value="value"/><path value="url"/></discriminator><description value="Extensions are always sliced by (at least) url"/><rules value="open"/></slicing><short value="Additional Content defined by implementations"/><definition value="May be used to represent additional information that is not part of the basic definition of the element. In order to make the use of extensions safe and manageable, there is a strict set of governance  applied to the definition and use of extensions. Though any implementer is allowed to define an extension, there is a set of requirements that SHALL be met as part of the definition of the extension."/><comment value="There can be no stigma associated with the use of extensions by any application, project, or standard - regardless of the institution or jurisdiction that uses or defines the extensions.  The use of extensions is what allows the FHIR specification to retain a core level of simplicity for everyone."/><alias value="extensions"/><alias value="user content"/><min value="0"/><max value="*"/><base><path value="Element.extension"/><min value="0"/><max value="*"/></base><type><code value="Extension"/></type><mapping><identity value="rim"/><map value="n/a"/></mapping></element><element id="RiskAssessment.identifier.use"><path value="RiskAssessment.identifier.use"/><short value="usual | official | temp | secondary (If known)"/><definition value="The purpose of this identifier."/><comment value="This is labeled as &quot;Is Modifier&quot; because applications should not mistake a temporary id for a permanent one. Applications can assume that an identifier is permanent unless it explicitly says that it is temporary."/><requirements value="Allows the appropriate identifier for a particular context of use to be selected from among a set of identifiers."/><min value="0"/><max value="1"/><base><path value="Identifier.use"/><min value="0"/><max value="1"/></base><type><code value="code"/></type><isModifier value="true"/><isSummary value="true"/><binding><extension url="http://hl7.org/fhir/StructureDefinition/elementdefinition-bindingName"><valueString value="IdentifierUse"/></extension><strength value="required"/><description value="Identifies the purpose for this identifier, if known ."/><valueSetReference><reference value="http://hl7.org/fhir/ValueSet/identifier-use"/></valueSetReference></binding><mapping><identity value="v2"/><map value="N/A"/></mapping><mapping><identity value="rim"/><map value="Role.code or implied by context"/></mapping></element><element id="RiskAssessment.identifier.type"><path value="RiskAssessment.identifier.type"/><short value="Description of identifier"/><definition value="A coded type for the identifier that can be used to determine which identifier to use for a specific purpose."/><comment value="This element deals only with general categories of identifiers.  It SHOULD not be used for codes that correspond 1..1 with the Identifier.system. Some identifiers may fall into multiple categories due to common usage. &#xA;&#xA;Where the system is known, a type is unnecessary because the type is always part of the system definition. However systems often need to handle identifiers where the system is not known. There is not a 1:1 relationship between type and system, since many different systems have the same type."/><requirements value="Allows users to make use of identifiers when the identifier system is not known."/><min value="0"/><max value="1"/><base><path value="Identifier.type"/><min value="0"/><max value="1"/></base><type><code value="CodeableConcept"/></type><isSummary value="true"/><binding><extension url="http://hl7.org/fhir/StructureDefinition/elementdefinition-bindingName"><valueString value="IdentifierType"/></extension><extension url="http://hl7.org/fhir/StructureDefinition/elementdefinition-isCommonBinding"><valueBoolean value="true"/></extension><strength value="extensible"/><description value="A coded type for an identifier that can be used to determine which identifier to use for a specific purpose."/><valueSetReference><reference value="http://hl7.org/fhir/ValueSet/identifier-type"/></valueSetReference></binding><mapping><identity value="v2"/><map value="CX.5"/></mapping><mapping><identity value="rim"/><map value="Role.code or implied by context"/></mapping></element><element id="RiskAssessment.identifier.system"><path value="RiskAssessment.identifier.system"/><short value="The namespace for the identifier value"/><definition value="Establishes the namespace for the value - that is, a URL that describes a set values that are unique."/><requirements value="There are many sets  of identifiers.  To perform matching of two identifiers, we need to know what set we&#39;re dealing with. The system identifies a particular set of unique identifiers."/><min value="0"/><max value="1"/><base><path value="Identifier.system"/><min value="0"/><max value="1"/></base><type><code value="uri"/></type><example><label value="General"/><valueUri value="http://www.acme.com/identifiers/patient or urn:ietf:rfc:3986 if the Identifier.value itself is a full uri"/></example><isSummary value="true"/><mapping><identity value="v2"/><map value="CX.4 / EI-2-4"/></mapping><mapping><identity value="rim"/><map value="II.root or Role.id.root"/></mapping><mapping><identity value="servd"/><map value="./IdentifierType"/></mapping></element><element id="RiskAssessment.identifier.value"><path value="RiskAssessment.identifier.value"/><short value="The value that is unique"/><definition value="The portion of the identifier typically relevant to the user and which is unique within the context of the system."/><comment value="If the value is a full URI, then the system SHALL be urn:ietf:rfc:3986.  The value&#39;s primary purpose is computational mapping.  As a result, it may be normalized for comparison purposes (e.g. removing non-significant whitespace, dashes, etc.)  A value formatted for human display can be conveyed using the [Rendered Value extension](http://hl7.org/fhir/STU3/extension-rendered-value.html)."/><min value="0"/><max value="1"/><base><path value="Identifier.value"/><min value="0"/><max value="1"/></base><type><code value="string"/></type><example><label value="General"/><valueString value="123456"/></example><isSummary value="true"/><mapping><identity value="v2"/><map value="CX.1 / EI.1"/></mapping><mapping><identity value="rim"/><map value="II.extension or II.root if system indicates OID or GUID (Or Role.id.extension or root)"/></mapping><mapping><identity value="servd"/><map value="./Value"/></mapping></element><element id="RiskAssessment.identifier.period"><path value="RiskAssessment.identifier.period"/><short value="Time period when id is/was valid for use"/><definition value="Time period during which identifier is/was valid for use."/><min value="0"/><max value="1"/><base><path value="Identifier.period"/><min value="0"/><max value="1"/></base><type><code value="Period"/></type><isSummary value="true"/><mapping><identity value="v2"/><map value="CX.7 + CX.8"/></mapping><mapping><identity value="rim"/><map value="Role.effectiveTime or implied by context"/></mapping><mapping><identity value="servd"/><map value="./StartDate and ./EndDate"/></mapping></element><element id="RiskAssessment.identifier.assigner"><path value="RiskAssessment.identifier.assigner"/><short value="Organization that issued id (may be just text)"/><definition value="Organization that issued/manages the identifier."/><comment value="The Identifier.assigner may omit the .reference element and only contain a .display element reflecting the name or other textual information about the assigning organization."/><min value="0"/><max value="1"/><base><path value="Identifier.assigner"/><min value="0"/><max value="1"/></base><type><code value="Reference"/><targetProfile value="https://fhir.hl7.org.uk/STU3/StructureDefinition/CareConnect-Organization-1"/></type><isSummary value="true"/><mapping><identity value="v2"/><map value="CX.4 / (CX.4,CX.9,CX.10)"/></mapping><mapping><identity value="rim"/><map value="II.assigningAuthorityName but note that this is an improper use by the definition of the field.  Also Role.scoper"/></mapping><mapping><identity value="servd"/><map value="./IdentifierIssuingAuthority"/></mapping></element><element id="RiskAssessment.basedOn"><path value="RiskAssessment.basedOn"/><short value="Request fulfilled by this assessment"/><definition value="A reference to the request that is fulfilled by this risk assessment."/><min value="0"/><max value="1"/><base><path value="RiskAssessment.basedOn"/><min value="0"/><max value="1"/></base><type><code value="Reference"/><targetProfile value="http://hl7.org/fhir/StructureDefinition/Resource"/></type><mapping><identity value="workflow"/><map value="Event.basedOn"/></mapping></element><element id="RiskAssessment.parent"><path value="RiskAssessment.parent"/><short value="Part of this occurrence"/><definition value="A reference to a resource that this risk assessment is part of, such as a Procedure."/><min value="0"/><max value="1"/><base><path value="RiskAssessment.parent"/><min value="0"/><max value="1"/></base><type><code value="Reference"/><targetProfile value="http://hl7.org/fhir/StructureDefinition/Resource"/></type><mapping><identity value="workflow"/><map value="Event.partOf"/></mapping></element><element id="RiskAssessment.status"><path value="RiskAssessment.status"/><short value="registered | preliminary | final | amended +"/><definition value="The status of the RiskAssessment, using the same statuses as an Observation."/><min value="1"/><max value="1"/><base><path value="RiskAssessment.status"/><min value="1"/><max value="1"/></base><type><code value="code"/></type><binding><extension url="http://hl7.org/fhir/StructureDefinition/elementdefinition-bindingName"><valueString value="RiskAssessmentStatus"/></extension><strength value="required"/><description value="The status of the risk assessment; e.g. preliminary, final, amended, etc."/><valueSetReference><reference value="http://hl7.org/fhir/ValueSet/observation-status"/></valueSetReference></binding><mapping><identity value="workflow"/><map value="Event.status"/></mapping><mapping><identity value="w5"/><map value="status"/></mapping></element><element id="RiskAssessment.method"><path value="RiskAssessment.method"/><short value="Evaluation mechanism"/><definition value="The algorithm, process or mechanism used to evaluate the risk."/><requirements value="The method can influence the results of the assessment."/><min value="0"/><max value="1"/><base><path value="RiskAssessment.method"/><min value="0"/><max value="1"/></base><type><code value="CodeableConcept"/></type><isSummary value="true"/><binding><extension url="http://hl7.org/fhir/StructureDefinition/elementdefinition-bindingName"><valueString value="RiskAssessmentMethod"/></extension><strength value="example"/><description value="The mechanism or algorithm used to make the assessment; e.g. TIMI, PRISM, Cardiff Type 2 diabetes, etc."/></binding><mapping><identity value="rim"/><map value=".methodCode"/></mapping><mapping><identity value="w5"/><map value="class"/></mapping></element><element id="RiskAssessment.code"><path value="RiskAssessment.code"/><short value="Type of assessment"/><definition value="The type of the risk assessment performed."/><min value="0"/><max value="1"/><base><path value="RiskAssessment.code"/><min value="0"/><max value="1"/></base><type><code value="CodeableConcept"/></type><isSummary value="true"/><mapping><identity value="workflow"/><map value="Event.code"/></mapping><mapping><identity value="w5"/><map value="what"/></mapping></element><element id="RiskAssessment.subject"><path value="RiskAssessment.subject"/><short value="Who/what does assessment apply to?"/><definition value="The patient or group the risk assessment applies to."/><min value="0"/><max value="1"/><base><path value="RiskAssessment.subject"/><min value="0"/><max value="1"/></base><type><code value="Reference"/><targetProfile value="http://hl7.org/fhir/StructureDefinition/Group"/></type><type><code value="Reference"/><targetProfile value="https://fhir.hl7.org.uk/STU3/StructureDefinition/CareConnect-Patient-1"/></type><isSummary value="true"/><mapping><identity value="workflow"/><map value="Event.subject"/></mapping><mapping><identity value="rim"/><map value=".participation[typeCode=SBJ].role"/></mapping><mapping><identity value="openehr"/><map value="Subject of Care"/></mapping><mapping><identity value="w5"/><map value="who.focus"/></mapping></element><element id="RiskAssessment.context"><path value="RiskAssessment.context"/><short value="Where was assessment performed?"/><definition value="The encounter where the assessment was performed."/><min value="0"/><max value="1"/><base><path value="RiskAssessment.context"/><min value="0"/><max value="1"/></base><type><code value="Reference"/><targetProfile value="https://fhir.hl7.org.uk/STU3/StructureDefinition/CareConnect-EpisodeOfCare-1"/></type><type><code value="Reference"/><targetProfile value="https://fhir.hl7.org.uk/STU3/StructureDefinition/CareConnect-Encounter-1"/></type><isSummary value="true"/><mapping><identity value="workflow"/><map value="Event.context"/></mapping><mapping><identity value="rim"/><map value=".inboundRelationship[typeCode=COMP].source[classCode=ENC, moodCode=EVN]"/></mapping><mapping><identity value="w5"/><map value="context"/></mapping></element><element id="RiskAssessment.occurrence[x]"><path value="RiskAssessment.occurrence[x]"/><short value="When was assessment made?"/><definition value="The date (and possibly time) the risk assessment was performed."/><requirements value="The assessment results lose validity the more time elapses from when they are first made."/><min value="0"/><max value="1"/><base><path value="RiskAssessment.occurrence[x]"/><min value="0"/><max value="1"/></base><type><code value="dateTime"/></type><type><code value="Period"/></type><isSummary value="true"/><mapping><identity value="workflow"/><map value="Event.occurrence"/></mapping><mapping><identity value="rim"/><map value=".effectiveTime"/></mapping><mapping><identity value="w5"/><map value="when.done"/></mapping></element><element id="RiskAssessment.condition"><path value="RiskAssessment.condition"/><short value="Condition assessed"/><definition value="For assessments or prognosis specific to a particular condition, indicates the condition being assessed."/><min value="0"/><max value="1"/><base><path value="RiskAssessment.condition"/><min value="0"/><max value="1"/></base><type><code value="Reference"/><targetProfile value="https://fhir.hl7.org.uk/STU3/StructureDefinition/CareConnect-Condition-1"/></type><isSummary value="true"/><mapping><identity value="rim"/><map value=".outboundRelationship[typeCode=SUBJ].target[classCode=OBS, moodCode=EVN]"/></mapping></element><element id="RiskAssessment.performer"><path value="RiskAssessment.performer"/><short value="Who did assessment?"/><definition value="The provider or software application that performed the assessment."/><min value="0"/><max value="1"/><base><path value="RiskAssessment.performer"/><min value="0"/><max value="1"/></base><type><code value="Reference"/><targetProfile value="http://hl7.org/fhir/StructureDefinition/Device"/></type><type><code value="Reference"/><targetProfile value="https://fhir.hl7.org.uk/STU3/StructureDefinition/CareConnect-Practitioner-1"/></type><isSummary value="true"/><mapping><identity value="workflow"/><map value="Event.performer.actor"/></mapping><mapping><identity value="rim"/><map value=".participation[typeCode=PFM].role[classCode=ASSIGNED]"/></mapping><mapping><identity value="openehr"/><map value="Information Provider"/></mapping><mapping><identity value="w5"/><map value="who.actor"/></mapping></element><element id="RiskAssessment.reason[x]"><path value="RiskAssessment.reason[x]"/><short value="Why the assessment was necessary?"/><definition value="The reason the risk assessment was performed."/><min value="0"/><max value="1"/><base><path value="RiskAssessment.reason[x]"/><min value="0"/><max value="1"/></base><type><code value="CodeableConcept"/></type><type><code value="Reference"/><targetProfile value="http://hl7.org/fhir/StructureDefinition/Resource"/></type><mapping><identity value="workflow"/><map value="Event.reason"/></mapping><mapping><identity value="w5"/><map value="why"/></mapping></element><element id="RiskAssessment.basis"><path value="RiskAssessment.basis"/><short value="Information used in assessment"/><definition value="Indicates the source data considered as part of the assessment (FamilyHistory, Observations, Procedures, Conditions, etc.)."/><min value="0"/><max value="*"/><base><path value="RiskAssessment.basis"/><min value="0"/><max value="*"/></base><type><code value="Reference"/><targetProfile value="http://hl7.org/fhir/StructureDefinition/Resource"/></type><mapping><identity value="workflow"/><map value="Event.reasonReference"/></mapping><mapping><identity value="rim"/><map value=".outboundRelationship[typeCode=DRIV].target"/></mapping><mapping><identity value="openehr"/><map value="Risk Factor; Link to Evidence"/></mapping></element><element id="RiskAssessment.prediction"><path value="RiskAssessment.prediction"/><short value="Outcome predicted"/><definition value="Describes the expected outcome for the subject."/><comment value="Multiple repetitions can be used to identify the same type of outcome in different timeframes as well as different types of outcomes."/><min value="0"/><max value="*"/><base><path value="RiskAssessment.prediction"/><min value="0"/><max value="*"/></base><type><code value="BackboneElement"/></type><constraint><key value="ele-1"/><severity value="error"/><human value="All FHIR elements must have a @value or children"/><expression value="hasValue() | (children().count() &gt; id.count())"/><xpath value="@value|f:*|h:div"/><source value="Element"/></constraint><constraint><key value="ras-2"/><severity value="error"/><human value="Must be &lt;= 100"/><expression value="probability is decimal implies probability.as(decimal) &lt;= 100"/><xpath value="not(f:probabilityDecimal) or f:probabilityDecimal/@value &lt;= 100"/></constraint><mapping><identity value="rim"/><map value=".outboundRelationship[typeCode=VALUE].target[classCod=OBS, moodCode=RISK]"/></mapping></element><element id="RiskAssessment.prediction.id"><path value="RiskAssessment.prediction.id"/><representation value="xmlAttr"/><short value="xml:id (or equivalent in JSON)"/><definition value="unique id for the element within a resource (for internal references). This may be any string value that does not contain spaces."/><min value="0"/><max value="1"/><base><path value="Element.id"/><min value="0"/><max value="1"/></base><type><code value="string"/></type><mapping><identity value="rim"/><map value="n/a"/></mapping></element><element id="RiskAssessment.prediction.extension"><path value="RiskAssessment.prediction.extension"/><short value="Additional Content defined by implementations"/><definition value="May be used to represent additional information that is not part of the basic definition of the element. In order to make the use of extensions safe and manageable, there is a strict set of governance  applied to the definition and use of extensions. Though any implementer is allowed to define an extension, there is a set of requirements that SHALL be met as part of the definition of the extension."/><comment value="There can be no stigma associated with the use of extensions by any application, project, or standard - regardless of the institution or jurisdiction that uses or defines the extensions.  The use of extensions is what allows the FHIR specification to retain a core level of simplicity for everyone."/><alias value="extensions"/><alias value="user content"/><min value="0"/><max value="*"/><base><path value="Element.extension"/><min value="0"/><max value="*"/></base><type><code value="Extension"/></type><mapping><identity value="rim"/><map value="n/a"/></mapping></element><element id="RiskAssessment.prediction.modifierExtension"><path value="RiskAssessment.prediction.modifierExtension"/><short value="Extensions that cannot be ignored"/><definition value="May be used to represent additional information that is not part of the basic definition of the element, and that modifies the understanding of the element that contains it. Usually modifier elements provide negation or qualification. In order to make the use of extensions safe and manageable, there is a strict set of governance applied to the definition and use of extensions. Though any implementer is allowed to define an extension, there is a set of requirements that SHALL be met as part of the definition of the extension. Applications processing a resource are required to check for modifier extensions."/><comment value="There can be no stigma associated with the use of extensions by any application, project, or standard - regardless of the institution or jurisdiction that uses or defines the extensions.  The use of extensions is what allows the FHIR specification to retain a core level of simplicity for everyone."/><alias value="extensions"/><alias value="user content"/><alias value="modifiers"/><min value="0"/><max value="*"/><base><path value="BackboneElement.modifierExtension"/><min value="0"/><max value="*"/></base><type><code value="Extension"/></type><isModifier value="true"/><isSummary value="true"/><mapping><identity value="rim"/><map value="N/A"/></mapping></element><element id="RiskAssessment.prediction.outcome"><path value="RiskAssessment.prediction.outcome"/><short value="Possible outcome for the subject"/><definition value="One of the potential outcomes for the patient (e.g. remission, death,  a particular condition)."/><min value="1"/><max value="1"/><base><path value="RiskAssessment.prediction.outcome"/><min value="1"/><max value="1"/></base><type><code value="CodeableConcept"/></type><binding><extension url="http://hl7.org/fhir/StructureDefinition/elementdefinition-bindingName"><valueString value="RiskAssessmentOutcome"/></extension><strength value="example"/><description value="The condition or other outcome; e.g. death, remission, amputation, infection, etc."/></binding><mapping><identity value="rim"/><map value=".value"/></mapping><mapping><identity value="openehr"/><map value="Risk"/></mapping></element><element id="RiskAssessment.prediction.probability[x]"><path value="RiskAssessment.prediction.probability[x]"/><short value="Likelihood of specified outcome"/><definition value="How likely is the outcome (in the specified timeframe)."/><comment value="If range is used, it represents the lower and upper bounds of certainty; e.g. 40-60%  Decimal values are expressed as percentages as well (max = 100)."/><min value="0"/><max value="1"/><base><path value="RiskAssessment.prediction.probability[x]"/><min value="0"/><max value="1"/></base><type><code value="decimal"/></type><type><code value="Range"/></type><constraint><key value="ras-1"/><severity value="error"/><human value="low and high must be percentages, if present"/><expression value="(low.empty() or ((low.code = &#39;%&#39;) and (low.system = %ucum))) and (high.empty() or ((high.code = &#39;%&#39;) and (high.system = %ucum)))"/><xpath value="(not(f:low) or f:low[f:code/@value=&#39;%&#39; and f:system/@value=&#39;http://unitsofmeasure.org&#39;]) and (not(f:high) or f:high[f:code/@value=&#39;%&#39; and f:system/@value=&#39;http://unitsofmeasure.org&#39;])"/></constraint><mapping><identity value="rim"/><map value=".inboundRelationship[typeCode=SUBJ].source[classCode=OBS, moodCode=EVN, code=&quot;probability&quot;].value"/></mapping><mapping><identity value="openehr"/><map value="Category"/></mapping></element><element id="RiskAssessment.prediction.qualitativeRisk"><path value="RiskAssessment.prediction.qualitativeRisk"/><short value="Likelihood of specified outcome as a qualitative value"/><definition value="How likely is the outcome (in the specified timeframe), expressed as a qualitative value (e.g. low, medium, high)."/><min value="0"/><max value="1"/><base><path value="RiskAssessment.prediction.qualitativeRisk"/><min value="0"/><max value="1"/></base><type><code value="CodeableConcept"/></type><binding><extension url="http://hl7.org/fhir/StructureDefinition/elementdefinition-bindingName"><valueString value="RiskAssessmentProbability"/></extension><strength value="example"/><description value="The likelihood of the occurrence of a specified outcome"/><valueSetReference><reference value="http://hl7.org/fhir/ValueSet/risk-probability"/></valueSetReference></binding></element><element id="RiskAssessment.prediction.relativeRisk"><path value="RiskAssessment.prediction.relativeRisk"/><short value="Relative likelihood"/><definition value="Indicates the risk for this particular subject (with their specific characteristics) divided by the risk of the population in general.  (Numbers greater than 1 = higher risk than the population, numbers less than 1 = lower risk.)."/><requirements value="Absolute risk is less meaningful than relative risk."/><min value="0"/><max value="1"/><base><path value="RiskAssessment.prediction.relativeRisk"/><min value="0"/><max value="1"/></base><type><code value="decimal"/></type><mapping><identity value="rim"/><map value=".inboundRelationship[typeCode=SUBJ].source[classCode=OBS, moodCode=EVN, code=&quot;relative risk&quot;].value"/></mapping></element><element id="RiskAssessment.prediction.when[x]"><path value="RiskAssessment.prediction.when[x]"/><short value="Timeframe or age range"/><definition value="Indicates the period of time or age range of the subject to which the specified probability applies."/><comment value="If not specified, the risk applies &quot;over the subject&#39;s lifespan&quot;."/><min value="0"/><max value="1"/><base><path value="RiskAssessment.prediction.when[x]"/><min value="0"/><max value="1"/></base><type><code value="Period"/></type><type><code value="Range"/></type><mapping><identity value="rim"/><map value=".effectiveTime or .inboundRelationship[typeCode=SUBJ].source[classCode=OBS, moodCode=EVN, code=&quot;age&quot;].value"/></mapping></element><element id="RiskAssessment.prediction.rationale"><path value="RiskAssessment.prediction.rationale"/><short value="Explanation of prediction"/><definition value="Additional information explaining the basis for the prediction."/><min value="0"/><max value="1"/><base><path value="RiskAssessment.prediction.rationale"/><min value="0"/><max value="1"/></base><type><code value="string"/></type><mapping><identity value="rim"/><map value=".reasonCode.text"/></mapping><mapping><identity value="openehr"/><map value="Rationale"/></mapping></element><element id="RiskAssessment.mitigation"><path value="RiskAssessment.mitigation"/><short value="How to reduce risk"/><definition value="A description of the steps that might be taken to reduce the identified risk(s)."/><requirements value="One of the main reasons for assessing risks is to identify whether interventional steps are needed to reduce risk."/><min value="0"/><max value="1"/><base><path value="RiskAssessment.mitigation"/><min value="0"/><max value="1"/></base><type><code value="string"/></type><mapping><identity value="rim"/><map value=".outboundRelationship[typeCode=MTGT].target[classCode=ACT, moodCode=EVN].text"/></mapping></element><element id="RiskAssessment.comment"><path value="RiskAssessment.comment"/><short value="Comments on the risk assessment"/><definition value="Additional comments about the risk assessment."/><min value="0"/><max value="1"/><base><path value="RiskAssessment.comment"/><min value="0"/><max value="1"/></base><type><code value="string"/></type><mapping><identity value="workflow"/><map value="Event.note"/></mapping></element></snapshot><differential><element id="RiskAssessment.identifier.assigner"><path value="RiskAssessment.identifier.assigner"/><type><code value="Reference"/><targetProfile value="https://fhir.hl7.org.uk/STU3/StructureDefinition/CareConnect-Organization-1"/></type></element><element id="RiskAssessment.subject"><path value="RiskAssessment.subject"/><type><code value="Reference"/><targetProfile value="http://hl7.org/fhir/StructureDefinition/Group"/></type><type><code value="Reference"/><targetProfile value="https://fhir.hl7.org.uk/STU3/StructureDefinition/CareConnect-Patient-1"/></type></element><element id="RiskAssessment.context"><path value="RiskAssessment.context"/><type><code value="Reference"/><targetProfile value="https://fhir.hl7.org.uk/STU3/StructureDefinition/CareConnect-EpisodeOfCare-1"/></type><type><code value="Reference"/><targetProfile value="https://fhir.hl7.org.uk/STU3/StructureDefinition/CareConnect-Encounter-1"/></type></element><element id="RiskAssessment.condition"><path value="RiskAssessment.condition"/><type><code value="Reference"/><targetProfile value="https://fhir.hl7.org.uk/STU3/StructureDefinition/CareConnect-Condition-1"/></type></element><element id="RiskAssessment.performer"><path value="RiskAssessment.performer"/><type><code value="Reference"/><targetProfile value="http://hl7.org/fhir/StructureDefinition/Device"/></type><type><code value="Reference"/><targetProfile value="https://fhir.hl7.org.uk/STU3/StructureDefinition/CareConnect-Practitioner-1"/></type></element></differential></StructureDefinition>