<?xml version="1.0" encoding="UTF-8"?><StructureDefinition xmlns="http://hl7.org/fhir"><id value="CareConnect-ProblemHeader-Condition-1"/><meta><lastUpdated value="2018-05-03T16:00:16.332+01:00"/></meta><text><status value="generated"/><div xmlns="http://www.w3.org/1999/xhtml"><table border="0" cellpadding="0" cellspacing="0" style="border: 0px #F0F0F0 solid; font-size: 11px; font-family: verdana; vertical-align: top;"><tr style="border: 1px #F0F0F0 solid; font-size: 11px; font-family: verdana; vertical-align: top;"><th style="vertical-align: top; text-align : left; background-color: white; border: 0px #F0F0F0 solid; padding:0px 4px 0px 4px" class="hierarchy"><a href="http://hl7.org/fhir/STU3/formats.html#table" title="The logical name of the element">Name</a></th><th style="vertical-align: top; text-align : left; background-color: white; border: 0px #F0F0F0 solid; padding:0px 4px 0px 4px" class="hierarchy"><a href="http://hl7.org/fhir/STU3/formats.html#table" title="Information about the use of the element">Flags</a></th><th style="vertical-align: top; text-align : left; background-color: white; border: 0px #F0F0F0 solid; padding:0px 4px 0px 4px" class="hierarchy"><a href="http://hl7.org/fhir/STU3/formats.html#table" title="Minimum and Maximum # of times the the element can appear in the instance">Card.</a></th><th style="width: 100px" class="hierarchy"><a href="http://hl7.org/fhir/STU3/formats.html#table" title="Reference to the type of the element">Type</a></th><th style="vertical-align: top; text-align : left; background-color: white; border: 0px #F0F0F0 solid; padding:0px 4px 0px 4px" class="hierarchy"><a href="http://hl7.org/fhir/STU3/formats.html#table" title="Additional information about the element">Description &amp; Constraints</a><span style="float: right"><a href="http://hl7.org/fhir/STU3/formats.html#table" title="Legend for this format"><img src="http://hl7.org/fhir/STU3/help16.png" alt="doco" style="background-color: inherit"/></a></span></th></tr><tr style="border: 0px #F0F0F0 solid; padding:0px; vertical-align: top; background-color: white;"><td style="vertical-align: top; text-align : left; background-color: white; border: 0px #F0F0F0 solid; padding:0px 4px 0px 4px; white-space: nowrap; background-image: url(tbl_bck2.png)" class="hierarchy"><img src="tbl_spacer.png" alt="." style="background-color: inherit" class="hierarchy"/><img src="icon_extension_simple.png" alt="." style="background-color: white; background-color: inherit" title="Simple Extension" class="hierarchy"/> <a href="CareConnect-ProblemHeader-Condition-1-definitions.html#Condition.extension" title="null">extension</a><a name="Condition.extension"> </a></td><td style="vertical-align: top; text-align : left; background-color: white; border: 0px #F0F0F0 solid; padding:0px 4px 0px 4px" class="hierarchy"/><td style="vertical-align: top; text-align : left; background-color: white; border: 0px #F0F0F0 solid; padding:0px 4px 0px 4px" class="hierarchy"/><td style="vertical-align: top; text-align : left; background-color: white; border: 0px #F0F0F0 solid; padding:0px 4px 0px 4px" class="hierarchy"/><td style="vertical-align: top; text-align : left; background-color: white; border: 0px #F0F0F0 solid; padding:0px 4px 0px 4px" class="hierarchy"><span style="font-weight:bold">Slice: </span>Unordered, Open by value:url</td></tr>
<tr><td colspan="5" class="hierarchy"><br/><a href="http://hl7.org/fhir/STU3/formats.html#table" title="Legend for this format"><img src="http://hl7.org/fhir/STU3/help16.png" alt="doco" style="background-color: inherit"/> Documentation for this format</a></td></tr></table></div></text><extension url="http://hl7.org/fhir/StructureDefinition/structuredefinition-wg"><valueCode value="pc"/></extension><url value="https://fhir.hl7.org.uk/STU3/StructureDefinition/CareConnect-ProblemHeader-Condition-1"/><version value="1.1.0"/><name value="CareConnect-ProblemHeader-Condition-1"/><status value="draft"/><date value="2019-06-19T00:00:00+01:00"/><publisher value="HL7 UK"/><contact><name value="INTEROPen"/><telecom><system value="email"/><value value="admin@interopen.org"/><use value="work"/></telecom></contact><description value="This Condition resource records detailed information about conditions or diagnoses recognised by a clinician."/><purpose value="CURATED BY INTEROPen see: http://www.interopen.org/careconnect-curation-methodology/ "/><copyright value="Copyright &#xA9; 2019 HL7 UK&#xD;&#xA;&#xD;&#xA;Licensed under the Apache License, Version 2.0 (the &quot;License&quot;); you may not use this file except in compliance with the License. You may obtain a copy of the License at&#xD;&#xA;&#xD;&#xA;http://www.apache.org/licenses/LICENSE-2.0&#xD;&#xA;&#xD;&#xA;Unless required by applicable law or agreed to in writing, software distributed under the License is distributed on an &quot;AS IS&quot; BASIS, WITHOUT WARRANTIES OR CONDITIONS OF ANY KIND, either express or implied. See the License for the specific language governing permissions and limitations under the License.&#xD;&#xA;&#xD;&#xA;HL7&#xAE; FHIR&#xAE; standard Copyright &#xA9; 2011+ HL7&#xD;&#xA;&#xD;&#xA;The HL7&#xAE; FHIR&#xAE; standard is used under the FHIR license. You may obtain a copy of the FHIR license at&#xD;&#xA;&#xD;&#xA;https://www.hl7.org/fhir/license.html"/><fhirVersion value="3.0.1"/><mapping><identity value="sct-concept"/><uri value="http://snomed.info/conceptdomain"/><name value="SNOMED CT Concept Domain Binding"/></mapping><mapping><identity value="v2"/><uri value="http://hl7.org/v2"/><name value="HL7 v2 Mapping"/></mapping><mapping><identity value="rim"/><uri value="http://hl7.org/v3"/><name value="RIM Mapping"/></mapping><mapping><identity value="w5"/><uri value="http://hl7.org/fhir/w5"/><name value="W5 Mapping"/></mapping><mapping><identity value="sct-attr"/><uri value="http://snomed.info/sct"/><name value="SNOMED CT Attribute Binding"/></mapping><kind value="resource"/><abstract value="false"/><type value="Condition"/><baseDefinition value="http://hl7.org/fhir/StructureDefinition/Condition"/><derivation value="constraint"/><snapshot><element id="Condition"><path value="Condition"/><short value="Detailed information about conditions, problems or diagnoses"/><definition value="A clinical condition, problem, diagnosis, or other event, situation, issue, or clinical concept that has risen to a level of concern."/><min value="0"/><max value="*"/><base><path value="Condition"/><min value="0"/><max value="*"/></base><constraint><key value="dom-2"/><severity value="error"/><human value="If the resource is contained in another resource, it SHALL NOT contain nested Resources"/><expression value="contained.contained.empty()"/><xpath value="not(parent::f:contained and f:contained)"/><source value="DomainResource"/></constraint><constraint><key value="dom-1"/><severity value="error"/><human value="If the resource is contained in another resource, it SHALL NOT contain any narrative"/><expression value="contained.text.empty()"/><xpath value="not(parent::f:contained and f:text)"/><source value="DomainResource"/></constraint><constraint><key value="dom-4"/><severity value="error"/><human value="If a resource is contained in another resource, it SHALL NOT have a meta.versionId or a meta.lastUpdated"/><expression value="contained.meta.versionId.empty() and contained.meta.lastUpdated.empty()"/><xpath value="not(exists(f:contained/*/f:meta/f:versionId)) and not(exists(f:contained/*/f:meta/f:lastUpdated))"/><source value="DomainResource"/></constraint><constraint><key value="dom-3"/><severity value="error"/><human value="If the resource is contained in another resource, it SHALL be referred to from elsewhere in the resource"/><expression value="contained.where((&#39;#&#39;+id in %resource.descendants().reference).not()).empty()"/><xpath value="not(exists(for $id in f:contained/*/@id return $id[not(ancestor::f:contained/parent::*/descendant::f:reference/@value=concat(&#39;#&#39;, $id))]))"/><source value="DomainResource"/></constraint><constraint><key value="con-4"/><severity value="error"/><human value="If condition is abated, then clinicalStatus must be either inactive, resolved, or remission"/><expression value="abatement.empty() or (abatement as boolean).not()  or clinicalStatus=&#39;resolved&#39; or clinicalStatus=&#39;remission&#39; or clinicalStatus=&#39;inactive&#39;"/><xpath value="not(f:abatementBoolean/@value=true() or (not(exists(f:abatementBoolean)) and exists(*[starts-with(local-name(.), &#39;abatement&#39;)])) or f:clinicalStatus/@value=(&#39;resolved&#39;, &#39;remission&#39;, &#39;inactive&#39;))"/></constraint><constraint><key value="con-3"/><severity value="error"/><human value="Condition.clinicalStatus SHALL be present if verificationStatus is not entered-in-error"/><expression value="verificationStatus=&#39;entered-in-error&#39; or clinicalStatus.exists()"/><xpath value="f:verificationStatus/@value=&#39;entered-in-error&#39; or exists(f:clinicalStatus)"/></constraint><mapping><identity value="rim"/><map value="Entity. Role, or Act"/></mapping><mapping><identity value="sct-concept"/><map value="&lt; 243796009 |Situation with explicit context|:&#xA;246090004 |Associated finding| =&#xA;((&lt; 404684003 |Clinical finding| MINUS&#xA;&lt;&lt; 420134006 |Propensity to adverse reactions| MINUS &#xA;&lt;&lt; 473010000 |Hypersensitivity condition| MINUS &#xA;&lt;&lt; 79899007 |Drug interaction| MINUS&#xA;&lt;&lt; 69449002 |Drug action| MINUS &#xA;&lt;&lt; 441742003 |Evaluation finding| MINUS &#xA;&lt;&lt; 307824009 |Administrative status| MINUS &#xA;&lt;&lt; 385356007 |Tumor stage finding|) OR&#xA;&lt; 272379006 |Event|)"/></mapping><mapping><identity value="v2"/><map value="PPR message"/></mapping><mapping><identity value="rim"/><map value="Observation[classCode=OBS, moodCode=EVN, code=ASSERTION, value&lt;Diagnosis]"/></mapping><mapping><identity value="w5"/><map value="clinical.general"/></mapping></element><element id="Condition.id"><path value="Condition.id"/><short value="Logical id of this artifact"/><definition value="The logical id of the resource, as used in the URL for the resource. Once assigned, this value never changes."/><comment value="The only time that a resource does not have an id is when it is being submitted to the server using a create operation."/><min value="0"/><max value="1"/><base><path value="Resource.id"/><min value="0"/><max value="1"/></base><type><code value="id"/></type><isSummary value="true"/></element><element id="Condition.meta"><path value="Condition.meta"/><short value="Metadata about the resource"/><definition value="The metadata about the resource. This is content that is maintained by the infrastructure. Changes to the content may not always be associated with version changes to the resource."/><min value="0"/><max value="1"/><base><path value="Resource.meta"/><min value="0"/><max value="1"/></base><type><code value="Meta"/></type><isSummary value="true"/></element><element id="Condition.implicitRules"><path value="Condition.implicitRules"/><short value="A set of rules under which this content was created"/><definition value="A reference to a set of rules that were followed when the resource was constructed, and which must be understood when processing the content."/><comment value="Asserting this rule set restricts the content to be only understood by a limited set of trading partners. This inherently limits the usefulness of the data in the long term. However, the existing health eco-system is highly fractured, and not yet ready to define, collect, and exchange data in a generally computable sense. Wherever possible, implementers and/or specification writers should avoid using this element. &#xA;&#xA;This element is labelled as a modifier because the implicit rules may provide additional knowledge about the resource that modifies it&#39;s meaning or interpretation."/><min value="0"/><max value="1"/><base><path value="Resource.implicitRules"/><min value="0"/><max value="1"/></base><type><code value="uri"/></type><isModifier value="true"/><isSummary value="true"/></element><element id="Condition.language"><path value="Condition.language"/><short value="Language of the resource content"/><definition value="The base language in which the resource is written."/><comment value="Language is provided to support indexing and accessibility (typically, services such as text to speech use the language tag). The html language tag in the narrative applies  to the narrative. The language tag on the resource may be used to specify the language of other presentations generated from the data in the resource  Not all the content has to be in the base language. The Resource.language should not be assumed to apply to the narrative automatically. If a language is specified, it should it also be specified on the div element in the html (see rules in HTML5 for information about the relationship between xml:lang and the html lang attribute)."/><min value="0"/><max value="1"/><base><path value="Resource.language"/><min value="0"/><max value="1"/></base><type><code value="code"/></type><binding><extension url="http://hl7.org/fhir/StructureDefinition/elementdefinition-maxValueSet"><valueReference><reference value="http://hl7.org/fhir/ValueSet/all-languages"/></valueReference></extension><extension url="http://hl7.org/fhir/StructureDefinition/elementdefinition-bindingName"><valueString value="Language"/></extension><extension url="http://hl7.org/fhir/StructureDefinition/elementdefinition-isCommonBinding"><valueBoolean value="true"/></extension><strength value="extensible"/><description value="A human language."/><valueSetReference><reference value="http://hl7.org/fhir/ValueSet/languages"/></valueSetReference></binding></element><element id="Condition.text"><path value="Condition.text"/><short value="Text summary of the resource, for human interpretation"/><definition value="A human-readable narrative that contains a summary of the resource, and may be used to represent the content of the resource to a human. The narrative need not encode all the structured data, but is required to contain sufficient detail to make it &quot;clinically safe&quot; for a human to just read the narrative. Resource definitions may define what content should be represented in the narrative to ensure clinical safety."/><comment value="Contained resources do not have narrative. Resources that are not contained SHOULD have a narrative. In some cases, a resource may only have text with little or no additional discrete data (as long as all minOccurs=1 elements are satisfied).  This may be necessary for data from legacy systems where information is captured as a &quot;text blob&quot; or where text is additionally entered raw or narrated and encoded in formation is added later."/><alias value="narrative"/><alias value="html"/><alias value="xhtml"/><alias value="display"/><min value="0"/><max value="1"/><base><path value="DomainResource.text"/><min value="0"/><max value="1"/></base><type><code value="Narrative"/></type><condition value="dom-1"/><mapping><identity value="rim"/><map value="Act.text?"/></mapping></element><element id="Condition.contained"><path value="Condition.contained"/><short value="Contained, inline Resources"/><definition value="These resources do not have an independent existence apart from the resource that contains them - they cannot be identified independently, and nor can they have their own independent transaction scope."/><comment value="This should never be done when the content can be identified properly, as once identification is lost, it is extremely difficult (and context dependent) to restore it again."/><alias value="inline resources"/><alias value="anonymous resources"/><alias value="contained resources"/><min value="0"/><max value="*"/><base><path value="DomainResource.contained"/><min value="0"/><max value="*"/></base><type><code value="Resource"/></type><mapping><identity value="rim"/><map value="N/A"/></mapping></element><element id="Condition.extension"><path value="Condition.extension"/><slicing><discriminator><type value="value"/><path value="url"/></discriminator><rules value="open"/></slicing><short value="Extension"/><definition value="An Extension"/><min value="0"/><max value="*"/><base><path value="DomainResource.extension"/><min value="0"/><max value="*"/></base><type><code value="Extension"/></type></element><element id="Condition.extension:actualProblem"><path value="Condition.extension"/><sliceName value="actualProblem"/><short value="Extension"/><definition value="An Extension"/><min value="0"/><max value="*"/><base><path value="DomainResource.extension"/><min value="0"/><max value="*"/></base><type><code value="Extension"/><profile value="https://fhir.hl7.org.uk/STU3/StructureDefinition/Extension-CareConnect-ActualProblem-1"/></type></element><element id="Condition.extension:relatedProblemHeader"><path value="Condition.extension"/><sliceName value="relatedProblemHeader"/><short value="Extension"/><definition value="An Extension"/><min value="0"/><max value="*"/><base><path value="DomainResource.extension"/><min value="0"/><max value="*"/></base><type><code value="Extension"/><profile value="https://fhir.hl7.org.uk/STU3/StructureDefinition/Extension-CareConnect-RelatedProblemHeader-1"/></type></element><element id="Condition.extension:problemSignificance"><path value="Condition.extension"/><sliceName value="problemSignificance"/><short value="Extension"/><definition value="An Extension"/><min value="0"/><max value="*"/><base><path value="DomainResource.extension"/><min value="0"/><max value="*"/></base><type><code value="Extension"/><profile value="https://fhir.hl7.org.uk/STU3/StructureDefinition/Extension-CareConnect-ProblemSignificance-1"/></type></element><element id="Condition.extension:relatedClinicalContent"><path value="Condition.extension"/><sliceName value="relatedClinicalContent"/><short value="Extension"/><definition value="An Extension"/><min value="0"/><max value="*"/><base><path value="DomainResource.extension"/><min value="0"/><max value="*"/></base><type><code value="Extension"/><profile value="https://fhir.hl7.org.uk/STU3/StructureDefinition/Extension-CareConnect-RelatedClinicalContent-1"/></type></element><element id="Condition.modifierExtension"><path value="Condition.modifierExtension"/><short value="Extensions that cannot be ignored"/><definition value="May be used to represent additional information that is not part of the basic definition of the resource, and that modifies the understanding of the element that contains it. Usually modifier elements provide negation or qualification. In order to make the use of extensions safe and manageable, there is a strict set of governance applied to the definition and use of extensions. Though any implementer is allowed to define an extension, there is a set of requirements that SHALL be met as part of the definition of the extension. Applications processing a resource are required to check for modifier extensions."/><comment value="There can be no stigma associated with the use of extensions by any application, project, or standard - regardless of the institution or jurisdiction that uses or defines the extensions.  The use of extensions is what allows the FHIR specification to retain a core level of simplicity for everyone."/><alias value="extensions"/><alias value="user content"/><min value="0"/><max value="*"/><base><path value="DomainResource.modifierExtension"/><min value="0"/><max value="*"/></base><type><code value="Extension"/></type><isModifier value="true"/><mapping><identity value="rim"/><map value="N/A"/></mapping></element><element id="Condition.identifier"><path value="Condition.identifier"/><short value="External Ids for this condition"/><definition value="This records identifiers associated with this condition that are defined by business processes and/or used to refer to it when a direct URL reference to the resource itself is not appropriate (e.g. in CDA documents, or in written / printed documentation)."/><requirements value="Need to allow connection to a wider workflow."/><min value="0"/><max value="*"/><base><path value="Condition.identifier"/><min value="0"/><max value="*"/></base><type><code value="Identifier"/></type><isSummary value="true"/><mapping><identity value="rim"/><map value=".id"/></mapping><mapping><identity value="w5"/><map value="id"/></mapping></element><element id="Condition.identifier.id"><path value="Condition.identifier.id"/><representation value="xmlAttr"/><short value="xml:id (or equivalent in JSON)"/><definition value="unique id for the element within a resource (for internal references). This may be any string value that does not contain spaces."/><min value="0"/><max value="1"/><base><path value="Element.id"/><min value="0"/><max value="1"/></base><type><code value="string"/></type><mapping><identity value="rim"/><map value="n/a"/></mapping></element><element id="Condition.identifier.extension"><path value="Condition.identifier.extension"/><slicing><discriminator><type value="value"/><path value="url"/></discriminator><description value="Extensions are always sliced by (at least) url"/><rules value="open"/></slicing><short value="Additional Content defined by implementations"/><definition value="May be used to represent additional information that is not part of the basic definition of the element. In order to make the use of extensions safe and manageable, there is a strict set of governance  applied to the definition and use of extensions. Though any implementer is allowed to define an extension, there is a set of requirements that SHALL be met as part of the definition of the extension."/><comment value="There can be no stigma associated with the use of extensions by any application, project, or standard - regardless of the institution or jurisdiction that uses or defines the extensions.  The use of extensions is what allows the FHIR specification to retain a core level of simplicity for everyone."/><alias value="extensions"/><alias value="user content"/><min value="0"/><max value="*"/><base><path value="Element.extension"/><min value="0"/><max value="*"/></base><type><code value="Extension"/></type><mapping><identity value="rim"/><map value="n/a"/></mapping></element><element id="Condition.identifier.use"><path value="Condition.identifier.use"/><short value="usual | official | temp | secondary (If known)"/><definition value="The purpose of this identifier."/><comment value="This is labeled as &quot;Is Modifier&quot; because applications should not mistake a temporary id for a permanent one. Applications can assume that an identifier is permanent unless it explicitly says that it is temporary."/><requirements value="Allows the appropriate identifier for a particular context of use to be selected from among a set of identifiers."/><min value="0"/><max value="1"/><base><path value="Identifier.use"/><min value="0"/><max value="1"/></base><type><code value="code"/></type><isModifier value="true"/><isSummary value="true"/><binding><extension url="http://hl7.org/fhir/StructureDefinition/elementdefinition-bindingName"><valueString value="IdentifierUse"/></extension><strength value="required"/><description value="Identifies the purpose for this identifier, if known ."/><valueSetReference><reference value="http://hl7.org/fhir/ValueSet/identifier-use"/></valueSetReference></binding><mapping><identity value="v2"/><map value="N/A"/></mapping><mapping><identity value="rim"/><map value="Role.code or implied by context"/></mapping></element><element id="Condition.identifier.type"><path value="Condition.identifier.type"/><short value="Description of identifier"/><definition value="A coded type for the identifier that can be used to determine which identifier to use for a specific purpose."/><comment value="This element deals only with general categories of identifiers.  It SHOULD not be used for codes that correspond 1..1 with the Identifier.system. Some identifiers may fall into multiple categories due to common usage. &#xA;&#xA;Where the system is known, a type is unnecessary because the type is always part of the system definition. However systems often need to handle identifiers where the system is not known. There is not a 1:1 relationship between type and system, since many different systems have the same type."/><requirements value="Allows users to make use of identifiers when the identifier system is not known."/><min value="0"/><max value="1"/><base><path value="Identifier.type"/><min value="0"/><max value="1"/></base><type><code value="CodeableConcept"/></type><isSummary value="true"/><binding><extension url="http://hl7.org/fhir/StructureDefinition/elementdefinition-bindingName"><valueString value="IdentifierType"/></extension><extension url="http://hl7.org/fhir/StructureDefinition/elementdefinition-isCommonBinding"><valueBoolean value="true"/></extension><strength value="extensible"/><description value="A coded type for an identifier that can be used to determine which identifier to use for a specific purpose."/><valueSetReference><reference value="http://hl7.org/fhir/ValueSet/identifier-type"/></valueSetReference></binding><mapping><identity value="v2"/><map value="CX.5"/></mapping><mapping><identity value="rim"/><map value="Role.code or implied by context"/></mapping></element><element id="Condition.identifier.system"><path value="Condition.identifier.system"/><short value="The namespace for the identifier value"/><definition value="Establishes the namespace for the value - that is, a URL that describes a set values that are unique."/><requirements value="There are many sets  of identifiers.  To perform matching of two identifiers, we need to know what set we&#39;re dealing with. The system identifies a particular set of unique identifiers."/><min value="1"/><max value="1"/><base><path value="Identifier.system"/><min value="0"/><max value="1"/></base><type><code value="uri"/></type><example><label value="General"/><valueUri value="http://www.acme.com/identifiers/patient or urn:ietf:rfc:3986 if the Identifier.value itself is a full uri"/></example><isSummary value="true"/><mapping><identity value="v2"/><map value="CX.4 / EI-2-4"/></mapping><mapping><identity value="rim"/><map value="II.root or Role.id.root"/></mapping><mapping><identity value="servd"/><map value="./IdentifierType"/></mapping></element><element id="Condition.identifier.value"><path value="Condition.identifier.value"/><short value="The value that is unique"/><definition value="The portion of the identifier typically relevant to the user and which is unique within the context of the system."/><comment value="If the value is a full URI, then the system SHALL be urn:ietf:rfc:3986.  The value&#39;s primary purpose is computational mapping.  As a result, it may be normalized for comparison purposes (e.g. removing non-significant whitespace, dashes, etc.)  A value formatted for human display can be conveyed using the [Rendered Value extension](http://hl7.org/fhir/STU3/extension-rendered-value.html)."/><min value="1"/><max value="1"/><base><path value="Identifier.value"/><min value="0"/><max value="1"/></base><type><code value="string"/></type><example><label value="General"/><valueString value="123456"/></example><isSummary value="true"/><mapping><identity value="v2"/><map value="CX.1 / EI.1"/></mapping><mapping><identity value="rim"/><map value="II.extension or II.root if system indicates OID or GUID (Or Role.id.extension or root)"/></mapping><mapping><identity value="servd"/><map value="./Value"/></mapping></element><element id="Condition.identifier.period"><path value="Condition.identifier.period"/><short value="Time period when id is/was valid for use"/><definition value="Time period during which identifier is/was valid for use."/><min value="0"/><max value="1"/><base><path value="Identifier.period"/><min value="0"/><max value="1"/></base><type><code value="Period"/></type><isSummary value="true"/><mapping><identity value="v2"/><map value="CX.7 + CX.8"/></mapping><mapping><identity value="rim"/><map value="Role.effectiveTime or implied by context"/></mapping><mapping><identity value="servd"/><map value="./StartDate and ./EndDate"/></mapping></element><element id="Condition.identifier.assigner"><path value="Condition.identifier.assigner"/><short value="Organization that issued id (may be just text)"/><definition value="Organization that issued/manages the identifier."/><comment value="The Identifier.assigner may omit the .reference element and only contain a .display element reflecting the name or other textual information about the assigning organization."/><min value="0"/><max value="1"/><base><path value="Identifier.assigner"/><min value="0"/><max value="1"/></base><type><code value="Reference"/><targetProfile value="https://fhir.hl7.org.uk/STU3/StructureDefinition/CareConnect-Organization-1"/></type><isSummary value="true"/><mapping><identity value="v2"/><map value="CX.4 / (CX.4,CX.9,CX.10)"/></mapping><mapping><identity value="rim"/><map value="II.assigningAuthorityName but note that this is an improper use by the definition of the field.  Also Role.scoper"/></mapping><mapping><identity value="servd"/><map value="./IdentifierIssuingAuthority"/></mapping></element><element id="Condition.clinicalStatus"><path value="Condition.clinicalStatus"/><short value="active | inactive"/><definition value="The clinical status of the condition."/><comment value="This element is labeled as a modifier because the status contains codes that mark the condition as not currently valid or of concern."/><min value="0"/><max value="1"/><base><path value="Condition.clinicalStatus"/><min value="0"/><max value="1"/></base><type><code value="code"/></type><condition value="con-3"/><condition value="con-4"/><isModifier value="true"/><isSummary value="true"/><binding><extension url="http://hl7.org/fhir/StructureDefinition/elementdefinition-bindingName"><valueString value="ConditionClinicalStatus"/></extension><strength value="required"/><description value="The clinical status of the condition or diagnosis."/><valueSetReference><reference value="http://hl7.org/fhir/ValueSet/condition-clinical"/></valueSetReference></binding><mapping><identity value="sct-concept"/><map value="&lt; 303105007 |Disease phases|"/></mapping><mapping><identity value="v2"/><map value="PRB-14 / DG1-6"/></mapping><mapping><identity value="rim"/><map value="Observation ACT&#xA;.inboundRelationship[typeCode=COMP].source[classCode=OBS, code=&quot;clinicalStatus&quot;, moodCode=EVN].value"/></mapping><mapping><identity value="w5"/><map value="status"/></mapping></element><element id="Condition.verificationStatus"><path value="Condition.verificationStatus"/><short value="provisional | differential | confirmed | refuted | entered-in-error | unknown"/><definition value="The verification status to support the clinical status of the condition."/><comment value="verificationStatus is not required.  For example, when a patient has abdominal pain in the ED, there is not likely going to be a verification status.&#xA;&#xA;This element is labeled as a modifier because the status contains the code refuted and entered-in-error that mark the Condition as not currently valid."/><min value="0"/><max value="1"/><base><path value="Condition.verificationStatus"/><min value="0"/><max value="1"/></base><type><code value="code"/></type><defaultValueCode value="unknown"/><condition value="con-3"/><isModifier value="true"/><isSummary value="true"/><binding><extension url="http://hl7.org/fhir/StructureDefinition/elementdefinition-bindingName"><valueString value="ConditionVerificationStatus"/></extension><strength value="required"/><description value="The verification status to support or decline the clinical status of the condition or diagnosis."/><valueSetReference><reference value="http://hl7.org/fhir/ValueSet/condition-ver-status"/></valueSetReference></binding><mapping><identity value="sct-concept"/><map value="&lt; 410514004 |Finding context value|"/></mapping><mapping><identity value="v2"/><map value="PRB-13"/></mapping><mapping><identity value="rim"/><map value="Observation ACT&#xA;.inboundRelationship[typeCode=COMP].source[classCode=OBS, code=&quot;verificationStatus&quot;, moodCode=EVN].value"/></mapping><mapping><identity value="sct-attr"/><map value="408729009"/></mapping><mapping><identity value="w5"/><map value="status"/></mapping></element><element id="Condition.category"><path value="Condition.category"/><short value="problem-list-item | encounter-diagnosis | presenting-complaint"/><definition value="A category assigned to the condition."/><comment value="The categorization is often highly contextual and may appear poorly differentiated or not very useful in other contexts."/><min value="1"/><max value="1"/><base><path value="Condition.category"/><min value="0"/><max value="*"/></base><type><code value="CodeableConcept"/></type><binding><extension url="http://hl7.org/fhir/StructureDefinition/elementdefinition-bindingName"><valueString value="ConditionCategory"/></extension><strength value="extensible"/><valueSetReference><reference value="https://fhir.hl7.org.uk/STU3/ValueSet/CareConnect-ConditionCategory-1"/></valueSetReference></binding><mapping><identity value="sct-concept"/><map value="&lt; 404684003 |Clinical finding|"/></mapping><mapping><identity value="v2"/><map value="&#39;problem&#39; if from PRB-3. &#39;diagnosis&#39; if from DG1 segment in PV1 message"/></mapping><mapping><identity value="rim"/><map value=".code"/></mapping><mapping><identity value="w5"/><map value="class"/></mapping></element><element id="Condition.category.id"><path value="Condition.category.id"/><representation value="xmlAttr"/><short value="xml:id (or equivalent in JSON)"/><definition value="unique id for the element within a resource (for internal references). This may be any string value that does not contain spaces."/><min value="0"/><max value="1"/><base><path value="Element.id"/><min value="0"/><max value="1"/></base><type><code value="string"/></type><mapping><identity value="rim"/><map value="n/a"/></mapping></element><element id="Condition.category.extension"><path value="Condition.category.extension"/><slicing><discriminator><type value="value"/><path value="url"/></discriminator><description value="Extensions are always sliced by (at least) url"/><rules value="open"/></slicing><short value="Additional Content defined by implementations"/><definition value="May be used to represent additional information that is not part of the basic definition of the element. In order to make the use of extensions safe and manageable, there is a strict set of governance  applied to the definition and use of extensions. Though any implementer is allowed to define an extension, there is a set of requirements that SHALL be met as part of the definition of the extension."/><comment value="There can be no stigma associated with the use of extensions by any application, project, or standard - regardless of the institution or jurisdiction that uses or defines the extensions.  The use of extensions is what allows the FHIR specification to retain a core level of simplicity for everyone."/><alias value="extensions"/><alias value="user content"/><min value="0"/><max value="*"/><base><path value="Element.extension"/><min value="0"/><max value="*"/></base><type><code value="Extension"/></type><mapping><identity value="rim"/><map value="n/a"/></mapping></element><element id="Condition.category.coding"><path value="Condition.category.coding"/><short value="Code defined by a terminology system"/><definition value="A reference to a code defined by a terminology system."/><comment value="Codes may be defined very casually in enumerations, or code lists, up to very formal definitions such as SNOMED CT - see the HL7 v3 Core Principles for more information.  Ordering of codings is undefined and SHALL NOT be used to infer meaning. Generally, at most only one of the coding values will be labeled as UserSelected = true."/><requirements value="Allows for translations and alternate encodings within a code system.  Also supports communication of the same instance to systems requiring different encodings."/><min value="0"/><max value="*"/><base><path value="CodeableConcept.coding"/><min value="0"/><max value="*"/></base><type><code value="Coding"/></type><isSummary value="true"/><mapping><identity value="v2"/><map value="C*E.1-8, C*E.10-22"/></mapping><mapping><identity value="rim"/><map value="union(., ./translation)"/></mapping><mapping><identity value="orim"/><map value="fhir:CodeableConcept.coding rdfs:subPropertyOf dt:CD.coding"/></mapping></element><element id="Condition.category.coding.id"><path value="Condition.category.coding.id"/><representation value="xmlAttr"/><short value="xml:id (or equivalent in JSON)"/><definition value="unique id for the element within a resource (for internal references). This may be any string value that does not contain spaces."/><min value="0"/><max value="1"/><base><path value="Element.id"/><min value="0"/><max value="1"/></base><type><code value="string"/></type><mapping><identity value="rim"/><map value="n/a"/></mapping></element><element id="Condition.category.coding.extension"><path value="Condition.category.coding.extension"/><slicing><discriminator><type value="value"/><path value="url"/></discriminator><description value="Extensions are always sliced by (at least) url"/><rules value="open"/></slicing><short value="Additional Content defined by implementations"/><definition value="May be used to represent additional information that is not part of the basic definition of the element. In order to make the use of extensions safe and manageable, there is a strict set of governance  applied to the definition and use of extensions. Though any implementer is allowed to define an extension, there is a set of requirements that SHALL be met as part of the definition of the extension."/><comment value="There can be no stigma associated with the use of extensions by any application, project, or standard - regardless of the institution or jurisdiction that uses or defines the extensions.  The use of extensions is what allows the FHIR specification to retain a core level of simplicity for everyone."/><alias value="extensions"/><alias value="user content"/><min value="0"/><max value="*"/><base><path value="Element.extension"/><min value="0"/><max value="*"/></base><type><code value="Extension"/></type><mapping><identity value="rim"/><map value="n/a"/></mapping></element><element id="Condition.category.coding.system"><path value="Condition.category.coding.system"/><short value="Identity of the terminology system"/><definition value="The identification of the code system that defines the meaning of the symbol in the code."/><comment value="The URI may be an OID (urn:oid:...) or a UUID (urn:uuid:...).  OIDs and UUIDs SHALL be references to the HL7 OID registry. Otherwise, the URI should come from HL7&#39;s list of FHIR defined special URIs or it should de-reference to some definition that establish the system clearly and unambiguously."/><requirements value="Need to be unambiguous about the source of the definition of the symbol."/><min value="1"/><max value="1"/><base><path value="Coding.system"/><min value="0"/><max value="1"/></base><type><code value="uri"/></type><fixedUri value="https://fhir.hl7.org.uk/STU3/CodeSystem/CareConnect-ConditionCategory-1"/><isSummary value="true"/><mapping><identity value="v2"/><map value="C*E.3"/></mapping><mapping><identity value="rim"/><map value="./codeSystem"/></mapping><mapping><identity value="orim"/><map value="fhir:Coding.system rdfs:subPropertyOf dt:CDCoding.codeSystem"/></mapping></element><element id="Condition.category.coding.version"><path value="Condition.category.coding.version"/><short value="Version of the system - if relevant"/><definition value="The version of the code system which was used when choosing this code. Note that a well-maintained code system does not need the version reported, because the meaning of codes is consistent across versions. However this cannot consistently be assured. and when the meaning is not guaranteed to be consistent, the version SHOULD be exchanged."/><comment value="Where the terminology does not clearly define what string should be used to identify code system versions, the recommendation is to use the date (expressed in FHIR date format) on which that version was officially published as the version date."/><min value="0"/><max value="1"/><base><path value="Coding.version"/><min value="0"/><max value="1"/></base><type><code value="string"/></type><isSummary value="true"/><mapping><identity value="v2"/><map value="C*E.7"/></mapping><mapping><identity value="rim"/><map value="./codeSystemVersion"/></mapping><mapping><identity value="orim"/><map value="fhir:Coding.version rdfs:subPropertyOf dt:CDCoding.codeSystemVersion"/></mapping></element><element id="Condition.category.coding.code"><path value="Condition.category.coding.code"/><short value="Symbol in syntax defined by the system"/><definition value="A symbol in syntax defined by the system. The symbol may be a predefined code or an expression in a syntax defined by the coding system (e.g. post-coordination)."/><requirements value="Need to refer to a particular code in the system."/><min value="1"/><max value="1"/><base><path value="Coding.code"/><min value="0"/><max value="1"/></base><type><code value="code"/></type><fixedCode value="problem-list-item"/><isSummary value="true"/><mapping><identity value="v2"/><map value="C*E.1"/></mapping><mapping><identity value="rim"/><map value="./code"/></mapping><mapping><identity value="orim"/><map value="fhir:Coding.code rdfs:subPropertyOf dt:CDCoding.code"/></mapping></element><element id="Condition.category.coding.display"><extension url="http://hl7.org/fhir/StructureDefinition/elementdefinition-translatable"><valueBoolean value="true"/></extension><path value="Condition.category.coding.display"/><short value="Representation defined by the system"/><definition value="A representation of the meaning of the code in the system, following the rules of the system."/><requirements value="Need to be able to carry a human-readable meaning of the code for readers that do not know  the system."/><min value="1"/><max value="1"/><base><path value="Coding.display"/><min value="0"/><max value="1"/></base><type><code value="string"/></type><fixedString value=" Problem List Item"/><isSummary value="true"/><mapping><identity value="v2"/><map value="C*E.2 - but note this is not well followed"/></mapping><mapping><identity value="rim"/><map value="CV.displayName"/></mapping><mapping><identity value="orim"/><map value="fhir:Coding.display rdfs:subPropertyOf dt:CDCoding.displayName"/></mapping></element><element id="Condition.category.coding.userSelected"><path value="Condition.category.coding.userSelected"/><short value="If this coding was chosen directly by the user"/><definition value="Indicates that this coding was chosen by a user directly - i.e. off a pick list of available items (codes or displays)."/><comment value="Amongst a set of alternatives, a directly chosen code is the most appropriate starting point for new translations. There is some ambiguity about what exactly &#39;directly chosen&#39; implies, and trading partner agreement may be needed to clarify the use of this element and its consequences more completely."/><requirements value="This has been identified as a clinical safety criterium - that this exact system/code pair was chosen explicitly, rather than inferred by the system based on some rules or language processing."/><min value="0"/><max value="1"/><base><path value="Coding.userSelected"/><min value="0"/><max value="1"/></base><type><code value="boolean"/></type><isSummary value="true"/><mapping><identity value="v2"/><map value="Sometimes implied by being first"/></mapping><mapping><identity value="rim"/><map value="CD.codingRationale"/></mapping><mapping><identity value="orim"/><map value="fhir:Coding.userSelected fhir:mapsTo dt:CDCoding.codingRationale. fhir:Coding.userSelected fhir:hasMap fhir:Coding.userSelected.map. fhir:Coding.userSelected.map a fhir:Map;   fhir:target dt:CDCoding.codingRationale. fhir:Coding.userSelected\#true a [     fhir:source &quot;true&quot;;     fhir:target dt:CDCoding.codingRationale\#O   ]"/></mapping></element><element id="Condition.category.text"><extension url="http://hl7.org/fhir/StructureDefinition/elementdefinition-translatable"><valueBoolean value="true"/></extension><path value="Condition.category.text"/><short value="Plain text representation of the concept"/><definition value="A human language representation of the concept as seen/selected/uttered by the user who entered the data and/or which represents the intended meaning of the user."/><comment value="Very often the text is the same as a displayName of one of the codings."/><requirements value="The codes from the terminologies do not always capture the correct meaning with all the nuances of the human using them, or sometimes there is no appropriate code at all. In these cases, the text is used to capture the full meaning of the source."/><min value="0"/><max value="1"/><base><path value="CodeableConcept.text"/><min value="0"/><max value="1"/></base><type><code value="string"/></type><isSummary value="true"/><mapping><identity value="v2"/><map value="C*E.9. But note many systems use C*E.2 for this"/></mapping><mapping><identity value="rim"/><map value="./originalText[mediaType/code=&quot;text/plain&quot;]/data"/></mapping><mapping><identity value="orim"/><map value="fhir:CodeableConcept.text rdfs:subPropertyOf dt:CD.originalText"/></mapping></element><element id="Condition.severity"><path value="Condition.severity"/><short value="Subjective severity of condition"/><definition value="A subjective assessment of the severity of the condition as evaluated by the clinician."/><comment value="Coding of the severity with a terminology is preferred, where possible."/><min value="0"/><max value="0"/><base><path value="Condition.severity"/><min value="0"/><max value="1"/></base><type><code value="CodeableConcept"/></type><binding><extension url="http://hl7.org/fhir/StructureDefinition/elementdefinition-bindingName"><valueString value="ConditionSeverity"/></extension><strength value="preferred"/><description value="A subjective assessment of the severity of the condition as evaluated by the clinician."/><valueSetReference><reference value="http://hl7.org/fhir/ValueSet/condition-severity"/></valueSetReference></binding><mapping><identity value="sct-concept"/><map value="&lt; 272141005 |Severities|"/></mapping><mapping><identity value="v2"/><map value="PRB-26 / ABS-3"/></mapping><mapping><identity value="rim"/><map value="Can be pre/post-coordinated into value.  Or ./inboundRelationship[typeCode=SUBJ].source[classCode=OBS, moodCode=EVN, code=&quot;severity&quot;].value"/></mapping><mapping><identity value="sct-attr"/><map value="246112005"/></mapping><mapping><identity value="w5"/><map value="grade"/></mapping></element><element id="Condition.code"><path value="Condition.code"/><short value="Identification of the condition, problem or diagnosis"/><definition value="Identification of the condition, problem or diagnosis."/><requirements value="0..1 to account for primarily narrative only resources."/><alias value="type"/><min value="0"/><max value="1"/><base><path value="Condition.code"/><min value="0"/><max value="1"/></base><type><code value="CodeableConcept"/></type><isSummary value="true"/><binding><extension url="http://hl7.org/fhir/StructureDefinition/elementdefinition-bindingName"><valueString value="ConditionKind"/></extension><strength value="example"/><description value="Identification of the condition or diagnosis."/><valueSetReference><reference value="http://hl7.org/fhir/ValueSet/condition-code"/></valueSetReference></binding><mapping><identity value="sct-concept"/><map value="code 246090004 |Associated finding| (&lt; 404684003 |Clinical finding| MINUS&#xA;&lt;&lt; 420134006 |Propensity to adverse reactions| MINUS &#xA;&lt;&lt; 473010000 |Hypersensitivity condition| MINUS &#xA;&lt;&lt; 79899007 |Drug interaction| MINUS&#xA;&lt;&lt; 69449002 |Drug action| MINUS &#xA;&lt;&lt; 441742003 |Evaluation finding| MINUS &#xA;&lt;&lt; 307824009 |Administrative status| MINUS &#xA;&lt;&lt; 385356007 |Tumor stage finding|) &#xA;OR &lt; 413350009 |Finding with explicit context|&#xA;OR &lt; 272379006 |Event|"/></mapping><mapping><identity value="v2"/><map value="PRB-3"/></mapping><mapping><identity value="rim"/><map value=".value"/></mapping><mapping><identity value="sct-attr"/><map value="246090004"/></mapping><mapping><identity value="w5"/><map value="what"/></mapping></element><element id="Condition.code.id"><path value="Condition.code.id"/><representation value="xmlAttr"/><short value="xml:id (or equivalent in JSON)"/><definition value="unique id for the element within a resource (for internal references). This may be any string value that does not contain spaces."/><min value="0"/><max value="1"/><base><path value="Element.id"/><min value="0"/><max value="1"/></base><type><code value="string"/></type><mapping><identity value="rim"/><map value="n/a"/></mapping></element><element id="Condition.code.extension"><path value="Condition.code.extension"/><slicing><discriminator><type value="value"/><path value="url"/></discriminator><description value="Extensions are always sliced by (at least) url"/><rules value="open"/></slicing><short value="Additional Content defined by implementations"/><definition value="May be used to represent additional information that is not part of the basic definition of the element. In order to make the use of extensions safe and manageable, there is a strict set of governance  applied to the definition and use of extensions. Though any implementer is allowed to define an extension, there is a set of requirements that SHALL be met as part of the definition of the extension."/><comment value="There can be no stigma associated with the use of extensions by any application, project, or standard - regardless of the institution or jurisdiction that uses or defines the extensions.  The use of extensions is what allows the FHIR specification to retain a core level of simplicity for everyone."/><alias value="extensions"/><alias value="user content"/><min value="0"/><max value="*"/><base><path value="Element.extension"/><min value="0"/><max value="*"/></base><type><code value="Extension"/></type><mapping><identity value="rim"/><map value="n/a"/></mapping></element><element id="Condition.code.coding"><path value="Condition.code.coding"/><slicing><discriminator><type value="value"/><path value="system"/></discriminator><ordered value="false"/><rules value="open"/></slicing><short value="Code defined by a terminology system"/><definition value="A reference to a code defined by a terminology system."/><comment value="Codes may be defined very casually in enumerations, or code lists, up to very formal definitions such as SNOMED CT - see the HL7 v3 Core Principles for more information.  Ordering of codings is undefined and SHALL NOT be used to infer meaning. Generally, at most only one of the coding values will be labeled as UserSelected = true."/><requirements value="Allows for translations and alternate encodings within a code system.  Also supports communication of the same instance to systems requiring different encodings."/><min value="0"/><max value="*"/><base><path value="CodeableConcept.coding"/><min value="0"/><max value="*"/></base><type><code value="Coding"/></type><isSummary value="true"/><mapping><identity value="v2"/><map value="C*E.1-8, C*E.10-22"/></mapping><mapping><identity value="rim"/><map value="union(., ./translation)"/></mapping><mapping><identity value="orim"/><map value="fhir:CodeableConcept.coding rdfs:subPropertyOf dt:CD.coding"/></mapping></element><element id="Condition.code.coding:snomedCT"><path value="Condition.code.coding"/><sliceName value="snomedCT"/><short value="Code defined by a terminology system"/><definition value="A reference to a code defined by a terminology system."/><comment value="Codes may be defined very casually in enumerations, or code lists, up to very formal definitions such as SNOMED CT - see the HL7 v3 Core Principles for more information.  Ordering of codings is undefined and SHALL NOT be used to infer meaning. Generally, at most only one of the coding values will be labeled as UserSelected = true."/><requirements value="Allows for translations and alternate encodings within a code system.  Also supports communication of the same instance to systems requiring different encodings."/><min value="0"/><max value="1"/><base><path value="CodeableConcept.coding"/><min value="0"/><max value="*"/></base><type><code value="Coding"/></type><isSummary value="true"/><binding><strength value="required"/><description value="A code from the SNOMED Clinical Terminology UK"/><valueSetReference><reference value="https://fhir.hl7.org.uk/STU3/ValueSet/CareConnect-ConditionCode-1"/></valueSetReference></binding><mapping><identity value="v2"/><map value="C*E.1-8, C*E.10-22"/></mapping><mapping><identity value="rim"/><map value="union(., ./translation)"/></mapping><mapping><identity value="orim"/><map value="fhir:CodeableConcept.coding rdfs:subPropertyOf dt:CD.coding"/></mapping></element><element id="Condition.code.coding:snomedCT.id"><path value="Condition.code.coding.id"/><representation value="xmlAttr"/><short value="xml:id (or equivalent in JSON)"/><definition value="unique id for the element within a resource (for internal references). This may be any string value that does not contain spaces."/><min value="0"/><max value="1"/><base><path value="Element.id"/><min value="0"/><max value="1"/></base><type><code value="string"/></type><mapping><identity value="rim"/><map value="n/a"/></mapping></element><element id="Condition.code.coding:snomedCT.extension"><path value="Condition.code.coding.extension"/><slicing><discriminator><type value="value"/><path value="url"/></discriminator><description value="Extensions are always sliced by (at least) url"/><rules value="open"/></slicing><short value="Extension"/><definition value="An Extension"/><min value="0"/><max value="*"/><base><path value="Element.extension"/><min value="0"/><max value="*"/></base><type><code value="Extension"/></type></element><element id="Condition.code.coding:snomedCT.extension:snomedCTDescriptionID"><path value="Condition.code.coding.extension"/><sliceName value="snomedCTDescriptionID"/><short value="Extension"/><definition value="An Extension"/><min value="0"/><max value="*"/><base><path value="Element.extension"/><min value="0"/><max value="*"/></base><type><code value="Extension"/><profile value="https://fhir.hl7.org.uk/STU3/StructureDefinition/Extension-coding-sctdescid"/></type></element><element id="Condition.code.coding:snomedCT.extension:snomedCTDescriptionID.id"><path value="Condition.code.coding.extension.id"/><representation value="xmlAttr"/><short value="xml:id (or equivalent in JSON)"/><definition value="unique id for the element within a resource (for internal references). This may be any string value that does not contain spaces."/><min value="0"/><max value="1"/><base><path value="Element.id"/><min value="0"/><max value="1"/></base><type><code value="string"/></type><mapping><identity value="rim"/><map value="n/a"/></mapping></element><element id="Condition.code.coding:snomedCT.extension:snomedCTDescriptionID.extension"><path value="Condition.code.coding.extension.extension"/><slicing><discriminator><type value="value"/><path value="url"/></discriminator><description value="Extensions are always sliced by (at least) url"/><rules value="open"/></slicing><short value="Additional Content defined by implementations"/><definition value="May be used to represent additional information that is not part of the basic definition of the element. In order to make the use of extensions safe and manageable, there is a strict set of governance  applied to the definition and use of extensions. Though any implementer is allowed to define an extension, there is a set of requirements that SHALL be met as part of the definition of the extension."/><comment value="There can be no stigma associated with the use of extensions by any application, project, or standard - regardless of the institution or jurisdiction that uses or defines the extensions.  The use of extensions is what allows the FHIR specification to retain a core level of simplicity for everyone."/><alias value="extensions"/><alias value="user content"/><min value="0"/><max value="*"/><base><path value="Element.extension"/><min value="0"/><max value="*"/></base><type><code value="Extension"/></type><mapping><identity value="rim"/><map value="n/a"/></mapping></element><element id="Condition.code.coding:snomedCT.extension:snomedCTDescriptionID.url"><path value="Condition.code.coding.extension.url"/><representation value="xmlAttr"/><short value="identifies the meaning of the extension"/><definition value="Source of the definition for the extension code - a logical name or a URL."/><comment value="The definition may point directly to a computable or human-readable definition of the extensibility codes, or it may be a logical URI as declared in some other specification. The definition SHALL be a URI for the Structure Definition defining the extension."/><min value="1"/><max value="1"/><base><path value="Extension.url"/><min value="1"/><max value="1"/></base><type><code value="uri"/></type><mapping><identity value="rim"/><map value="N/A"/></mapping></element><element id="Condition.code.coding:snomedCT.extension:snomedCTDescriptionID.value[x]"><path value="Condition.code.coding.extension.value[x]"/><short value="Value of extension"/><definition value="Value of extension - may be a resource or one of a constrained set of the data types (see Extensibility in the spec for list)."/><min value="0"/><max value="1"/><base><path value="Extension.value[x]"/><min value="0"/><max value="1"/></base><type><code value="base64Binary"/></type><type><code value="boolean"/></type><type><code value="code"/></type><type><code value="date"/></type><type><code value="dateTime"/></type><type><code value="decimal"/></type><type><code value="id"/></type><type><code value="instant"/></type><type><code value="integer"/></type><type><code value="markdown"/></type><type><code value="oid"/></type><type><code value="positiveInt"/></type><type><code value="string"/></type><type><code value="time"/></type><type><code value="unsignedInt"/></type><type><code value="uri"/></type><type><code value="Address"/></type><type><code value="Age"/></type><type><code value="Annotation"/></type><type><code value="Attachment"/></type><type><code value="CodeableConcept"/></type><type><code value="Coding"/></type><type><code value="ContactPoint"/></type><type><code value="Count"/></type><type><code value="Distance"/></type><type><code value="Duration"/></type><type><code value="HumanName"/></type><type><code value="Identifier"/></type><type><code value="Money"/></type><type><code value="Period"/></type><type><code value="Quantity"/></type><type><code value="Range"/></type><type><code value="Ratio"/></type><type><code value="Reference"/></type><type><code value="SampledData"/></type><type><code value="Signature"/></type><type><code value="Timing"/></type><type><code value="Meta"/></type><mapping><identity value="rim"/><map value="N/A"/></mapping></element><element id="Condition.code.coding:snomedCT.system"><path value="Condition.code.coding.system"/><short value="Identity of the terminology system"/><definition value="The identification of the code system that defines the meaning of the symbol in the code."/><comment value="The URI may be an OID (urn:oid:...) or a UUID (urn:uuid:...).  OIDs and UUIDs SHALL be references to the HL7 OID registry. Otherwise, the URI should come from HL7&#39;s list of FHIR defined special URIs or it should de-reference to some definition that establish the system clearly and unambiguously."/><requirements value="Need to be unambiguous about the source of the definition of the symbol."/><min value="1"/><max value="1"/><base><path value="Coding.system"/><min value="0"/><max value="1"/></base><type><code value="uri"/></type><fixedUri value="http://snomed.info/sct"/><isSummary value="true"/><mapping><identity value="v2"/><map value="C*E.3"/></mapping><mapping><identity value="rim"/><map value="./codeSystem"/></mapping><mapping><identity value="orim"/><map value="fhir:Coding.system rdfs:subPropertyOf dt:CDCoding.codeSystem"/></mapping></element><element id="Condition.code.coding:snomedCT.version"><path value="Condition.code.coding.version"/><short value="Version of the system - if relevant"/><definition value="The version of the code system which was used when choosing this code. Note that a well-maintained code system does not need the version reported, because the meaning of codes is consistent across versions. However this cannot consistently be assured. and when the meaning is not guaranteed to be consistent, the version SHOULD be exchanged."/><comment value="Where the terminology does not clearly define what string should be used to identify code system versions, the recommendation is to use the date (expressed in FHIR date format) on which that version was officially published as the version date."/><min value="0"/><max value="0"/><base><path value="Coding.version"/><min value="0"/><max value="1"/></base><type><code value="string"/></type><isSummary value="true"/><mapping><identity value="v2"/><map value="C*E.7"/></mapping><mapping><identity value="rim"/><map value="./codeSystemVersion"/></mapping><mapping><identity value="orim"/><map value="fhir:Coding.version rdfs:subPropertyOf dt:CDCoding.codeSystemVersion"/></mapping></element><element id="Condition.code.coding:snomedCT.code"><path value="Condition.code.coding.code"/><short value="Symbol in syntax defined by the system"/><definition value="A symbol in syntax defined by the system. The symbol may be a predefined code or an expression in a syntax defined by the coding system (e.g. post-coordination)."/><requirements value="Need to refer to a particular code in the system."/><min value="1"/><max value="1"/><base><path value="Coding.code"/><min value="0"/><max value="1"/></base><type><code value="code"/></type><isSummary value="true"/><mapping><identity value="v2"/><map value="C*E.1"/></mapping><mapping><identity value="rim"/><map value="./code"/></mapping><mapping><identity value="orim"/><map value="fhir:Coding.code rdfs:subPropertyOf dt:CDCoding.code"/></mapping></element><element id="Condition.code.coding:snomedCT.display"><extension url="http://hl7.org/fhir/StructureDefinition/elementdefinition-translatable"><valueBoolean value="true"/></extension><path value="Condition.code.coding.display"/><short value="Representation defined by the system"/><definition value="A representation of the meaning of the code in the system, following the rules of the system."/><requirements value="Need to be able to carry a human-readable meaning of the code for readers that do not know  the system."/><min value="1"/><max value="1"/><base><path value="Coding.display"/><min value="0"/><max value="1"/></base><type><code value="string"/></type><isSummary value="true"/><mapping><identity value="v2"/><map value="C*E.2 - but note this is not well followed"/></mapping><mapping><identity value="rim"/><map value="CV.displayName"/></mapping><mapping><identity value="orim"/><map value="fhir:Coding.display rdfs:subPropertyOf dt:CDCoding.displayName"/></mapping></element><element id="Condition.code.coding:snomedCT.userSelected"><path value="Condition.code.coding.userSelected"/><short value="If this coding was chosen directly by the user"/><definition value="Indicates that this coding was chosen by a user directly - i.e. off a pick list of available items (codes or displays)."/><comment value="Amongst a set of alternatives, a directly chosen code is the most appropriate starting point for new translations. There is some ambiguity about what exactly &#39;directly chosen&#39; implies, and trading partner agreement may be needed to clarify the use of this element and its consequences more completely."/><requirements value="This has been identified as a clinical safety criterium - that this exact system/code pair was chosen explicitly, rather than inferred by the system based on some rules or language processing."/><min value="0"/><max value="1"/><base><path value="Coding.userSelected"/><min value="0"/><max value="1"/></base><type><code value="boolean"/></type><isSummary value="true"/><mapping><identity value="v2"/><map value="Sometimes implied by being first"/></mapping><mapping><identity value="rim"/><map value="CD.codingRationale"/></mapping><mapping><identity value="orim"/><map value="fhir:Coding.userSelected fhir:mapsTo dt:CDCoding.codingRationale. fhir:Coding.userSelected fhir:hasMap fhir:Coding.userSelected.map. fhir:Coding.userSelected.map a fhir:Map;   fhir:target dt:CDCoding.codingRationale. fhir:Coding.userSelected\#true a [     fhir:source &quot;true&quot;;     fhir:target dt:CDCoding.codingRationale\#O   ]"/></mapping></element><element id="Condition.code.text"><extension url="http://hl7.org/fhir/StructureDefinition/elementdefinition-translatable"><valueBoolean value="true"/></extension><path value="Condition.code.text"/><short value="Plain text representation of the concept"/><definition value="A human language representation of the concept as seen/selected/uttered by the user who entered the data and/or which represents the intended meaning of the user."/><comment value="Very often the text is the same as a displayName of one of the codings."/><requirements value="The codes from the terminologies do not always capture the correct meaning with all the nuances of the human using them, or sometimes there is no appropriate code at all. In these cases, the text is used to capture the full meaning of the source."/><min value="0"/><max value="1"/><base><path value="CodeableConcept.text"/><min value="0"/><max value="1"/></base><type><code value="string"/></type><isSummary value="true"/><mapping><identity value="v2"/><map value="C*E.9. But note many systems use C*E.2 for this"/></mapping><mapping><identity value="rim"/><map value="./originalText[mediaType/code=&quot;text/plain&quot;]/data"/></mapping><mapping><identity value="orim"/><map value="fhir:CodeableConcept.text rdfs:subPropertyOf dt:CD.originalText"/></mapping></element><element id="Condition.bodySite"><path value="Condition.bodySite"/><short value="Anatomical location, if relevant"/><definition value="The anatomical location where this condition manifests itself."/><comment value="Only used if not implicit in code found in Condition.code. If the use case requires attributes from the BodySite resource (e.g. to identify and track separately) then use the standard extension [body-site-instance](http://hl7.org/fhir/STU3/extension-body-site-instance.html).  May be a summary code, or a reference to a very precise definition of the location, or both."/><min value="0"/><max value="0"/><base><path value="Condition.bodySite"/><min value="0"/><max value="*"/></base><type><code value="CodeableConcept"/></type><isSummary value="true"/><binding><extension url="http://hl7.org/fhir/StructureDefinition/elementdefinition-bindingName"><valueString value="BodySite"/></extension><strength value="example"/><description value="Codes describing anatomical locations. May include laterality."/><valueSetReference><reference value="http://hl7.org/fhir/ValueSet/body-site"/></valueSetReference></binding><mapping><identity value="sct-concept"/><map value="&lt; 442083009  |Anatomical or acquired body structure|"/></mapping><mapping><identity value="rim"/><map value=".targetBodySiteCode"/></mapping><mapping><identity value="sct-attr"/><map value="363698007"/></mapping></element><element id="Condition.subject"><path value="Condition.subject"/><short value="Who has the condition?"/><definition value="Indicates the patient or group who the condition record is associated with."/><requirements value="Group is typically used for veterinary or public health use cases."/><alias value="patient"/><min value="1"/><max value="1"/><base><path value="Condition.subject"/><min value="1"/><max value="1"/></base><type><code value="Reference"/><targetProfile value="http://hl7.org/fhir/StructureDefinition/Group"/></type><type><code value="Reference"/><targetProfile value="https://fhir.hl7.org.uk/STU3/StructureDefinition/CareConnect-Patient-1"/></type><isSummary value="true"/><mapping><identity value="v2"/><map value="PID-3"/></mapping><mapping><identity value="rim"/><map value=".participation[typeCode=SBJ].role[classCode=PAT]"/></mapping><mapping><identity value="w5"/><map value="who.focus"/></mapping></element><element id="Condition.context"><path value="Condition.context"/><short value="Encounter or episode when condition first asserted"/><definition value="Encounter during which the condition was first asserted."/><comment value="This record indicates the encounter this particular record is associated with.  In the case of a &quot;new&quot; diagnosis reflecting ongoing/revised information about the condition, this might be distinct from the first encounter in which the underlying condition was first &quot;known&quot;."/><alias value="encounter"/><min value="0"/><max value="1"/><base><path value="Condition.context"/><min value="0"/><max value="1"/></base><type><code value="Reference"/><targetProfile value="https://fhir.hl7.org.uk/STU3/StructureDefinition/CareConnect-EpisodeOfCare-1"/></type><type><code value="Reference"/><targetProfile value="https://fhir.hl7.org.uk/STU3/StructureDefinition/CareConnect-Encounter-1"/></type><isSummary value="true"/><mapping><identity value="v2"/><map value="PV1-19 (+PV1-54)"/></mapping><mapping><identity value="rim"/><map value=".inboundRelationship[typeCode=COMP].source[classCode=ENC, moodCode=EVN]"/></mapping><mapping><identity value="w5"/><map value="context"/></mapping></element><element id="Condition.onset[x]"><path value="Condition.onset[x]"/><short value="Estimated or actual date,  date-time, or age"/><definition value="Estimated or actual date or date-time  the condition began, in the opinion of the clinician."/><comment value="Age is generally used when the patient reports an age at which the Condition began to occur."/><min value="0"/><max value="1"/><base><path value="Condition.onset[x]"/><min value="0"/><max value="1"/></base><type><code value="dateTime"/></type><type><code value="Age"/></type><type><code value="Period"/></type><type><code value="Range"/></type><type><code value="string"/></type><isSummary value="true"/><mapping><identity value="v2"/><map value="PRB-16"/></mapping><mapping><identity value="rim"/><map value=".effectiveTime.low or .inboundRelationship[typeCode=SUBJ].source[classCode=OBS, moodCode=EVN, code=&quot;age at onset&quot;].value"/></mapping><mapping><identity value="w5"/><map value="when.init"/></mapping></element><element id="Condition.abatement[x]"><path value="Condition.abatement[x]"/><short value="If/when in resolution/remission"/><definition value="The date or estimated date that the condition resolved or went into remission. This is called &quot;abatement&quot; because of the many overloaded connotations associated with &quot;remission&quot; or &quot;resolution&quot; - Conditions are never really resolved, but they can abate."/><comment value="There is no explicit distinction between resolution and remission because in many cases the distinction is not clear. Age is generally used when the patient reports an age at which the Condition abated.  If there is no abatement element, it is unknown whether the condition has resolved or entered remission; applications and users should generally assume that the condition is still valid.  When abatementString exists, it implies the condition is abated."/><min value="0"/><max value="1"/><base><path value="Condition.abatement[x]"/><min value="0"/><max value="1"/></base><type><code value="dateTime"/></type><type><code value="Age"/></type><type><code value="boolean"/></type><type><code value="Period"/></type><type><code value="Range"/></type><type><code value="string"/></type><condition value="con-4"/><mapping><identity value="rim"/><map value=".effectiveTime.high or .inboundRelationship[typeCode=SUBJ].source[classCode=OBS, moodCode=EVN, code=&quot;age at remission&quot;].value or .inboundRelationship[typeCode=SUBJ]source[classCode=CONC, moodCode=EVN].status=completed"/></mapping><mapping><identity value="w5"/><map value="when.done"/></mapping></element><element id="Condition.assertedDate"><path value="Condition.assertedDate"/><short value="Date record was believed accurate"/><definition value="The date on which the existance of the Condition was first asserted or acknowledged."/><comment value="The assertedDate represents the date when this particular Condition record was created in the EHR, not the date of the most recent update in terms of when severity, abatement, etc. were specified. &#xA0;The date of the last record modification can be retrieved from the resource metadata."/><min value="0"/><max value="1"/><base><path value="Condition.assertedDate"/><min value="0"/><max value="1"/></base><type><code value="dateTime"/></type><isSummary value="true"/><mapping><identity value="v2"/><map value="REL-11"/></mapping><mapping><identity value="rim"/><map value=".participation[typeCode=AUT].time"/></mapping><mapping><identity value="w5"/><map value="when.recorded"/></mapping></element><element id="Condition.asserter"><path value="Condition.asserter"/><short value="Person who asserts this condition"/><definition value="Individual who is making the condition statement."/><min value="0"/><max value="1"/><base><path value="Condition.asserter"/><min value="0"/><max value="1"/></base><type><code value="Reference"/><targetProfile value="https://fhir.hl7.org.uk/STU3/StructureDefinition/CareConnect-RelatedPerson-1"/></type><type><code value="Reference"/><targetProfile value="https://fhir.hl7.org.uk/STU3/StructureDefinition/CareConnect-Patient-1"/></type><type><code value="Reference"/><targetProfile value="https://fhir.hl7.org.uk/STU3/StructureDefinition/CareConnect-Practitioner-1"/></type><isSummary value="true"/><mapping><identity value="v2"/><map value="REL-7.1 identifier + REL-7.12 type code"/></mapping><mapping><identity value="rim"/><map value=".participation[typeCode=AUT].role"/></mapping><mapping><identity value="w5"/><map value="who.author"/></mapping></element><element id="Condition.stage"><path value="Condition.stage"/><short value="Stage/grade, usually assessed formally"/><definition value="Clinical stage or grade of a condition. May include formal severity assessments."/><min value="0"/><max value="0"/><base><path value="Condition.stage"/><min value="0"/><max value="1"/></base><type><code value="BackboneElement"/></type><constraint><key value="ele-1"/><severity value="error"/><human value="All FHIR elements must have a @value or children"/><expression value="hasValue() | (children().count() &gt; id.count())"/><xpath value="@value|f:*|h:div"/><source value="Element"/></constraint><constraint><key value="con-1"/><severity value="error"/><human value="Stage SHALL have summary or assessment"/><expression value="summary.exists() or assessment.exists()"/><xpath value="exists(f:summary) or exists(f:assessment)"/><source value="Condition.stage"/></constraint><mapping><identity value="rim"/><map value="./inboundRelationship[typeCode=SUBJ].source[classCode=OBS, moodCode=EVN, code=&quot;stage/grade&quot;]"/></mapping></element><element id="Condition.stage.id"><path value="Condition.stage.id"/><representation value="xmlAttr"/><short value="xml:id (or equivalent in JSON)"/><definition value="unique id for the element within a resource (for internal references). This may be any string value that does not contain spaces."/><min value="0"/><max value="1"/><base><path value="Element.id"/><min value="0"/><max value="1"/></base><type><code value="string"/></type><mapping><identity value="rim"/><map value="n/a"/></mapping></element><element id="Condition.stage.extension"><path value="Condition.stage.extension"/><short value="Additional Content defined by implementations"/><definition value="May be used to represent additional information that is not part of the basic definition of the element. In order to make the use of extensions safe and manageable, there is a strict set of governance  applied to the definition and use of extensions. Though any implementer is allowed to define an extension, there is a set of requirements that SHALL be met as part of the definition of the extension."/><comment value="There can be no stigma associated with the use of extensions by any application, project, or standard - regardless of the institution or jurisdiction that uses or defines the extensions.  The use of extensions is what allows the FHIR specification to retain a core level of simplicity for everyone."/><alias value="extensions"/><alias value="user content"/><min value="0"/><max value="*"/><base><path value="Element.extension"/><min value="0"/><max value="*"/></base><type><code value="Extension"/></type><mapping><identity value="rim"/><map value="n/a"/></mapping></element><element id="Condition.stage.modifierExtension"><path value="Condition.stage.modifierExtension"/><short value="Extensions that cannot be ignored"/><definition value="May be used to represent additional information that is not part of the basic definition of the element, and that modifies the understanding of the element that contains it. Usually modifier elements provide negation or qualification. In order to make the use of extensions safe and manageable, there is a strict set of governance applied to the definition and use of extensions. Though any implementer is allowed to define an extension, there is a set of requirements that SHALL be met as part of the definition of the extension. Applications processing a resource are required to check for modifier extensions."/><comment value="There can be no stigma associated with the use of extensions by any application, project, or standard - regardless of the institution or jurisdiction that uses or defines the extensions.  The use of extensions is what allows the FHIR specification to retain a core level of simplicity for everyone."/><alias value="extensions"/><alias value="user content"/><alias value="modifiers"/><min value="0"/><max value="*"/><base><path value="BackboneElement.modifierExtension"/><min value="0"/><max value="*"/></base><type><code value="Extension"/></type><isModifier value="true"/><isSummary value="true"/><mapping><identity value="rim"/><map value="N/A"/></mapping></element><element id="Condition.stage.summary"><path value="Condition.stage.summary"/><short value="Simple summary (disease specific)"/><definition value="A simple summary of the stage such as &quot;Stage 3&quot;. The determination of the stage is disease-specific."/><min value="0"/><max value="1"/><base><path value="Condition.stage.summary"/><min value="0"/><max value="1"/></base><type><code value="CodeableConcept"/></type><condition value="con-1"/><binding><extension url="http://hl7.org/fhir/StructureDefinition/elementdefinition-bindingName"><valueString value="ConditionStage"/></extension><strength value="example"/><description value="Codes describing condition stages (e.g. Cancer stages)."/><valueSetReference><reference value="http://hl7.org/fhir/ValueSet/condition-stage"/></valueSetReference></binding><mapping><identity value="sct-concept"/><map value="&lt; 254291000 |Staging and scales|"/></mapping><mapping><identity value="v2"/><map value="PRB-14"/></mapping><mapping><identity value="rim"/><map value=".value"/></mapping></element><element id="Condition.stage.assessment"><path value="Condition.stage.assessment"/><short value="Formal record of assessment"/><definition value="Reference to a formal record of the evidence on which the staging assessment is based."/><min value="0"/><max value="*"/><base><path value="Condition.stage.assessment"/><min value="0"/><max value="*"/></base><type><code value="Reference"/><targetProfile value="http://hl7.org/fhir/StructureDefinition/ClinicalImpression"/></type><type><code value="Reference"/><targetProfile value="http://hl7.org/fhir/StructureDefinition/DiagnosticReport"/></type><type><code value="Reference"/><targetProfile value="http://hl7.org/fhir/StructureDefinition/Observation"/></type><condition value="con-1"/><mapping><identity value="rim"/><map value=".self"/></mapping></element><element id="Condition.evidence"><path value="Condition.evidence"/><short value="Supporting evidence"/><definition value="Supporting Evidence / manifestations that are the basis on which this condition is suspected or confirmed."/><comment value="The evidence may be a simple list of coded symptoms/manifestations, or references to observations or formal assessments, or both."/><min value="0"/><max value="0"/><base><path value="Condition.evidence"/><min value="0"/><max value="*"/></base><type><code value="BackboneElement"/></type><constraint><key value="ele-1"/><severity value="error"/><human value="All FHIR elements must have a @value or children"/><expression value="hasValue() | (children().count() &gt; id.count())"/><xpath value="@value|f:*|h:div"/><source value="Element"/></constraint><constraint><key value="con-2"/><severity value="error"/><human value="evidence SHALL have code or details"/><expression value="code.exists() or detail.exists()"/><xpath value="exists(f:code) or exists(f:detail)"/><source value="Condition.evidence"/></constraint><mapping><identity value="rim"/><map value=".outboundRelationship[typeCode=SPRT].target[classCode=OBS, moodCode=EVN]"/></mapping></element><element id="Condition.evidence.id"><path value="Condition.evidence.id"/><representation value="xmlAttr"/><short value="xml:id (or equivalent in JSON)"/><definition value="unique id for the element within a resource (for internal references). This may be any string value that does not contain spaces."/><min value="0"/><max value="1"/><base><path value="Element.id"/><min value="0"/><max value="1"/></base><type><code value="string"/></type><mapping><identity value="rim"/><map value="n/a"/></mapping></element><element id="Condition.evidence.extension"><path value="Condition.evidence.extension"/><short value="Additional Content defined by implementations"/><definition value="May be used to represent additional information that is not part of the basic definition of the element. In order to make the use of extensions safe and manageable, there is a strict set of governance  applied to the definition and use of extensions. Though any implementer is allowed to define an extension, there is a set of requirements that SHALL be met as part of the definition of the extension."/><comment value="There can be no stigma associated with the use of extensions by any application, project, or standard - regardless of the institution or jurisdiction that uses or defines the extensions.  The use of extensions is what allows the FHIR specification to retain a core level of simplicity for everyone."/><alias value="extensions"/><alias value="user content"/><min value="0"/><max value="*"/><base><path value="Element.extension"/><min value="0"/><max value="*"/></base><type><code value="Extension"/></type><mapping><identity value="rim"/><map value="n/a"/></mapping></element><element id="Condition.evidence.modifierExtension"><path value="Condition.evidence.modifierExtension"/><short value="Extensions that cannot be ignored"/><definition value="May be used to represent additional information that is not part of the basic definition of the element, and that modifies the understanding of the element that contains it. Usually modifier elements provide negation or qualification. In order to make the use of extensions safe and manageable, there is a strict set of governance applied to the definition and use of extensions. Though any implementer is allowed to define an extension, there is a set of requirements that SHALL be met as part of the definition of the extension. Applications processing a resource are required to check for modifier extensions."/><comment value="There can be no stigma associated with the use of extensions by any application, project, or standard - regardless of the institution or jurisdiction that uses or defines the extensions.  The use of extensions is what allows the FHIR specification to retain a core level of simplicity for everyone."/><alias value="extensions"/><alias value="user content"/><alias value="modifiers"/><min value="0"/><max value="*"/><base><path value="BackboneElement.modifierExtension"/><min value="0"/><max value="*"/></base><type><code value="Extension"/></type><isModifier value="true"/><isSummary value="true"/><mapping><identity value="rim"/><map value="N/A"/></mapping></element><element id="Condition.evidence.code"><path value="Condition.evidence.code"/><short value="Manifestation/symptom"/><definition value="A manifestation or symptom that led to the recording of this condition."/><min value="0"/><max value="*"/><base><path value="Condition.evidence.code"/><min value="0"/><max value="*"/></base><type><code value="CodeableConcept"/></type><condition value="con-2"/><isSummary value="true"/><binding><extension url="http://hl7.org/fhir/StructureDefinition/elementdefinition-bindingName"><valueString value="ManifestationOrSymptom"/></extension><strength value="example"/><description value="Codes that describe the manifestation or symptoms of a condition."/><valueSetReference><reference value="http://hl7.org/fhir/ValueSet/manifestation-or-symptom"/></valueSetReference></binding><mapping><identity value="sct-concept"/><map value="&lt; 404684003 |Clinical finding|"/></mapping><mapping><identity value="rim"/><map value="[code=&quot;diagnosis&quot;].value"/></mapping><mapping><identity value="w5"/><map value="why"/></mapping></element><element id="Condition.evidence.detail"><path value="Condition.evidence.detail"/><short value="Supporting information found elsewhere"/><definition value="Links to other relevant information, including pathology reports."/><min value="0"/><max value="*"/><base><path value="Condition.evidence.detail"/><min value="0"/><max value="*"/></base><type><code value="Reference"/><targetProfile value="http://hl7.org/fhir/StructureDefinition/Resource"/></type><condition value="con-2"/><isSummary value="true"/><mapping><identity value="rim"/><map value=".self"/></mapping><mapping><identity value="w5"/><map value="why"/></mapping></element><element id="Condition.note"><path value="Condition.note"/><short value="Additional information about the Condition"/><definition value="Additional information about the Condition. This is a general notes/comments entry  for description of the Condition, its diagnosis and prognosis."/><min value="0"/><max value="*"/><base><path value="Condition.note"/><min value="0"/><max value="*"/></base><type><code value="Annotation"/></type><mapping><identity value="v2"/><map value="NTE child of PRB"/></mapping><mapping><identity value="rim"/><map value=".inboundRelationship[typeCode=SUBJ].source[classCode=OBS, moodCode=EVN, code=&quot;annotation&quot;].value"/></mapping></element><element id="Condition.note.id"><path value="Condition.note.id"/><representation value="xmlAttr"/><short value="xml:id (or equivalent in JSON)"/><definition value="unique id for the element within a resource (for internal references). This may be any string value that does not contain spaces."/><min value="0"/><max value="1"/><base><path value="Element.id"/><min value="0"/><max value="1"/></base><type><code value="string"/></type><mapping><identity value="rim"/><map value="n/a"/></mapping></element><element id="Condition.note.extension"><path value="Condition.note.extension"/><slicing><discriminator><type value="value"/><path value="url"/></discriminator><description value="Extensions are always sliced by (at least) url"/><rules value="open"/></slicing><short value="Additional Content defined by implementations"/><definition value="May be used to represent additional information that is not part of the basic definition of the element. In order to make the use of extensions safe and manageable, there is a strict set of governance  applied to the definition and use of extensions. Though any implementer is allowed to define an extension, there is a set of requirements that SHALL be met as part of the definition of the extension."/><comment value="There can be no stigma associated with the use of extensions by any application, project, or standard - regardless of the institution or jurisdiction that uses or defines the extensions.  The use of extensions is what allows the FHIR specification to retain a core level of simplicity for everyone."/><alias value="extensions"/><alias value="user content"/><min value="0"/><max value="*"/><base><path value="Element.extension"/><min value="0"/><max value="*"/></base><type><code value="Extension"/></type><mapping><identity value="rim"/><map value="n/a"/></mapping></element><element id="Condition.note.author[x]"><path value="Condition.note.author[x]"/><short value="Individual responsible for the annotation"/><definition value="The individual responsible for making the annotation."/><min value="0"/><max value="1"/><base><path value="Annotation.author[x]"/><min value="0"/><max value="1"/></base><type><code value="Reference"/><targetProfile value="https://fhir.hl7.org.uk/STU3/StructureDefinition/CareConnect-RelatedPerson-1"/></type><type><code value="Reference"/><targetProfile value="https://fhir.hl7.org.uk/STU3/StructureDefinition/CareConnect-Practitioner-1"/></type><type><code value="Reference"/><targetProfile value="https://fhir.hl7.org.uk/STU3/StructureDefinition/CareConnect-Patient-1"/></type><type><code value="string"/></type><isSummary value="true"/><mapping><identity value="v2"/><map value="N/A"/></mapping><mapping><identity value="rim"/><map value="Act.participant[typeCode=AUT].role"/></mapping></element><element id="Condition.note.time"><path value="Condition.note.time"/><short value="When the annotation was made"/><definition value="Indicates when this particular annotation was made."/><min value="0"/><max value="1"/><base><path value="Annotation.time"/><min value="0"/><max value="1"/></base><type><code value="dateTime"/></type><isSummary value="true"/><mapping><identity value="v2"/><map value="N/A"/></mapping><mapping><identity value="rim"/><map value="Act.effectiveTime"/></mapping></element><element id="Condition.note.text"><path value="Condition.note.text"/><short value="The annotation  - text content"/><definition value="The text of the annotation."/><min value="1"/><max value="1"/><base><path value="Annotation.text"/><min value="1"/><max value="1"/></base><type><code value="string"/></type><mapping><identity value="v2"/><map value="N/A"/></mapping><mapping><identity value="rim"/><map value="Act.text"/></mapping></element></snapshot><differential><element id="Condition.extension"><path value="Condition.extension"/><slicing><discriminator><type value="value"/><path value="url"/></discriminator><rules value="open"/></slicing></element><element id="Condition.extension:actualProblem"><path value="Condition.extension"/><sliceName value="actualProblem"/><type><code value="Extension"/><profile value="https://fhir.hl7.org.uk/STU3/StructureDefinition/Extension-CareConnect-ActualProblem-1"/></type></element><element id="Condition.extension:relatedProblemHeader"><path value="Condition.extension"/><sliceName value="relatedProblemHeader"/><type><code value="Extension"/><profile value="https://fhir.hl7.org.uk/STU3/StructureDefinition/Extension-CareConnect-RelatedProblemHeader-1"/></type></element><element id="Condition.extension:problemSignificance"><path value="Condition.extension"/><sliceName value="problemSignificance"/><type><code value="Extension"/><profile value="https://fhir.hl7.org.uk/STU3/StructureDefinition/Extension-CareConnect-ProblemSignificance-1"/></type></element><element id="Condition.extension:relatedClinicalContent"><path value="Condition.extension"/><sliceName value="relatedClinicalContent"/><type><code value="Extension"/><profile value="https://fhir.hl7.org.uk/STU3/StructureDefinition/Extension-CareConnect-RelatedClinicalContent-1"/></type></element><element id="Condition.identifier.system"><path value="Condition.identifier.system"/><min value="1"/></element><element id="Condition.identifier.value"><path value="Condition.identifier.value"/><min value="1"/></element><element id="Condition.identifier.assigner"><path value="Condition.identifier.assigner"/><type><code value="Reference"/><targetProfile value="https://fhir.hl7.org.uk/STU3/StructureDefinition/CareConnect-Organization-1"/></type></element><element id="Condition.clinicalStatus"><path value="Condition.clinicalStatus"/><short value="active | inactive"/></element><element id="Condition.category"><path value="Condition.category"/><short value="problem-list-item | encounter-diagnosis | presenting-complaint"/><min value="1"/><max value="1"/><binding><extension url="http://hl7.org/fhir/StructureDefinition/elementdefinition-bindingName"><valueString value="ConditionCategory"/></extension><strength value="extensible"/><valueSetReference><reference value="https://fhir.hl7.org.uk/STU3/ValueSet/CareConnect-ConditionCategory-1"/></valueSetReference></binding></element><element id="Condition.category.coding.system"><path value="Condition.category.coding.system"/><min value="1"/><fixedUri value="https://fhir.hl7.org.uk/STU3/CodeSystem/CareConnect-ConditionCategory-1"/></element><element id="Condition.category.coding.code"><path value="Condition.category.coding.code"/><min value="1"/><fixedCode value="problem-list-item"/></element><element id="Condition.category.coding.display"><extension url="http://hl7.org/fhir/StructureDefinition/elementdefinition-translatable"><valueBoolean value="true"/></extension><path value="Condition.category.coding.display"/><min value="1"/><fixedString value=" Problem List Item"/></element><element id="Condition.severity"><path value="Condition.severity"/><max value="0"/></element><element id="Condition.code.coding"><path value="Condition.code.coding"/><slicing><discriminator><type value="value"/><path value="system"/></discriminator><ordered value="false"/><rules value="open"/></slicing></element><element id="Condition.code.coding:snomedCT"><path value="Condition.code.coding"/><sliceName value="snomedCT"/><max value="1"/><binding><strength value="required"/><description value="A code from the SNOMED Clinical Terminology UK"/><valueSetReference><reference value="https://fhir.hl7.org.uk/STU3/ValueSet/CareConnect-ConditionCode-1"/></valueSetReference></binding></element><element id="Condition.code.coding:snomedCT.extension"><path value="Condition.code.coding.extension"/><slicing><discriminator><type value="value"/><path value="url"/></discriminator><rules value="open"/></slicing></element><element id="Condition.code.coding:snomedCT.extension:snomedCTDescriptionID"><path value="Condition.code.coding.extension"/><sliceName value="snomedCTDescriptionID"/><type><code value="Extension"/><profile value="https://fhir.hl7.org.uk/STU3/StructureDefinition/Extension-coding-sctdescid"/></type></element><element id="Condition.code.coding:snomedCT.system"><path value="Condition.code.coding.system"/><min value="1"/><fixedUri value="http://snomed.info/sct"/></element><element id="Condition.code.coding:snomedCT.version"><path value="Condition.code.coding.version"/><max value="0"/></element><element id="Condition.code.coding:snomedCT.code"><path value="Condition.code.coding.code"/><min value="1"/></element><element id="Condition.code.coding:snomedCT.display"><extension url="http://hl7.org/fhir/StructureDefinition/elementdefinition-translatable"><valueBoolean value="true"/></extension><path value="Condition.code.coding.display"/><min value="1"/></element><element id="Condition.bodySite"><path value="Condition.bodySite"/><max value="0"/></element><element id="Condition.subject"><path value="Condition.subject"/><type><code value="Reference"/><targetProfile value="http://hl7.org/fhir/StructureDefinition/Group"/></type><type><code value="Reference"/><targetProfile value="https://fhir.hl7.org.uk/STU3/StructureDefinition/CareConnect-Patient-1"/></type></element><element id="Condition.context"><path value="Condition.context"/><type><code value="Reference"/><targetProfile value="https://fhir.hl7.org.uk/STU3/StructureDefinition/CareConnect-EpisodeOfCare-1"/></type><type><code value="Reference"/><targetProfile value="https://fhir.hl7.org.uk/STU3/StructureDefinition/CareConnect-Encounter-1"/></type></element><element id="Condition.asserter"><path value="Condition.asserter"/><type><code value="Reference"/><targetProfile value="https://fhir.hl7.org.uk/STU3/StructureDefinition/CareConnect-RelatedPerson-1"/></type><type><code value="Reference"/><targetProfile value="https://fhir.hl7.org.uk/STU3/StructureDefinition/CareConnect-Patient-1"/></type><type><code value="Reference"/><targetProfile value="https://fhir.hl7.org.uk/STU3/StructureDefinition/CareConnect-Practitioner-1"/></type></element><element id="Condition.stage"><path value="Condition.stage"/><max value="0"/></element><element id="Condition.evidence"><path value="Condition.evidence"/><max value="0"/></element><element id="Condition.note.author[x]"><path value="Condition.note.author[x]"/><type><code value="Reference"/><targetProfile value="https://fhir.hl7.org.uk/STU3/StructureDefinition/CareConnect-RelatedPerson-1"/></type><type><code value="Reference"/><targetProfile value="https://fhir.hl7.org.uk/STU3/StructureDefinition/CareConnect-Practitioner-1"/></type><type><code value="Reference"/><targetProfile value="https://fhir.hl7.org.uk/STU3/StructureDefinition/CareConnect-Patient-1"/></type><type><code value="string"/></type></element></differential></StructureDefinition>