<?xml version="1.0" encoding="UTF-8"?><ValueSet xmlns="http://hl7.org/fhir"><id value="ValueSet-CareConnect-PrescribedElsewhere-1"/><text><status value="generated"/><div xmlns="http://www.w3.org/1999/xhtml"><h2>Care Connect Prescribed Elsewhere</h2><div><p>A ValueSet to identify the type of organisation/setting responsible for authorising and issuing medication outside of a GP system.</p>
</div><p><b>Copyright Statement:</b> Copyright &#xA9; 2016 HL7 UK</p><p>This value set includes codes from the following code systems:</p><ul><li>Include all codes defined in <a href="CodeSystem-CareConnect-PrescribedElsewhere-1.html"><code>https://fhir.hl7.org.uk/STU3/CodeSystem/CareConnect-PrescribedElsewhere-1</code></a></li></ul></div></text><url value="https://fhir.hl7.org.uk/STU3/ValueSet/CareConnect-PrescribedElsewhere-1"/><version value="1.0.0"/><name value="Care Connect Prescribed Elsewhere"/><status value="draft"/><date value="2018-05-14T01:00:00+01:00"/><publisher value="HL7 UK"/><description value="A ValueSet to identify the type of organisation/setting responsible for authorising and issuing medication outside of a GP system."/><copyright value="Copyright &#xA9; 2016 HL7 UK"/><compose><include><system value="https://fhir.hl7.org.uk/STU3/CodeSystem/CareConnect-PrescribedElsewhere-1"/></include></compose></ValueSet>