<?xml version="1.0" encoding="UTF-8"?><ValueSet xmlns="http://hl7.org/fhir"><id value="ValueSet-CareConnect-VaccineCode-1"/><text><status value="generated"/><div xmlns="http://www.w3.org/1999/xhtml"><h2>Care Connect Vaccine Code</h2><div><p>A code from the SNOMED Clinical Terminology UK coding system to record a vaccine or a null flavor value.</p>
</div><p><b>Copyright Statement:</b> This value set includes content from SNOMED CT, which is copyright &#xA9; 2002+ International Health Terminology Standards Development Organisation (IHTSDO), and distributed by agreement between IHTSDO and HL7. Implementer use of SNOMED CT is not covered by this agreement.</p><p>This value set includes codes from the following code systems:</p><ul><li>Include codes from <a href="http://www.snomed.org/"><code>http://snomed.info/sct</code></a> where concept  in  999000811000001105, concept  in  12465201000001105, concept  in  999000831000001104, concept  in  999000841000001106 and concept  in  999000821000001101</li><li>Include codes from <a href="http://hl7.org/fhir/STU3/v3/NullFlavor/cs.html"><code>http://hl7.org/fhir/v3/NullFlavor</code></a> where concept  =  <a href="http://hl7.org/fhir/STU3/v3/NullFlavor/cs.html#v3-NullFlavor-NAVU">NAVU</a>, concept  =  <a href="http://hl7.org/fhir/STU3/v3/NullFlavor/cs.html#v3-NullFlavor-UNC">UNC</a>, concept  =  <a href="http://hl7.org/fhir/STU3/v3/NullFlavor/cs.html#v3-NullFlavor-UNK">UNK</a> and concept  =  <a href="http://hl7.org/fhir/STU3/v3/NullFlavor/cs.html#v3-NullFlavor-NA">NA</a></li></ul></div></text><url value="https://fhir.hl7.org.uk/STU3/ValueSet/CareConnect-VaccineCode-1"/><version value="1.0.0"/><name value="Care Connect Vaccine Code"/><status value="draft"/><date value="2018-05-04T01:00:00+01:00"/><publisher value="HL7 UK"/><description value="A code from the SNOMED Clinical Terminology UK coding system to record a vaccine or a null flavor value."/><copyright value="This value set includes content from SNOMED CT, which is copyright &#xA9; 2002+ International Health Terminology Standards Development Organisation (IHTSDO), and distributed by agreement between IHTSDO and HL7. Implementer use of SNOMED CT is not covered by this agreement."/><compose><include><system value="http://snomed.info/sct"/><filter><property value="concept"/><op value="in"/><value value="999000811000001105"/></filter><filter><property value="concept"/><op value="in"/><value value="12465201000001105"/></filter><filter><property value="concept"/><op value="in"/><value value="999000831000001104"/></filter><filter><property value="concept"/><op value="in"/><value value="999000841000001106"/></filter><filter><property value="concept"/><op value="in"/><value value="999000821000001101"/></filter></include><include><system value="http://hl7.org/fhir/v3/NullFlavor"/><filter><property value="concept"/><op value="="/><value value="NAVU"/></filter><filter><property value="concept"/><op value="="/><value value="UNC"/></filter><filter><property value="concept"/><op value="="/><value value="UNK"/></filter><filter><property value="concept"/><op value="="/><value value="NA"/></filter></include></compose></ValueSet>