<?xml version="1.0" encoding="UTF-8"?><ValueSet xmlns="http://hl7.org/fhir"><id value="ValueSet-CareConnect-MedicationFlag-1"/><text><status value="generated"/><div xmlns="http://www.w3.org/1999/xhtml"><h2>Care Connect Medication Flag</h2><div><p>A ValueSet to identify detail codes for flagged medication issues.</p>
</div><p><b>Copyright Statement:</b> Copyright &#xA9; 2016 HL7 UK</p><p>This value set includes codes from the following code systems:</p><ul><li>Include all codes defined in <a href="CodeSystem-CareConnect-MedicationFlag-1.html"><code>https://fhir.hl7.org.uk/STU3/CodeSystem/CareConnect-MedicationFlag-1</code></a></li></ul></div></text><url value="https://fhir.hl7.org.uk/STU3/ValueSet/CareConnect-MedicationFlag-1"/><version value="1.0.0"/><name value="Care Connect Medication Flag"/><status value="draft"/><date value="2017-08-01T01:00:00+01:00"/><publisher value="HL7 UK"/><description value="A ValueSet to identify detail codes for flagged medication issues."/><copyright value="Copyright &#xA9; 2016 HL7 UK"/><compose><include><system value="https://fhir.hl7.org.uk/STU3/CodeSystem/CareConnect-MedicationFlag-1"/></include></compose></ValueSet>