<?xml version="1.0" encoding="UTF-8"?><ValueSet xmlns="http://hl7.org/fhir"><id value="ValueSet-CareConnect-MedicationForm-1"/><text><status value="generated"/><div xmlns="http://www.w3.org/1999/xhtml"><h2>Care Connect Medication Form</h2><div><p>A code from the SNOMED Clinical Terminology UK coding system that describes a medication dose form. These will form part of the NHS dm+d. Any code from the SNOMED CT UK &#39;NHS dm+d Dose Form&#39; subset with subset original id 837201000001137; the corresponding SNOMED CT UK Refset fully specified name is &#39;National Health Service dictionary of medicines and devices dose form simple reference set (foundation metadata concept)&#39; with Refset Id 999000781000001107.</p>
</div><p><b>Copyright Statement:</b> This value set includes content from SNOMED CT, which is copyright &#xA9; 2002+ International Health Terminology Standards Development Organisation (IHTSDO), and distributed by agreement between IHTSDO and HL7. Implementer use of SNOMED CT is not covered by this agreement.</p><p>This value set includes codes from the following code systems:</p><ul><li>Include codes from <a href="http://www.snomed.org/"><code>http://snomed.info/sct</code></a> where constraint  =  ^999000781000001107 |NHS dm+d (dictionary of medicines and devices) dose form simple reference set|</li></ul></div></text><url value="https://fhir.hl7.org.uk/STU3/ValueSet/CareConnect-MedicationForm-1"/><version value="1.1.0"/><name value="Care Connect Medication Form"/><status value="draft"/><date value="2018-11-01T00:00:00+00:00"/><publisher value="HL7 UK"/><description value="A code from the SNOMED Clinical Terminology UK coding system that describes a medication dose form. These will form part of the NHS dm+d. Any code from the SNOMED CT UK &#39;NHS dm+d Dose Form&#39; subset with subset original id 837201000001137; the corresponding SNOMED CT UK Refset fully specified name is &#39;National Health Service dictionary of medicines and devices dose form simple reference set (foundation metadata concept)&#39; with Refset Id 999000781000001107."/><copyright value="This value set includes content from SNOMED CT, which is copyright &#xA9; 2002+ International Health Terminology Standards Development Organisation (IHTSDO), and distributed by agreement between IHTSDO and HL7. Implementer use of SNOMED CT is not covered by this agreement."/><compose><include><system value="http://snomed.info/sct"/><filter><property value="constraint"/><op value="="/><value value="^999000781000001107 |NHS dm+d (dictionary of medicines and devices) dose form simple reference set|"/></filter></include></compose></ValueSet>