<?xml version="1.0" encoding="UTF-8"?><ValueSet xmlns="http://hl7.org/fhir"><id value="ValueSet-CareConnect-NHSDataDictionary-PersonMaritalStatus-1"/><text><status value="generated"/><div xmlns="http://www.w3.org/1999/xhtml"><h2>NHS Data Model and Dictionary Person Marital Status Code</h2><div><p>An indicator to identify the legal marital status of a Person.</p>
</div><p><b>Copyright Statement:</b> Copyright &#xA9; 2016 HL7 UK</p><p>This value set includes codes from the following code systems:</p><ul><li>Include all codes defined in <a href="CodeSystem-CareConnect-NHSDataDictionary-PersonMaritalStatus-1.html"><code>https://fhir.hl7.org.uk/STU3/CodeSystem/CareConnect-NHSDataDictionary-PersonMaritalStatus-1</code></a></li></ul></div></text><extension url="http://hl7.org/fhir/StructureDefinition/valueset-sourceReference"><valueUri value="http://www.datadictionary.nhs.uk/data_dictionary/attributes/p/person/person_marital_status_code_de.asp?shownav=1"/></extension><url value="https://fhir.hl7.org.uk/STU3/ValueSet/CareConnect-NHSDataDictionary-PersonMaritalStatus-1"/><version value="1.0.0"/><name value="NHS Data Model and Dictionary Person Marital Status Code"/><status value="active"/><date value="2016-08-03T00:00:00+01:00"/><publisher value="HL7 UK"/><description value="An indicator to identify the legal marital status of a Person."/><copyright value="Copyright &#xA9; 2016 HL7 UK"/><compose><include><system value="https://fhir.hl7.org.uk/STU3/CodeSystem/CareConnect-NHSDataDictionary-PersonMaritalStatus-1"/></include></compose></ValueSet>