<?xml version="1.0" encoding="UTF-8"?><ValueSet xmlns="http://hl7.org/fhir"><id value="ValueSet-CareConnect-EncounterType-1"/><text><status value="generated"/><div xmlns="http://www.w3.org/1999/xhtml"><h2>Care Connect Encounter Type</h2><div><p>A code from the SNOMED Clinical Terminology UK coding system that describes an encounter between a care professional and the patient (or patient&#39;s record).</p>
</div><p><b>Copyright Statement:</b> This value set includes content from SNOMED CT, which is copyright &#xA9; 2002+ International Health Terminology Standards Development Organisation (IHTSDO), and distributed by agreement between IHTSDO and HL7. Implementer use of SNOMED CT is not covered by this agreement.</p><p>This value set includes codes from the following code systems:</p><ul><li>Include codes from <a href="http://www.snomed.org/"><code>http://snomed.info/sct</code></a> where constraint  =  &lt;&lt;185316007 OR &lt;&lt;308467007 OR &lt;&lt;185201007</li></ul></div></text><url value="https://fhir.hl7.org.uk/STU3/ValueSet/CareConnect-EncounterType-1"/><version value="1.1.0"/><name value="Care Connect Encounter Type"/><status value="draft"/><date value="2018-11-21T00:00:00+00:00"/><publisher value="HL7 UK"/><description value="A code from the SNOMED Clinical Terminology UK coding system that describes an encounter between a care professional and the patient (or patient&#39;s record)."/><copyright value="This value set includes content from SNOMED CT, which is copyright &#xA9; 2002+ International Health Terminology Standards Development Organisation (IHTSDO), and distributed by agreement between IHTSDO and HL7. Implementer use of SNOMED CT is not covered by this agreement."/><compose><include><system value="http://snomed.info/sct"/><filter><property value="constraint"/><op value="="/><value value="&lt;&lt;185316007 OR &lt;&lt;308467007 OR &lt;&lt;185201007"/></filter></include></compose></ValueSet>