<?xml version="1.0" encoding="UTF-8"?><ValueSet xmlns="http://hl7.org/fhir"><id value="ValueSet-CareConnect-TreatmentCategory-1"/><text><status value="generated"/><div xmlns="http://www.w3.org/1999/xhtml"><h2>Care Connect Treatment Category</h2><div><p>A ValueSet that identifies the treatment category for this patient.</p>
</div><p><b>Copyright Statement:</b> Copyright &#xA9; 2016 HL7 UK</p><p>This value set includes codes from the following code systems:</p><ul><li>Include all codes defined in <a href="CodeSystem-CareConnect-TreatmentCategory-1.html"><code>https://fhir.hl7.org.uk/STU3/CodeSystem/CareConnect-TreatmentCategory-1</code></a></li></ul></div></text><url value="https://fhir.hl7.org.uk/STU3/ValueSet/CareConnect-TreatmentCategory-1"/><version value="1.1.0"/><name value="Care Connect Treatment Category"/><status value="draft"/><date value="2018-11-02T00:00:00+00:00"/><publisher value="HL7 UK"/><description value="A ValueSet that identifies the treatment category for this patient."/><copyright value="Copyright &#xA9; 2016 HL7 UK"/><compose><include><system value="https://fhir.hl7.org.uk/STU3/CodeSystem/CareConnect-TreatmentCategory-1"/></include></compose></ValueSet>