<?xml version="1.0" encoding="UTF-8"?><ValueSet xmlns="http://hl7.org/fhir"><id value="ValueSet-CareConnect-ProblemSignificance-1"/><text><status value="generated"/><div xmlns="http://www.w3.org/1999/xhtml"><h2>Care Connect Problem Significance</h2><div><p>A code to record the significance of a Problem Header Condition.</p>
</div><p><b>Copyright Statement:</b> Copyright &#xA9; 2016 HL7 UK</p><p>This value set includes codes from the following code systems:</p><ul><li>Include all codes defined in <a href="CodeSystem-CareConnect-ProblemSignificance-1.html"><code>https://fhir.hl7.org.uk/STU3/CodeSystem/CareConnect-ProblemSignificance-1</code></a></li></ul></div></text><url value="https://fhir.hl7.org.uk/STU3/ValueSet/CareConnect-ProblemSignificance-1"/><version value="1.0.0"/><name value="Care Connect Problem Significance"/><status value="draft"/><date value="2018-04-16T01:00:00+01:00"/><publisher value="HL7 UK"/><description value="A code to record the significance of a Problem Header Condition."/><copyright value="Copyright &#xA9; 2016 HL7 UK"/><compose><include><system value="https://fhir.hl7.org.uk/STU3/CodeSystem/CareConnect-ProblemSignificance-1"/></include></compose></ValueSet>