<?xml version="1.0" encoding="UTF-8"?>

<AllergyIntolerance xmlns="http://hl7.org/fhir">
  <id value="CareConnect-AllergyIntolerance-Example-1"/>
  <meta>
    <profile value="https://fhir.hl7.org.uk/STU3/StructureDefinition/CareConnect-AllergyIntolerance-1"/>
  </meta>
  <text>
    <status value="generated"/><div xmlns="http://www.w3.org/1999/xhtml"><p><b>Generated Narrative with Details</b></p><p><b>id</b>: CareConnect-AllergyIntolerance-Example-1</p><p><b>meta</b>: </p><p><b>clinicalStatus</b>: active</p><p><b>verificationStatus</b>: confirmed</p><p><b>patient</b>: <a href="CareConnect-Patient-Example-1.html">Generated Summary: id: CareConnect-Patient-Example-1; 6105551234; Richard SMITH (OFFICIAL)</a></p><p><b>assertedDate</b>: 11-Sep-2019 14:46:00</p></div>
  </text>
  <clinicalStatus value="active"/>
  <verificationStatus value="confirmed"/>
  <patient>
    <reference value="Patient/CareConnect-Patient-Example-1"/>
  </patient>
  <assertedDate value="2019-09-11T13:46:00+00:00"/>
</AllergyIntolerance>