{
  "resourceType": "AllergyIntolerance",
  "id": "CareConnect-AllergyIntolerance-Example-1",
  "meta": {
    "profile": [
      "https://fhir.hl7.org.uk/STU3/StructureDefinition/CareConnect-AllergyIntolerance-1"
    ]
  },
  "text": {
    "status": "generated",
    "div": "<div xmlns=\"http://www.w3.org/1999/xhtml\"><p><b>Generated Narrative with Details</b></p><p><b>id</b>: CareConnect-AllergyIntolerance-Example-1</p><p><b>meta</b>: </p><p><b>clinicalStatus</b>: active</p><p><b>verificationStatus</b>: confirmed</p><p><b>patient</b>: <a href=\"CareConnect-Patient-Example-1.html\">Generated Summary: id: CareConnect-Patient-Example-1; 6105551234; Richard SMITH (OFFICIAL)</a></p><p><b>assertedDate</b>: 11-Sep-2019 14:46:00</p></div>"
  },
  "clinicalStatus": "active",
  "verificationStatus": "confirmed",
  "patient": {
    "reference": "Patient/CareConnect-Patient-Example-1"
  },
  "assertedDate": "2019-09-11T13:46:00+00:00"
}