"Path","Slice Name","Alias(s)","Label","Min","Max","Must Support?","Is Modifier?","Is Summary?","Type(s)","Short","Definition","Comments","Requirements","Default Value","Meaning When Missing","Fixed Value","Pattern","Example","Minimum Value","Maximum Value","Maximum Length","Binding Strength","Binding Description","Binding Value Set","Code","Slicing Discriminator","Slicing Description","Slicing Ordered","Slicing Rules","Base Path","Base Min","Base Max","Condition(s)","Constraint(s)","Mapping: Workflow Mapping","Mapping: W5 Mapping","Mapping: RIM Mapping"
"Communication","","","",0,*,"","","","","A record of information transmitted from a sender to a receiver","An occurrence of information being transmitted; e.g. an alert that was sent to a responsible provider, a public health agency was notified about a reportable condition.","","","","","","","","","",,,,,"",,,,"Communication",0,*,"","dom-2:If the resource is contained in another resource, it SHALL NOT contain nested Resources {contained.contained.empty()}
dom-1:If the resource is contained in another resource, it SHALL NOT contain any narrative {contained.text.empty()}dom-4:If a resource is contained in another resource, it SHALL NOT have a meta.versionId or a meta.lastUpdated {contained.meta.versionId.empty() and contained.meta.lastUpdated.empty()}dom-3:If the resource is contained in another resource, it SHALL be referred to from elsewhere in the resource {contained.where(('#'+id in %resource.descendants().reference).not()).empty()}com-1:Not Done Reason can only be specified if NotDone is ""true"" {notDone or notDoneReason.exists().not()}","Event","workflow.encounter","Entity. Role, or Act"
"Communication.id","","","",0,1,"","","Y","id {[]} {[]}
","Logical id of this artifact","The logical id of the resource, as used in the URL for the resource. Once assigned, this value never changes.","The only time that a resource does not have an id is when it is being submitted to the server using a create operation.","","","","","","","","",,,,,"",,,,"Resource.id",0,1,"",""
"Communication.meta","","","",0,1,"","","Y","Meta {[]} {[]}
","Metadata about the resource","The metadata about the resource. This is content that is maintained by the infrastructure. Changes to the content may not always be associated with version changes to the resource.","","","","","","","","","",,,,,"",,,,"Resource.meta",0,1,"",""
"Communication.implicitRules","","","",0,1,"","Y","Y","uri {[]} {[]}
","A set of rules under which this content was created","A reference to a set of rules that were followed when the resource was constructed, and which must be understood when processing the content.","Asserting this rule set restricts the content to be only understood by a limited set of trading partners. This inherently limits the usefulness of the data in the long term. However, the existing health eco-system is highly fractured, and not yet ready to define, collect, and exchange data in a generally computable sense. Wherever possible, implementers and/or specification writers should avoid using this element. 

This element is labelled as a modifier because the implicit rules may provide additional knowledge about the resource that modifies it's meaning or interpretation.","","","","","","","","",,,,,"",,,,"Resource.implicitRules",0,1,"",""
"Communication.language","","","",0,1,"","","","code {[]} {[]}
","Language of the resource content","The base language in which the resource is written.","Language is provided to support indexing and accessibility (typically, services such as text to speech use the language tag). The html language tag in the narrative applies  to the narrative. The language tag on the resource may be used to specify the language of other presentations generated from the data in the resource  Not all the content has to be in the base language. The Resource.language should not be assumed to apply to the narrative automatically. If a language is specified, it should it also be specified on the div element in the html (see rules in HTML5 for information about the relationship between xml:lang and the html lang attribute).","","","","","","","","",,"extensible","A human language.","http://hl7.org/fhir/ValueSet/languages","",,,,"Resource.language",0,1,"",""
"Communication.text","","narrative
htmlxhtmldisplay","",0,1,"","","","Narrative {[]} {[]}
","Text summary of the resource, for human interpretation","A human-readable narrative that contains a summary of the resource, and may be used to represent the content of the resource to a human. The narrative need not encode all the structured data, but is required to contain sufficient detail to make it ""clinically safe"" for a human to just read the narrative. Resource definitions may define what content should be represented in the narrative to ensure clinical safety.","Contained resources do not have narrative. Resources that are not contained SHOULD have a narrative. In some cases, a resource may only have text with little or no additional discrete data (as long as all minOccurs=1 elements are satisfied).  This may be necessary for data from legacy systems where information is captured as a ""text blob"" or where text is additionally entered raw or narrated and encoded in formation is added later.","","","","","","","","",,,,,"",,,,"DomainResource.text",0,1,"dom-1
","","Act.text?"
"Communication.contained","","inline resources
anonymous resourcescontained resources","",0,*,"","","","Resource {[]} {[]}
","Contained, inline Resources","These resources do not have an independent existence apart from the resource that contains them - they cannot be identified independently, and nor can they have their own independent transaction scope.","This should never be done when the content can be identified properly, as once identification is lost, it is extremely difficult (and context dependent) to restore it again.","","","","","","","","",,,,,"",,,,"DomainResource.contained",0,*,"","","N/A"
"Communication.extension","","extensions
user content","",0,*,"","","","Extension {[]} {[]}
","Additional Content defined by implementations","May be used to represent additional information that is not part of the basic definition of the resource. In order to make the use of extensions safe and manageable, there is a strict set of governance  applied to the definition and use of extensions. Though any implementer is allowed to define an extension, there is a set of requirements that SHALL be met as part of the definition of the extension.","There can be no stigma associated with the use of extensions by any application, project, or standard - regardless of the institution or jurisdiction that uses or defines the extensions.  The use of extensions is what allows the FHIR specification to retain a core level of simplicity for everyone.","","","","","","","","",,,,,"",,,,"DomainResource.extension",0,*,"","","N/A"
"Communication.modifierExtension","","extensions
user content","",0,*,"","Y","","Extension {[]} {[]}
","Extensions that cannot be ignored","May be used to represent additional information that is not part of the basic definition of the resource, and that modifies the understanding of the element that contains it. Usually modifier elements provide negation or qualification. In order to make the use of extensions safe and manageable, there is a strict set of governance applied to the definition and use of extensions. Though any implementer is allowed to define an extension, there is a set of requirements that SHALL be met as part of the definition of the extension. Applications processing a resource are required to check for modifier extensions.","There can be no stigma associated with the use of extensions by any application, project, or standard - regardless of the institution or jurisdiction that uses or defines the extensions.  The use of extensions is what allows the FHIR specification to retain a core level of simplicity for everyone.","","","","","","","","",,,,,"",,,,"DomainResource.modifierExtension",0,*,"","","N/A"
"Communication.identifier","","","",0,*,"","","Y","Identifier {[]} {[]}
","Unique identifier","Identifiers associated with this Communication that are defined by business processes and/ or used to refer to it when a direct URL reference to the resource itself is not appropriate (e.g. in CDA documents, or in written / printed documentation).","","","","","","","","","",,,,,"",,,,"Communication.identifier",0,*,"","","Event.identifier","id"
"Communication.definition","","","",0,*,"","","Y","Reference {[]} {[CanonicalType[http://hl7.org/fhir/StructureDefinition/PlanDefinition], CanonicalType[http://hl7.org/fhir/StructureDefinition/ActivityDefinition]]}
","Instantiates protocol or definition","A protocol, guideline, or other definition that was adhered to in whole or in part by this communication event.","","","","","","","","","",,,,,"",,,,"Communication.definition",0,*,"","","Event.definition"
"Communication.basedOn","","fulfills
","",0,*,"","","Y","Reference {[]} {[CanonicalType[http://hl7.org/fhir/StructureDefinition/Resource]]}
","Request fulfilled by this communication","An order, proposal or plan fulfilled in whole or in part by this Communication.","This must point to some sort of a 'Request' resource, such as CarePlan, CommunicationRequest, ReferralRequest, MedicationRequest, etc.","","","","","","","","",,,,,"",,,,"Communication.basedOn",0,*,"","","Event.basedOn"
"Communication.partOf","","container
","",0,*,"","","Y","Reference {[]} {[CanonicalType[http://hl7.org/fhir/StructureDefinition/Resource]]}
","Part of this action","Part of this action.","","","","","","","","","",,,,,"",,,,"Communication.partOf",0,*,"","","Event.partOf"
"Communication.status","","","",1,1,"","Y","Y","code {[]} {[]}
","preparation | in-progress | suspended | aborted | completed | entered-in-error","The status of the transmission.","This element is labeled as a modifier because the status contains the codes aborted and entered-in-error that mark the communication as not currently valid.","","","","","","","","",,"required","The status of the communication.","http://hl7.org/fhir/ValueSet/event-status","",,,,"Communication.status",1,1,"","","Event.status","status"
"Communication.notDone","","","",0,1,"","Y","Y","boolean {[]} {[]}
","Communication did not occur","If true, indicates that the described communication event did not actually occur.","This element is labeled as a modifier because it marks the communication as a communication that did not occur.  The more attributes are populated, the more constrained the negated statement is.","Creating a Communication where notDone is true is intended for situations where there's a need for a specific statement in the record about something not being done.  If the need is merely to indicate that a request wasn't fulfilled, that should be handled using Task.","","","","","","","",,,,,"",,,,"Communication.notDone",0,1,"","","Event.notDone"
"Communication.notDoneReason","","","",0,1,"","","Y","CodeableConcept {[]} {[]}
","Why communication did not occur","Describes why the communication event did not occur in coded and/or textual form.","","","","","","","","","",,"example","Codes for the reason why a communication was not done.","http://hl7.org/fhir/ValueSet/communication-not-done-reason","",,,,"Communication.notDoneReason",0,1,"com-1
","","Event.notDoneReason"
"Communication.category","","","",0,*,"","","","CodeableConcept {[]} {[]}
","Message category","The type of message conveyed such as alert, notification, reminder, instruction, etc.","There may be multiple axes of categorization and one communication may serve multiple purposes.","","","","","","","","",,"example","Codes for general categories of communications such as alerts, instruction, etc.","http://hl7.org/fhir/ValueSet/communication-category","",,,,"Communication.category",0,*,"","","Event.code","class"
"Communication.medium","","","",0,*,"","","","CodeableConcept {[]} {[]}
","A channel of communication","A channel that was used for this communication (e.g. email, fax).","","","","","","","","","",,"example","Codes for communication mediums such as phone, fax, email, in person, etc.","http://hl7.org/fhir/ValueSet/v3-ParticipationMode","",,,,"Communication.medium",0,*,"",""
"Communication.subject","","patient
","",0,1,"","","Y","Reference {[]} {[CanonicalType[http://hl7.org/fhir/StructureDefinition/Group], CanonicalType[https://fhir.hl7.org.uk/STU3/StructureDefinition/CareConnect-Patient-1]]}
","Focus of message","The patient or group that was the focus of this communication.","","","","","","","","","",,,,,"",,,,"Communication.subject",0,1,"","","Event.subject","who.focus"
"Communication.recipient","","","",0,*,"","","","Reference {[]} {[CanonicalType[http://hl7.org/fhir/StructureDefinition/Device], CanonicalType[http://hl7.org/fhir/StructureDefinition/Group], CanonicalType[https://fhir.hl7.org.uk/STU3/StructureDefinition/CareConnect-Patient-1], CanonicalType[https://fhir.hl7.org.uk/STU3/StructureDefinition/CareConnect-Organization-1], CanonicalType[https://fhir.hl7.org.uk/STU3/StructureDefinition/CareConnect-Practitioner-1], CanonicalType[https://fhir.hl7.org.uk/STU3/StructureDefinition/CareConnect-RelatedPerson-1]]}
","Message recipient","The entity (e.g. person, organization, clinical information system, or device) which was the target of the communication. If receipts need to be tracked by individual, a separate resource instance will need to be created for each recipient.  Multiple recipient communications are intended where either a receipt(s) is not tracked (e.g. a mass mail-out) or is captured in aggregate (all emails confirmed received by a particular time).","","","","","","","","","",,,,,"",,,,"Communication.recipient",0,*,"","","who.focus"
"Communication.topic","","","",0,*,"","","","Reference {[]} {[CanonicalType[http://hl7.org/fhir/StructureDefinition/Resource]]}
","Focal resources","The resources which were responsible for or related to producing this communication.","","","","","","","","","",,,,,"",,,,"Communication.topic",0,*,"","","context"
"Communication.context","","encounter
","",0,1,"","","Y","Reference {[]} {[CanonicalType[https://fhir.hl7.org.uk/STU3/StructureDefinition/CareConnect-EpisodeOfCare-1], CanonicalType[https://fhir.hl7.org.uk/STU3/StructureDefinition/CareConnect-Encounter-1]]}
","Encounter or episode leading to message","The encounter within which the communication was sent.","","","","","","","","","",,,,,"",,,,"Communication.context",0,1,"","","Event.context","context"
"Communication.sent","","","",0,1,"","","","dateTime {[]} {[]}
","When sent","The time when this communication was sent.","","","","","","","","","",,,,,"",,,,"Communication.sent",0,1,"","","Event.occurrenceDateTime (Invariant: maps to either sent OR received)","when.init"
"Communication.received","","","",0,1,"","","","dateTime {[]} {[]}
","When received","The time when this communication arrived at the destination.","","","","","","","","","",,,,,"",,,,"Communication.received",0,1,"","","Event.occurrenceDateTime (Invariant: maps to either sent OR received)","when.done"
"Communication.sender","","","",0,1,"","","","Reference {[]} {[CanonicalType[http://hl7.org/fhir/StructureDefinition/Device], CanonicalType[https://fhir.hl7.org.uk/STU3/StructureDefinition/CareConnect-Patient-1], CanonicalType[https://fhir.hl7.org.uk/STU3/StructureDefinition/CareConnect-Organization-1], CanonicalType[https://fhir.hl7.org.uk/STU3/StructureDefinition/CareConnect-Practitioner-1], CanonicalType[https://fhir.hl7.org.uk/STU3/StructureDefinition/CareConnect-RelatedPerson-1]]}
","Message sender","The entity (e.g. person, organization, clinical information system, or device) which was the source of the communication.","","","","","","","","","",,,,,"",,,,"Communication.sender",0,1,"","","Event.performer.actor","who.actor"
"Communication.reasonCode","","","",0,*,"","","Y","CodeableConcept {[]} {[]}
","Indication for message","The reason or justification for the communication.","Textual reasons can be caprued using reasonCode.text.","","","","","","","","",,"example","Codes for describing reasons for the occurrence of a communication.","http://hl7.org/fhir/ValueSet/clinical-findings","",,,,"Communication.reasonCode",0,*,"","","Event.reasonCodableConcept","why",".reasonCode"
"Communication.reasonReference","","","",0,*,"","","Y","Reference {[]} {[CanonicalType[https://fhir.hl7.org.uk/STU3/StructureDefinition/CareConnect-Observation-1], CanonicalType[https://fhir.hl7.org.uk/STU3/StructureDefinition/CareConnect-Condition-1]]}
","Why was communication done?","Indicates another resource whose existence justifies this communication.","","","","","","","","","",,,,,"",,,,"Communication.reasonReference",0,*,"","","Event.reasonReference","why",".outboundRelationship[typeCode=RSON].target"
"Communication.payload","","","",0,*,"","","","BackboneElement {[]} {[]}
","Message payload","Text, attachment(s), or resource(s) that was communicated to the recipient.","","","","","","","","","",,,,,"",,,,"Communication.payload",0,*,"","ele-1:All FHIR elements must have a @value or children {hasValue() | (children().count() > id.count())}
"
"Communication.payload.id","","","",0,1,"","","","string {[]} {[]}
","xml:id (or equivalent in JSON)","unique id for the element within a resource (for internal references). This may be any string value that does not contain spaces.","","","","","","","","","",,,,,"",,,,"Element.id",0,1,"","","n/a"
"Communication.payload.extension","","extensions
user content","",0,*,"","","","Extension {[]} {[]}
","Additional Content defined by implementations","May be used to represent additional information that is not part of the basic definition of the element. In order to make the use of extensions safe and manageable, there is a strict set of governance  applied to the definition and use of extensions. Though any implementer is allowed to define an extension, there is a set of requirements that SHALL be met as part of the definition of the extension.","There can be no stigma associated with the use of extensions by any application, project, or standard - regardless of the institution or jurisdiction that uses or defines the extensions.  The use of extensions is what allows the FHIR specification to retain a core level of simplicity for everyone.","","","","","","","","",,,,,"",,,,"Element.extension",0,*,"","","n/a"
"Communication.payload.modifierExtension","","extensions
user contentmodifiers","",0,*,"","Y","Y","Extension {[]} {[]}
","Extensions that cannot be ignored","May be used to represent additional information that is not part of the basic definition of the element, and that modifies the understanding of the element that contains it. Usually modifier elements provide negation or qualification. In order to make the use of extensions safe and manageable, there is a strict set of governance applied to the definition and use of extensions. Though any implementer is allowed to define an extension, there is a set of requirements that SHALL be met as part of the definition of the extension. Applications processing a resource are required to check for modifier extensions.","There can be no stigma associated with the use of extensions by any application, project, or standard - regardless of the institution or jurisdiction that uses or defines the extensions.  The use of extensions is what allows the FHIR specification to retain a core level of simplicity for everyone.","","","","","","","","",,,,,"",,,,"BackboneElement.modifierExtension",0,*,"","","N/A"
"Communication.payload.content[x]","","","",1,1,"","","","string {[]} {[]}
Attachment {[]} {[]}Reference {[]} {[CanonicalType[http://hl7.org/fhir/StructureDefinition/Resource]]}","Message part content","A communicated content (or for multi-part communications, one portion of the communication).","","","","","","","","","",,,,,"",,,,"Communication.payload.content[x]",1,1,"",""
"Communication.note","","","",0,*,"","","","Annotation {[]} {[]}
","Comments made about the communication","Additional notes or commentary about the communication by the sender, receiver or other interested parties.","","","","","","","","","",,,,,"",,,,"Communication.note",0,*,"","","Event.note"
