{
  "resourceType": "CodeSystem",
  "id": "CodeSystem-CareConnect-LanguageAbilityMode-1",
  "text": {
    "status": "generated",
    "div": "<div xmlns=\"http://www.w3.org/1999/xhtml\"><h2>Care Connect Language Ability Mode</h2><div><p>A CodeSystem that identifies the mode the patient can communicate in, representing the method of expression of the language.</p>\n</div><p><b>Copyright Statement:</b> Copyright © 2016 HL7 UK</p><p>This code system https://fhir.hl7.org.uk/STU3/CodeSystem/CareConnect-LanguageAbilityMode-1 defines the following codes:</p><table class=\"codes\"><tr><td style=\"white-space:nowrap\"><b>Code</b></td><td><b>Display</b></td><td><b>Definition</b></td></tr><tr><td style=\"white-space:nowrap\">ESGN<a name=\"CodeSystem-CareConnect-LanguageAbilityMode-1-ESGN\"> </a></td><td>Expressed signed</td><td/></tr><tr><td style=\"white-space:nowrap\">ESP<a name=\"CodeSystem-CareConnect-LanguageAbilityMode-1-ESP\"> </a></td><td>Expressed spoken</td><td/></tr><tr><td style=\"white-space:nowrap\">EWR<a name=\"CodeSystem-CareConnect-LanguageAbilityMode-1-EWR\"> </a></td><td>Expressed written</td><td/></tr><tr><td style=\"white-space:nowrap\">RSGN<a name=\"CodeSystem-CareConnect-LanguageAbilityMode-1-RSGN\"> </a></td><td>Received signed</td><td/></tr><tr><td style=\"white-space:nowrap\">RSP<a name=\"CodeSystem-CareConnect-LanguageAbilityMode-1-RSP\"> </a></td><td>Received spoken</td><td/></tr><tr><td style=\"white-space:nowrap\">RWR<a name=\"CodeSystem-CareConnect-LanguageAbilityMode-1-RWR\"> </a></td><td>Received written</td><td/></tr></table></div>"
  },
  "url": "https://fhir.hl7.org.uk/STU3/CodeSystem/CareConnect-LanguageAbilityMode-1",
  "version": "1.1.0",
  "name": "Care Connect Language Ability Mode",
  "status": "draft",
  "date": "2018-11-01T00:00:00+00:00",
  "publisher": "HL7 UK",
  "description": "A CodeSystem that identifies the mode the patient can communicate in, representing the method of expression of the language.",
  "copyright": "Copyright © 2016 HL7 UK",
  "caseSensitive": true,
  "content": "complete",
  "concept": [
    {
      "code": "ESGN",
      "display": "Expressed signed"
    },
    {
      "code": "ESP",
      "display": "Expressed spoken"
    },
    {
      "code": "EWR",
      "display": "Expressed written"
    },
    {
      "code": "RSGN",
      "display": "Received signed"
    },
    {
      "code": "RSP",
      "display": "Received spoken"
    },
    {
      "code": "RWR",
      "display": "Received written"
    }
  ]
}