{
  "resourceType": "CodeSystem",
  "id": "CodeSystem-CareConnect-ReferralRequestMethod-1",
  "text": {
    "status": "generated",
    "div": "<div xmlns=\"http://www.w3.org/1999/xhtml\"><h2>Care Connect Referral Request Method</h2><div><p>A CodeSystem to identify the form in which a referral is sent and received.</p>\n</div><p><b>Copyright Statement:</b> Copyright © 2019 HL7 UK</p><p>This code system https://fhir.hl7.org.uk/STU3/CodeSystem/CareConnect-ReferralRequestMethod-1 defines the following codes:</p><table class=\"codes\"><tr><td style=\"white-space:nowrap\"><b>Code</b></td><td><b>Display</b></td><td><b>Definition</b></td></tr><tr><td style=\"white-space:nowrap\">1<a name=\"CodeSystem-CareConnect-ReferralRequestMethod-1-1\"> </a></td><td>Fax</td><td/></tr><tr><td style=\"white-space:nowrap\">2<a name=\"CodeSystem-CareConnect-ReferralRequestMethod-1-2\"> </a></td><td>Phone</td><td/></tr><tr><td style=\"white-space:nowrap\">3<a name=\"CodeSystem-CareConnect-ReferralRequestMethod-1-3\"> </a></td><td>Secure Messaging</td><td/></tr><tr><td style=\"white-space:nowrap\">4<a name=\"CodeSystem-CareConnect-ReferralRequestMethod-1-4\"> </a></td><td>Secure Email</td><td/></tr><tr><td style=\"white-space:nowrap\">5<a name=\"CodeSystem-CareConnect-ReferralRequestMethod-1-5\"> </a></td><td>Letter</td><td/></tr><tr><td style=\"white-space:nowrap\">6<a name=\"CodeSystem-CareConnect-ReferralRequestMethod-1-6\"> </a></td><td>NHS E-Referral Service</td><td/></tr><tr><td style=\"white-space:nowrap\">7<a name=\"CodeSystem-CareConnect-ReferralRequestMethod-1-7\"> </a></td><td>Self Referral</td><td/></tr></table></div>"
  },
  "url": "https://fhir.hl7.org.uk/STU3/CodeSystem/CareConnect-ReferralRequestMethod-1",
  "version": "1.0.0",
  "name": "Care Connect Referral Request Method",
  "status": "draft",
  "date": "2019-07-16T18:43:00+01:00",
  "publisher": "HL7 UK",
  "description": "A CodeSystem to identify the form in which a referral is sent and received.",
  "copyright": "Copyright © 2019 HL7 UK",
  "caseSensitive": true,
  "content": "complete",
  "concept": [
    {
      "code": "1",
      "display": "Fax"
    },
    {
      "code": "2",
      "display": "Phone"
    },
    {
      "code": "3",
      "display": "Secure Messaging"
    },
    {
      "code": "4",
      "display": "Secure Email"
    },
    {
      "code": "5",
      "display": "Letter"
    },
    {
      "code": "6",
      "display": "NHS E-Referral Service"
    },
    {
      "code": "7",
      "display": "Self Referral"
    }
  ]
}