<?xml version="1.0" encoding="UTF-8"?>

<CodeSystem xmlns="http://hl7.org/fhir">
  <id value="CodeSystem-CareConnect-InterpretationCode-1"/>
  <text>
    <status value="generated"/><div xmlns="http://www.w3.org/1999/xhtml"><h2>CareConnect Interpretation Code</h2><div><p>This value set defines the set of codes that can be used to indicate the meaning/use of a reference range.</p>
</div><p><b>Copyright Statement:</b> Copyright © 2018 NHS Digital</p><p>This code system https://fhir.hl7.org.uk/STU3/CodeSystem/CareConnect-InterpretationCode-1 defines the following codes:</p><table class="codes"><tr><td style="white-space:nowrap"><b>Code</b></td><td><b>Display</b></td><td><b>Definition</b></td></tr><tr><td style="white-space:nowrap">OR<a name="CodeSystem-CareConnect-InterpretationCode-1-OR"> </a></td><td>Outside Reference Range</td><td/></tr><tr><td style="white-space:nowrap">PA<a name="CodeSystem-CareConnect-InterpretationCode-1-PA"> </a></td><td>Potentially Abnormal</td><td/></tr></table></div>
  </text>
  <url value="https://fhir.hl7.org.uk/STU3/CodeSystem/CareConnect-InterpretationCode-1"/>
  <version value="1.0.0"/>
  <name value="CareConnect Interpretation Code"/>
  <status value="draft"/>
  <date value="2019-03-12T00:00:00+00:00"/>
  <publisher value="HL7"/>
  <contact>
    <name value="Interoperability Team"/>
    <telecom>
      <system value="email"/>
      <value value="interoperabilityteam@nhs.net"/>
      <use value="work"/>
    </telecom>
  </contact>
  <description value="This value set defines the set of codes that can be used to indicate the meaning/use of a reference range."/>
  <copyright value="Copyright &#xA9; 2018 NHS Digital"/>
  <caseSensitive value="true"/>
  <content value="complete"/>
  <concept>
    <code value="OR"/>
    <display value="Outside Reference Range"/>
  </concept>
  <concept>
    <code value="PA"/>
    <display value="Potentially Abnormal"/>
  </concept>
</CodeSystem>