{
  "resourceType": "CodeSystem",
  "id": "CodeSystem-CareConnect-EthnicCategory-1",
  "text": {
    "status": "generated",
    "div": "<div xmlns=\"http://www.w3.org/1999/xhtml\"><h2>Care Connect Ethnic Category</h2><div><p>A CodeSystem to identify the ethnicity of a Person, as specified by the Person. This vocabulary describes a persons ethnic category, it is an extension of the Ethnic Category Code described in the NHS Data Model and Dictionary.</p>\n</div><p>This code system https://fhir.hl7.org.uk/STU3/CodeSystem/CareConnect-EthnicCategory-1 defines the following codes:</p><table class=\"codes\"><tr><td style=\"white-space:nowrap\"><b>Code</b></td><td><b>Display</b></td><td><b>Definition</b></td></tr><tr><td style=\"white-space:nowrap\">A<a name=\"CodeSystem-CareConnect-EthnicCategory-1-A\"> </a></td><td>British, Mixed British</td><td/></tr><tr><td style=\"white-space:nowrap\">B<a name=\"CodeSystem-CareConnect-EthnicCategory-1-B\"> </a></td><td>Irish</td><td/></tr><tr><td style=\"white-space:nowrap\">C<a name=\"CodeSystem-CareConnect-EthnicCategory-1-C\"> </a></td><td>Any other White background</td><td/></tr><tr><td style=\"white-space:nowrap\">C2<a name=\"CodeSystem-CareConnect-EthnicCategory-1-C2\"> </a></td><td>Northern Irish</td><td/></tr><tr><td style=\"white-space:nowrap\">C3<a name=\"CodeSystem-CareConnect-EthnicCategory-1-C3\"> </a></td><td>Other white, white unspecified</td><td/></tr><tr><td style=\"white-space:nowrap\">CA<a name=\"CodeSystem-CareConnect-EthnicCategory-1-CA\"> </a></td><td>English</td><td/></tr><tr><td style=\"white-space:nowrap\">CB<a name=\"CodeSystem-CareConnect-EthnicCategory-1-CB\"> </a></td><td>Scottish</td><td/></tr><tr><td style=\"white-space:nowrap\">CC<a name=\"CodeSystem-CareConnect-EthnicCategory-1-CC\"> </a></td><td>Welsh</td><td/></tr><tr><td style=\"white-space:nowrap\">CD<a name=\"CodeSystem-CareConnect-EthnicCategory-1-CD\"> </a></td><td>Cornish</td><td/></tr><tr><td style=\"white-space:nowrap\">CE<a name=\"CodeSystem-CareConnect-EthnicCategory-1-CE\"> </a></td><td>Cypriot (part not stated)</td><td/></tr><tr><td style=\"white-space:nowrap\">CF<a name=\"CodeSystem-CareConnect-EthnicCategory-1-CF\"> </a></td><td>Greek</td><td/></tr><tr><td style=\"white-space:nowrap\">CG<a name=\"CodeSystem-CareConnect-EthnicCategory-1-CG\"> </a></td><td>Greek Cypriot</td><td/></tr><tr><td style=\"white-space:nowrap\">CH<a name=\"CodeSystem-CareConnect-EthnicCategory-1-CH\"> </a></td><td>Turkish</td><td/></tr><tr><td style=\"white-space:nowrap\">CJ<a name=\"CodeSystem-CareConnect-EthnicCategory-1-CJ\"> </a></td><td>Turkish Cypriot</td><td/></tr><tr><td style=\"white-space:nowrap\">CK<a name=\"CodeSystem-CareConnect-EthnicCategory-1-CK\"> </a></td><td>Italian</td><td/></tr><tr><td style=\"white-space:nowrap\">CL<a name=\"CodeSystem-CareConnect-EthnicCategory-1-CL\"> </a></td><td>Irish Traveller</td><td/></tr><tr><td style=\"white-space:nowrap\">CM<a name=\"CodeSystem-CareConnect-EthnicCategory-1-CM\"> </a></td><td>Traveller</td><td/></tr><tr><td style=\"white-space:nowrap\">CN<a name=\"CodeSystem-CareConnect-EthnicCategory-1-CN\"> </a></td><td>Gypsy/Romany</td><td/></tr><tr><td style=\"white-space:nowrap\">CP<a name=\"CodeSystem-CareConnect-EthnicCategory-1-CP\"> </a></td><td>Polish</td><td/></tr><tr><td style=\"white-space:nowrap\">CQ<a name=\"CodeSystem-CareConnect-EthnicCategory-1-CQ\"> </a></td><td>All republics which made up the former USSR</td><td/></tr><tr><td style=\"white-space:nowrap\">CR<a name=\"CodeSystem-CareConnect-EthnicCategory-1-CR\"> </a></td><td>Kosovan</td><td/></tr><tr><td style=\"white-space:nowrap\">CS<a name=\"CodeSystem-CareConnect-EthnicCategory-1-CS\"> </a></td><td>Albanian</td><td/></tr><tr><td style=\"white-space:nowrap\">CT<a name=\"CodeSystem-CareConnect-EthnicCategory-1-CT\"> </a></td><td>Bosnian</td><td/></tr><tr><td style=\"white-space:nowrap\">CU<a name=\"CodeSystem-CareConnect-EthnicCategory-1-CU\"> </a></td><td>Croatian</td><td/></tr><tr><td style=\"white-space:nowrap\">CV<a name=\"CodeSystem-CareConnect-EthnicCategory-1-CV\"> </a></td><td>Serbian</td><td/></tr><tr><td style=\"white-space:nowrap\">CW<a name=\"CodeSystem-CareConnect-EthnicCategory-1-CW\"> </a></td><td>Other republics which made up the former Yugoslavia</td><td/></tr><tr><td style=\"white-space:nowrap\">CX<a name=\"CodeSystem-CareConnect-EthnicCategory-1-CX\"> </a></td><td>Mixed white</td><td/></tr><tr><td style=\"white-space:nowrap\">CY<a name=\"CodeSystem-CareConnect-EthnicCategory-1-CY\"> </a></td><td>Other white European, European unspecified, European mixed</td><td/></tr><tr><td style=\"white-space:nowrap\">D<a name=\"CodeSystem-CareConnect-EthnicCategory-1-D\"> </a></td><td>White and Black Caribbean</td><td/></tr><tr><td style=\"white-space:nowrap\">E<a name=\"CodeSystem-CareConnect-EthnicCategory-1-E\"> </a></td><td>White and Black African</td><td/></tr><tr><td style=\"white-space:nowrap\">F<a name=\"CodeSystem-CareConnect-EthnicCategory-1-F\"> </a></td><td>White and Asian</td><td/></tr><tr><td style=\"white-space:nowrap\">G<a name=\"CodeSystem-CareConnect-EthnicCategory-1-G\"> </a></td><td>Any other mixed background</td><td/></tr><tr><td style=\"white-space:nowrap\">GA<a name=\"CodeSystem-CareConnect-EthnicCategory-1-GA\"> </a></td><td>Black and Asian</td><td/></tr><tr><td style=\"white-space:nowrap\">GB<a name=\"CodeSystem-CareConnect-EthnicCategory-1-GB\"> </a></td><td>Black and Chinese</td><td/></tr><tr><td style=\"white-space:nowrap\">GC<a name=\"CodeSystem-CareConnect-EthnicCategory-1-GC\"> </a></td><td>Black and White</td><td/></tr><tr><td style=\"white-space:nowrap\">GD<a name=\"CodeSystem-CareConnect-EthnicCategory-1-GD\"> </a></td><td>Chinese and White</td><td/></tr><tr><td style=\"white-space:nowrap\">GE<a name=\"CodeSystem-CareConnect-EthnicCategory-1-GE\"> </a></td><td>Asian and Chinese</td><td/></tr><tr><td style=\"white-space:nowrap\">GF<a name=\"CodeSystem-CareConnect-EthnicCategory-1-GF\"> </a></td><td>Other Mixed, Mixed Unspecified</td><td/></tr><tr><td style=\"white-space:nowrap\">H<a name=\"CodeSystem-CareConnect-EthnicCategory-1-H\"> </a></td><td>Indian or British Indian</td><td/></tr><tr><td style=\"white-space:nowrap\">J<a name=\"CodeSystem-CareConnect-EthnicCategory-1-J\"> </a></td><td>Pakistani or British Pakistani</td><td/></tr><tr><td style=\"white-space:nowrap\">K<a name=\"CodeSystem-CareConnect-EthnicCategory-1-K\"> </a></td><td>Bangladeshi or British Bangladeshi</td><td/></tr><tr><td style=\"white-space:nowrap\">L<a name=\"CodeSystem-CareConnect-EthnicCategory-1-L\"> </a></td><td>Any other Asian background</td><td/></tr><tr><td style=\"white-space:nowrap\">LA<a name=\"CodeSystem-CareConnect-EthnicCategory-1-LA\"> </a></td><td>Mixed Asian</td><td/></tr><tr><td style=\"white-space:nowrap\">LB<a name=\"CodeSystem-CareConnect-EthnicCategory-1-LB\"> </a></td><td>Punjabi</td><td/></tr><tr><td style=\"white-space:nowrap\">LC<a name=\"CodeSystem-CareConnect-EthnicCategory-1-LC\"> </a></td><td>Kashmiri</td><td/></tr><tr><td style=\"white-space:nowrap\">LD<a name=\"CodeSystem-CareConnect-EthnicCategory-1-LD\"> </a></td><td>East African Asian</td><td/></tr><tr><td style=\"white-space:nowrap\">LE<a name=\"CodeSystem-CareConnect-EthnicCategory-1-LE\"> </a></td><td>Sri Lanka</td><td/></tr><tr><td style=\"white-space:nowrap\">LF<a name=\"CodeSystem-CareConnect-EthnicCategory-1-LF\"> </a></td><td>Tamil</td><td/></tr><tr><td style=\"white-space:nowrap\">LG<a name=\"CodeSystem-CareConnect-EthnicCategory-1-LG\"> </a></td><td>Sinhalese</td><td/></tr><tr><td style=\"white-space:nowrap\">LH<a name=\"CodeSystem-CareConnect-EthnicCategory-1-LH\"> </a></td><td>British Asian</td><td/></tr><tr><td style=\"white-space:nowrap\">LJ<a name=\"CodeSystem-CareConnect-EthnicCategory-1-LJ\"> </a></td><td>Caribbean Asian</td><td/></tr><tr><td style=\"white-space:nowrap\">LK<a name=\"CodeSystem-CareConnect-EthnicCategory-1-LK\"> </a></td><td>Other Asian, Asian unspecified</td><td/></tr><tr><td style=\"white-space:nowrap\">M<a name=\"CodeSystem-CareConnect-EthnicCategory-1-M\"> </a></td><td>Caribbean</td><td/></tr><tr><td style=\"white-space:nowrap\">N<a name=\"CodeSystem-CareConnect-EthnicCategory-1-N\"> </a></td><td>African</td><td/></tr><tr><td style=\"white-space:nowrap\">P<a name=\"CodeSystem-CareConnect-EthnicCategory-1-P\"> </a></td><td>Any other Black background</td><td/></tr><tr><td style=\"white-space:nowrap\">PA<a name=\"CodeSystem-CareConnect-EthnicCategory-1-PA\"> </a></td><td>Somali</td><td/></tr><tr><td style=\"white-space:nowrap\">PB<a name=\"CodeSystem-CareConnect-EthnicCategory-1-PB\"> </a></td><td>Mixed Black</td><td/></tr><tr><td style=\"white-space:nowrap\">PC<a name=\"CodeSystem-CareConnect-EthnicCategory-1-PC\"> </a></td><td>Nigerian</td><td/></tr><tr><td style=\"white-space:nowrap\">PD<a name=\"CodeSystem-CareConnect-EthnicCategory-1-PD\"> </a></td><td>Black British</td><td/></tr><tr><td style=\"white-space:nowrap\">PE<a name=\"CodeSystem-CareConnect-EthnicCategory-1-PE\"> </a></td><td>Other Black, Black unspecified</td><td/></tr><tr><td style=\"white-space:nowrap\">R<a name=\"CodeSystem-CareConnect-EthnicCategory-1-R\"> </a></td><td>Chinese</td><td/></tr><tr><td style=\"white-space:nowrap\">S<a name=\"CodeSystem-CareConnect-EthnicCategory-1-S\"> </a></td><td>Any other ethnic group</td><td/></tr><tr><td style=\"white-space:nowrap\">SA<a name=\"CodeSystem-CareConnect-EthnicCategory-1-SA\"> </a></td><td>Vietnamese</td><td/></tr><tr><td style=\"white-space:nowrap\">SB<a name=\"CodeSystem-CareConnect-EthnicCategory-1-SB\"> </a></td><td>Japanese</td><td/></tr><tr><td style=\"white-space:nowrap\">SC<a name=\"CodeSystem-CareConnect-EthnicCategory-1-SC\"> </a></td><td>Filipino</td><td/></tr><tr><td style=\"white-space:nowrap\">SD<a name=\"CodeSystem-CareConnect-EthnicCategory-1-SD\"> </a></td><td>Malaysian</td><td/></tr><tr><td style=\"white-space:nowrap\">SE<a name=\"CodeSystem-CareConnect-EthnicCategory-1-SE\"> </a></td><td>Any Other Group</td><td/></tr><tr><td style=\"white-space:nowrap\">Z<a name=\"CodeSystem-CareConnect-EthnicCategory-1-Z\"> </a></td><td>Not stated</td><td/></tr></table></div>"
  },
  "extension": [
    {
      "url": "http://hl7.org/fhir/StructureDefinition/codesystem-sourceReference",
      "valueUri": "http://www.datadictionary.nhs.uk/data_dictionary/data_field_notes/p/pds/pds_ethnic_category_code_de.asp?shownav=0"
    }
  ],
  "url": "https://fhir.hl7.org.uk/STU3/CodeSystem/CareConnect-EthnicCategory-1",
  "version": "1.1.0",
  "name": "Care Connect Ethnic Category",
  "status": "draft",
  "date": "2018-11-02T00:00:00+00:00",
  "publisher": "HL7 UK",
  "description": "A CodeSystem to identify the ethnicity of a Person, as specified by the Person. This vocabulary describes a persons ethnic category, it is an extension of the Ethnic Category Code described in the NHS Data Model and Dictionary.",
  "caseSensitive": true,
  "content": "complete",
  "concept": [
    {
      "code": "A",
      "display": "British, Mixed British"
    },
    {
      "code": "B",
      "display": "Irish"
    },
    {
      "code": "C",
      "display": "Any other White background"
    },
    {
      "code": "C2",
      "display": "Northern Irish"
    },
    {
      "code": "C3",
      "display": "Other white, white unspecified"
    },
    {
      "code": "CA",
      "display": "English"
    },
    {
      "code": "CB",
      "display": "Scottish"
    },
    {
      "code": "CC",
      "display": "Welsh"
    },
    {
      "code": "CD",
      "display": "Cornish"
    },
    {
      "code": "CE",
      "display": "Cypriot (part not stated)"
    },
    {
      "code": "CF",
      "display": "Greek"
    },
    {
      "code": "CG",
      "display": "Greek Cypriot"
    },
    {
      "code": "CH",
      "display": "Turkish"
    },
    {
      "code": "CJ",
      "display": "Turkish Cypriot"
    },
    {
      "code": "CK",
      "display": "Italian"
    },
    {
      "code": "CL",
      "display": "Irish Traveller"
    },
    {
      "code": "CM",
      "display": "Traveller"
    },
    {
      "code": "CN",
      "display": "Gypsy/Romany"
    },
    {
      "code": "CP",
      "display": "Polish"
    },
    {
      "code": "CQ",
      "display": "All republics which made up the former USSR"
    },
    {
      "code": "CR",
      "display": "Kosovan"
    },
    {
      "code": "CS",
      "display": "Albanian"
    },
    {
      "code": "CT",
      "display": "Bosnian"
    },
    {
      "code": "CU",
      "display": "Croatian"
    },
    {
      "code": "CV",
      "display": "Serbian"
    },
    {
      "code": "CW",
      "display": "Other republics which made up the former Yugoslavia"
    },
    {
      "code": "CX",
      "display": "Mixed white"
    },
    {
      "code": "CY",
      "display": "Other white European, European unspecified, European mixed"
    },
    {
      "code": "D",
      "display": "White and Black Caribbean"
    },
    {
      "code": "E",
      "display": "White and Black African"
    },
    {
      "code": "F",
      "display": "White and Asian"
    },
    {
      "code": "G",
      "display": "Any other mixed background"
    },
    {
      "code": "GA",
      "display": "Black and Asian"
    },
    {
      "code": "GB",
      "display": "Black and Chinese"
    },
    {
      "code": "GC",
      "display": "Black and White"
    },
    {
      "code": "GD",
      "display": "Chinese and White"
    },
    {
      "code": "GE",
      "display": "Asian and Chinese"
    },
    {
      "code": "GF",
      "display": "Other Mixed, Mixed Unspecified"
    },
    {
      "code": "H",
      "display": "Indian or British Indian"
    },
    {
      "code": "J",
      "display": "Pakistani or British Pakistani"
    },
    {
      "code": "K",
      "display": "Bangladeshi or British Bangladeshi"
    },
    {
      "code": "L",
      "display": "Any other Asian background"
    },
    {
      "code": "LA",
      "display": "Mixed Asian"
    },
    {
      "code": "LB",
      "display": "Punjabi"
    },
    {
      "code": "LC",
      "display": "Kashmiri"
    },
    {
      "code": "LD",
      "display": "East African Asian"
    },
    {
      "code": "LE",
      "display": "Sri Lanka"
    },
    {
      "code": "LF",
      "display": "Tamil"
    },
    {
      "code": "LG",
      "display": "Sinhalese"
    },
    {
      "code": "LH",
      "display": "British Asian"
    },
    {
      "code": "LJ",
      "display": "Caribbean Asian"
    },
    {
      "code": "LK",
      "display": "Other Asian, Asian unspecified"
    },
    {
      "code": "M",
      "display": "Caribbean"
    },
    {
      "code": "N",
      "display": "African"
    },
    {
      "code": "P",
      "display": "Any other Black background"
    },
    {
      "code": "PA",
      "display": "Somali"
    },
    {
      "code": "PB",
      "display": "Mixed Black"
    },
    {
      "code": "PC",
      "display": "Nigerian"
    },
    {
      "code": "PD",
      "display": "Black British"
    },
    {
      "code": "PE",
      "display": "Other Black, Black unspecified"
    },
    {
      "code": "R",
      "display": "Chinese"
    },
    {
      "code": "S",
      "display": "Any other ethnic group"
    },
    {
      "code": "SA",
      "display": "Vietnamese"
    },
    {
      "code": "SB",
      "display": "Japanese"
    },
    {
      "code": "SC",
      "display": "Filipino"
    },
    {
      "code": "SD",
      "display": "Malaysian"
    },
    {
      "code": "SE",
      "display": "Any Other Group"
    },
    {
      "code": "Z",
      "display": "Not stated"
    }
  ]
}