{
  "resourceType": "ConceptMap",
  "id": "CareConnect-MaritalStatus-1",
  "text": {
    "status": "generated",
    "div": "<div xmlns=\"http://www.w3.org/1999/xhtml\"><h2>Concept Map - Care Connect Marital Status (https://fhir.hl7.org.uk/STU3/ConceptMap/CareConnect-MaritalStatus-1)</h2><p>Mapping from <a href=\"ValueSet-CareConnect-MaritalStatus-1.html\">https://fhir.hl7.org.uk/STU3/ValueSet/CareConnect-MaritalStatus-1</a> to <a href=\"ValueSet-CareConnect-NHSDataDictionary-PersonMaritalStatus-1.html\">https://fhir.hl7.org.uk/STU3/ValueSet/CareConnect-NHSDataDictionary-PersonMaritalStatus-1</a></p><p>ACTIVE. Published on 01-Aug-2017 01:00:00 by HL7 UK. Copyright © 2016 HL7 UK</p><div><p>A Concept Map from ValueSet Marital Status to NHS Data Dictionary Person Marital Status to aid interpretation.</p>\n</div><br/><table class=\"grid\"><tr><td><b>Source Code</b></td><td><b>Equivalence</b></td><td><b>Destination Code</b></td></tr><tr><td>U (unmarried)</td><td>equivalent</td><td>S (Single)</td></tr><tr><td>D (Divorced)</td><td>equivalent</td><td>D (Divorced/Person whose Civil Partnership has been dissolved)</td></tr><tr><td>L (Legally Separated)</td><td>equivalent</td><td>P (Separated)</td></tr><tr><td>M (Married)</td><td>equivalent</td><td>M (Married/Civil Partner)</td></tr><tr><td>S (Never Married)</td><td>equivalent</td><td>S (Single)</td></tr><tr><td>W (Widowed)</td><td>equivalent</td><td>W (Widowed/Surviving Civil Partner)</td></tr></table><table class=\"grid\"><tr><td><b>Source Code</b></td><td><b>Equivalence</b></td><td><b>Destination Code</b></td></tr><tr><td>UNK (unknown)</td><td>equivalent</td><td>N (Not disclosed)</td></tr></table></div>"
  },
  "url": "https://fhir.hl7.org.uk/STU3/ConceptMap/CareConnect-MaritalStatus-1",
  "version": "1.0.0",
  "name": "Concept Map - Care Connect Marital Status",
  "status": "active",
  "date": "2017-08-01T01:00:00+01:00",
  "publisher": "HL7 UK",
  "description": "A Concept Map from ValueSet Marital Status to NHS Data Dictionary Person Marital Status to aid interpretation.",
  "copyright": "Copyright © 2016 HL7 UK",
  "sourceUri": "https://fhir.hl7.org.uk/STU3/ValueSet/CareConnect-MaritalStatus-1",
  "targetUri": "https://fhir.hl7.org.uk/STU3/ValueSet/CareConnect-NHSDataDictionary-PersonMaritalStatus-1",
  "group": [
    {
      "source": "http://hl7.org/fhir/v3/MaritalStatus",
      "target": "https://fhir.hl7.org.uk/STU3/CodeSystem/CareConnect-NHSDataDictionary-PersonMaritalStatus-1",
      "element": [
        {
          "code": "U",
          "display": "unmarried",
          "target": [
            {
              "code": "S",
              "display": "Single",
              "equivalence": "equivalent"
            }
          ]
        },
        {
          "code": "D",
          "display": "Divorced",
          "target": [
            {
              "code": "D",
              "display": "Divorced/Person whose Civil Partnership has been dissolved",
              "equivalence": "equivalent"
            }
          ]
        },
        {
          "code": "L",
          "display": "Legally Separated",
          "target": [
            {
              "code": "P",
              "display": "Separated",
              "equivalence": "equivalent"
            }
          ]
        },
        {
          "code": "M",
          "display": "Married",
          "target": [
            {
              "code": "M",
              "display": "Married/Civil Partner",
              "equivalence": "equivalent"
            }
          ]
        },
        {
          "code": "S",
          "display": "Never Married",
          "target": [
            {
              "code": "S",
              "display": "Single",
              "equivalence": "equivalent"
            }
          ]
        },
        {
          "code": "W",
          "display": "Widowed",
          "target": [
            {
              "code": "W",
              "display": "Widowed/Surviving Civil Partner",
              "equivalence": "equivalent"
            }
          ]
        }
      ]
    },
    {
      "source": "http://hl7.org/fhir/v3/NullFlavor",
      "target": "https://fhir.hl7.org.uk/STU3/CodeSystem/CareConnect-NHSDataDictionary-PersonMaritalStatus-1",
      "element": [
        {
          "code": "UNK",
          "display": "unknown",
          "target": [
            {
              "code": "N",
              "display": "Not disclosed",
              "equivalence": "equivalent"
            }
          ]
        }
      ]
    }
  ]
}