{
  "resourceType": "ConceptMap",
  "id": "CareConnect-AllergySeverity-1",
  "text": {
    "status": "generated",
    "div": "<div xmlns=\"http://www.w3.org/1999/xhtml\"><h2>Concept Map - Allergy Severity (https://fhir.hl7.org.uk/STU3/ConceptMap/CareConnect-AllergySeverity-1)</h2><p>Mapping from <a href=\"ValueSet-CareConnect-ReactionEventSeverity-1.html\">https://fhir.hl7.org.uk/STU3/ValueSet/CareConnect-ReactionEventSeverity-1</a> to <a href=\"ValueSet-CareConnect-AllergySeverity-1.html\">https://fhir.hl7.org.uk/STU3/ValueSet/CareConnect-AllergySeverity-1</a></p><p>DRAFT. Published on 14-Nov-2018 00:00:00 by HL7 UK. Copyright © 2016 HL7 UK</p><div><p>A Concept Map from ValueSet Reaction Event Severity to Allergy Severity to aid interpretation.</p>\n</div><br/><table class=\"grid\"><tr><td><b>Source Code</b></td><td><b>Relationship</b></td><td><b>Destination Code</b></td></tr><tr><td>mild</td><td>equivalent</td><td>255604002 (Mild)</td></tr><tr><td>moderate</td><td>equivalent</td><td>6736007 (Moderate)</td></tr><tr><td>severe</td><td>equivalent</td><td>24484000 (Severe)</td></tr><tr><td>severe</td><td>equivalent</td><td>442452003 (Life threatening severity)</td></tr></table></div>"
  },
  "url": "https://fhir.hl7.org.uk/STU3/ConceptMap/CareConnect-AllergySeverity-1",
  "version": "1.1.0",
  "name": "Concept Map - Allergy Severity",
  "status": "draft",
  "date": "2018-11-14T00:00:00+00:00",
  "publisher": "HL7 UK",
  "description": "A Concept Map from ValueSet Reaction Event Severity to Allergy Severity to aid interpretation.",
  "copyright": "Copyright © 2016 HL7 UK",
  "sourceUri": "https://fhir.hl7.org.uk/STU3/ValueSet/CareConnect-ReactionEventSeverity-1",
  "targetUri": "https://fhir.hl7.org.uk/STU3/ValueSet/CareConnect-AllergySeverity-1",
  "group": [
    {
      "source": "http://hl7.org/fhir/reaction-event-severity",
      "target": "http://snomed.info/sct",
      "element": [
        {
          "code": "mild",
          "display": "Mild",
          "target": [
            {
              "code": "255604002",
              "display": "Mild",
              "equivalence": "equivalent"
            }
          ]
        },
        {
          "code": "moderate",
          "display": "Moderate",
          "target": [
            {
              "code": "6736007",
              "display": "Moderate",
              "equivalence": "equivalent"
            }
          ]
        },
        {
          "code": "severe",
          "display": "Severe",
          "target": [
            {
              "code": "24484000",
              "display": "Severe",
              "equivalence": "equivalent"
            }
          ]
        },
        {
          "code": "severe",
          "display": "Severe",
          "target": [
            {
              "code": "442452003",
              "display": "Life threatening severity",
              "equivalence": "equivalent"
            }
          ]
        }
      ]
    }
  ]
}