{
  "resourceType": "Condition",
  "id": "CareConnect-ProblemHeader-Condition-Example-1",
  "meta": {
    "profile": [
      "https://fhir.hl7.org.uk/STU3/StructureDefinition/CareConnect-ProblemHeader-Condition-1"
    ]
  },
  "text": {
    "status": "generated",
    "div": "<div xmlns=\"http://www.w3.org/1999/xhtml\"><p><b>Generated Narrative with Details</b></p><p><b>id</b>: CareConnect-ProblemHeader-Condition-Example-1</p><p><b>meta</b>: </p><p><b>clinicalStatus</b>: active</p><p><b>category</b>: Problem List Item <span style=\"background: LightGoldenRodYellow\">(Details : {https://fhir.hl7.org.uk/STU3/CodeSystem/CareConnect-ConditionCategory-1 code 'problem-list-item' = 'Problem List Item', given as 'Problem List Item'})</span></p><p><b>subject</b>: <a href=\"CareConnect-Patient-Example-1.html\">Generated Summary: id: CareConnect-Patient-Example-1; 6105551234; Richard SMITH (OFFICIAL)</a></p></div>"
  },
  "clinicalStatus": "active",
  "category": [
    {
      "coding": [
        {
          "system": "https://fhir.hl7.org.uk/STU3/CodeSystem/CareConnect-ConditionCategory-1",
          "code": "problem-list-item",
          "display": "Problem List Item"
        }
      ]
    }
  ],
  "subject": {
    "reference": "Patient/CareConnect-Patient-Example-1"
  }
}