<?xml version="1.0" encoding="UTF-8"?>

<Consent xmlns="http://hl7.org/fhir">
  <id value="CareConnect-Consent-Example-1"/>
  <meta>
    <profile value="https://fhir.hl7.org.uk/STU3/StructureDefinition/CareConnect-Consent-1"/>
  </meta>
  <text>
    <status value="generated"/><div xmlns="http://www.w3.org/1999/xhtml"><p><b>Generated Narrative with Details</b></p><p><b>id</b>: CareConnect-Consent-Example-1</p><p><b>meta</b>: </p><p><b>status</b>: active</p><p><b>patient</b>: <a href="CareConnect-Patient-Example-1.html">Generated Summary: id: CareConnect-Patient-Example-1; 6105551234; Richard SMITH (OFFICIAL)</a></p><h3>Policies</h3><table class="grid"><tr><td>-</td><td><b>Authority</b></td><td><b>Uri</b></td></tr><tr><td>*</td><td><a href="https://www.exampleauthority.nhs.uk">https://www.exampleauthority.nhs.uk</a></td><td><a href="https://www.exampleauthority.nhs.uk/policies/policy-example-v1.0">https://www.exampleauthority.nhs.uk/policies/policy-example-v1.0</a></td></tr></table></div>
  </text>
  <status value="active"/>
  <patient>
    <reference value="Patient/CareConnect-Patient-Example-1"/>
  </patient>
  <policy>
    <authority value="https://www.exampleauthority.nhs.uk"/>
    <uri value="https://www.exampleauthority.nhs.uk/policies/policy-example-v1.0"/>
  </policy>
</Consent>