{
  "resourceType": "Consent",
  "id": "CareConnect-Consent-Example-1",
  "meta": {
    "profile": [
      "https://fhir.hl7.org.uk/STU3/StructureDefinition/CareConnect-Consent-1"
    ]
  },
  "text": {
    "status": "generated",
    "div": "<div xmlns=\"http://www.w3.org/1999/xhtml\"><p><b>Generated Narrative with Details</b></p><p><b>id</b>: CareConnect-Consent-Example-1</p><p><b>meta</b>: </p><p><b>status</b>: active</p><p><b>patient</b>: <a href=\"CareConnect-Patient-Example-1.html\">Generated Summary: id: CareConnect-Patient-Example-1; 6105551234; Richard SMITH (OFFICIAL)</a></p><h3>Policies</h3><table class=\"grid\"><tr><td>-</td><td><b>Authority</b></td><td><b>Uri</b></td></tr><tr><td>*</td><td><a href=\"https://www.exampleauthority.nhs.uk\">https://www.exampleauthority.nhs.uk</a></td><td><a href=\"https://www.exampleauthority.nhs.uk/policies/policy-example-v1.0\">https://www.exampleauthority.nhs.uk/policies/policy-example-v1.0</a></td></tr></table></div>"
  },
  "status": "active",
  "patient": {
    "reference": "Patient/CareConnect-Patient-Example-1"
  },
  "policy": [
    {
      "authority": "https://www.exampleauthority.nhs.uk",
      "uri": "https://www.exampleauthority.nhs.uk/policies/policy-example-v1.0"
    }
  ]
}