{
  "resourceType": "CodeSystem",
  "id": "CodeSystem-CareConnect-LanguageAbilityProficiency-1",
  "text": {
    "status": "generated",
    "div": "<div xmlns=\"http://www.w3.org/1999/xhtml\"><h2>Care Connect Language Ability Proficiency</h2><div><p>A CodeSystem to identify the level of proficiency in communicating a language.</p>\n</div><p><b>Copyright Statement:</b> Copyright © 2016 HL7 UK</p><p>This code system https://fhir.hl7.org.uk/STU3/CodeSystem/CareConnect-LanguageAbilityProficiency-1 defines the following codes:</p><table class=\"codes\"><tr><td style=\"white-space:nowrap\"><b>Code</b></td><td><b>Display</b></td><td><b>Definition</b></td></tr><tr><td style=\"white-space:nowrap\">E<a name=\"CodeSystem-CareConnect-LanguageAbilityProficiency-1-E\"> </a></td><td>Excellent</td><td/></tr><tr><td style=\"white-space:nowrap\">F<a name=\"CodeSystem-CareConnect-LanguageAbilityProficiency-1-F\"> </a></td><td>Fair</td><td/></tr><tr><td style=\"white-space:nowrap\">G<a name=\"CodeSystem-CareConnect-LanguageAbilityProficiency-1-G\"> </a></td><td>Good</td><td/></tr><tr><td style=\"white-space:nowrap\">P<a name=\"CodeSystem-CareConnect-LanguageAbilityProficiency-1-P\"> </a></td><td>Poor</td><td/></tr></table></div>"
  },
  "url": "https://fhir.hl7.org.uk/STU3/CodeSystem/CareConnect-LanguageAbilityProficiency-1",
  "version": "1.1.0",
  "name": "Care Connect Language Ability Proficiency",
  "status": "draft",
  "date": "2018-11-01T00:00:00+00:00",
  "publisher": "HL7 UK",
  "description": "A CodeSystem to identify the level of proficiency in communicating a language.",
  "copyright": "Copyright © 2016 HL7 UK",
  "caseSensitive": true,
  "content": "complete",
  "concept": [
    {
      "code": "E",
      "display": "Excellent"
    },
    {
      "code": "F",
      "display": "Fair"
    },
    {
      "code": "G",
      "display": "Good"
    },
    {
      "code": "P",
      "display": "Poor"
    }
  ]
}