{
  "resourceType": "CodeSystem",
  "id": "CodeSystem-CareConnect-RegistrationType-1",
  "text": {
    "status": "generated",
    "div": "<div xmlns=\"http://www.w3.org/1999/xhtml\"><h2>Care Connect Registration Type</h2><div><p>A CodeSystem that identifies the type of registration for a patient at a healthcare organisation.</p>\n</div><p><b>Copyright Statement:</b> Copyright © 2016 HL7 UK</p><p>This code system https://fhir.hl7.org.uk/STU3/CodeSystem/CareConnect-RegistrationType-1 defines the following codes:</p><table class=\"codes\"><tr><td style=\"white-space:nowrap\"><b>Code</b></td><td><b>Display</b></td><td><b>Definition</b></td></tr><tr><td style=\"white-space:nowrap\">R<a name=\"CodeSystem-CareConnect-RegistrationType-1-R\"> </a></td><td>Regular</td><td/></tr><tr><td style=\"white-space:nowrap\">E<a name=\"CodeSystem-CareConnect-RegistrationType-1-E\"> </a></td><td>Emergency</td><td/></tr><tr><td style=\"white-space:nowrap\">IN<a name=\"CodeSystem-CareConnect-RegistrationType-1-IN\"> </a></td><td>Immediately necessary</td><td/></tr><tr><td style=\"white-space:nowrap\">T<a name=\"CodeSystem-CareConnect-RegistrationType-1-T\"> </a></td><td>Temporary</td><td/></tr><tr><td style=\"white-space:nowrap\">P<a name=\"CodeSystem-CareConnect-RegistrationType-1-P\"> </a></td><td>Private</td><td/></tr><tr><td style=\"white-space:nowrap\">O<a name=\"CodeSystem-CareConnect-RegistrationType-1-O\"> </a></td><td>Other</td><td/></tr><tr><td style=\"white-space:nowrap\">S<a name=\"CodeSystem-CareConnect-RegistrationType-1-S\"> </a></td><td>Synthetic Record</td><td/></tr></table></div>"
  },
  "url": "https://fhir.hl7.org.uk/STU3/CodeSystem/CareConnect-RegistrationType-1",
  "version": "1.0.0",
  "name": "Care Connect Registration Type",
  "status": "draft",
  "date": "2017-08-01T01:00:00+01:00",
  "publisher": "HL7 UK",
  "description": "A CodeSystem that identifies the type of registration for a patient at a healthcare organisation.",
  "copyright": "Copyright © 2016 HL7 UK",
  "caseSensitive": true,
  "content": "complete",
  "concept": [
    {
      "code": "R",
      "display": "Regular"
    },
    {
      "code": "E",
      "display": "Emergency"
    },
    {
      "code": "IN",
      "display": "Immediately necessary"
    },
    {
      "code": "T",
      "display": "Temporary"
    },
    {
      "code": "P",
      "display": "Private"
    },
    {
      "code": "O",
      "display": "Other"
    },
    {
      "code": "S",
      "display": "Synthetic Record"
    }
  ]
}