{
  "resourceType": "Flag",
  "id": "CareConnect-Flag-Example-1",
  "meta": {
    "profile": [
      "https://fhir.hl7.org.uk/STU3/StructureDefinition/CareConnect-Flag-1"
    ]
  },
  "text": {
    "status": "generated",
    "div": "<div xmlns=\"http://www.w3.org/1999/xhtml\"><p><b>Generated Narrative with Details</b></p><p><b>id</b>: CareConnect-Flag-Example-1</p><p><b>meta</b>: </p><p><b>status</b>: active</p><p><b>code</b>: Zika virus disease <span style=\"background: LightGoldenRodYellow\">(Details : {SNOMED CT code '3928002' = 'Zika virus disease', given as 'Zika virus disease'})</span></p><p><b>subject</b>: <a href=\"CareConnect-Patient-Example-1.html\">Generated Summary: id: CareConnect-Patient-Example-1; 6105551234; Richard SMITH (OFFICIAL)</a></p></div>"
  },
  "status": "active",
  "code": {
    "coding": [
      {
        "system": "http://snomed.info/sct",
        "code": "3928002",
        "display": "Zika virus disease"
      }
    ]
  },
  "subject": {
    "reference": "Patient/CareConnect-Patient-Example-1"
  }
}