{
  "resourceType": "List",
  "id": "CareConnect-List-Example-1",
  "meta": {
    "profile": [
      "https://fhir.hl7.org.uk/STU3/StructureDefinition/CareConnect-List-1"
    ]
  },
  "text": {
    "status": "generated",
    "div": "<div xmlns=\"http://www.w3.org/1999/xhtml\"><p><b>Generated Narrative with Details</b></p><p><b>id</b>: CareConnect-List-Example-1</p><p><b>meta</b>: </p><p><b>status</b>: current</p><p><b>mode</b>: working</p></div>"
  },
  "status": "current",
  "mode": "working"
}