{
  "resourceType": "Medication",
  "id": "CareConnect-Medication-Example-1",
  "meta": {
    "profile": [
      "https://fhir.hl7.org.uk/STU3/StructureDefinition/CareConnect-Medication-1"
    ]
  },
  "text": {
    "status": "generated",
    "div": "<div xmlns=\"http://www.w3.org/1999/xhtml\"><p><b>Generated Narrative with Details</b></p><p><b>id</b>: CareConnect-Medication-Example-1</p><p><b>meta</b>: </p><p><b>code</b>: Paracetamol 500mg capsules (Phoenix Healthcare Distribution Ltd) (product) <span style=\"background: LightGoldenRodYellow\">(Details : {SNOMED CT code '17952711000001102' = '17952711000001102', given as 'Paracetamol 500mg capsules (Phoenix Healthcare Distribution Ltd) (product)'})</span></p></div>"
  },
  "code": {
    "coding": [
      {
        "system": "http://snomed.info/sct",
        "code": "17952711000001102",
        "display": "Paracetamol 500mg capsules (Phoenix Healthcare Distribution Ltd) (product)"
      }
    ]
  }
}