{
  "resourceType": "MedicationAdministration",
  "id": "CareConnect-MedicationAdministration-Example-1",
  "meta": {
    "profile": [
      "https://fhir.hl7.org.uk/STU3/StructureDefinition/CareConnect-MedicationAdministration-1"
    ]
  },
  "text": {
    "status": "generated",
    "div": "<div xmlns=\"http://www.w3.org/1999/xhtml\"><p><b>Generated Narrative with Details</b></p><p><b>id</b>: CareConnect-MedicationAdministration-Example-1</p><p><b>meta</b>: </p><p><b>status</b>: completed</p><p><b>medication</b>: <a href=\"CareConnect-Medication-Example-1.html\">Generated Summary: id: CareConnect-Medication-Example-1; <span title=\"Codes: {http://snomed.info/sct 17952711000001102}\">Paracetamol 500mg capsules (Phoenix Healthcare Distribution Ltd) (product)</span></a></p><p><b>subject</b>: <a href=\"CareConnect-Patient-Example-1.html\">Generated Summary: id: CareConnect-Patient-Example-1; 6105551234; Richard SMITH (OFFICIAL)</a></p><p><b>effective</b>: 11-Sep-2019 14:46:00</p></div>"
  },
  "status": "completed",
  "medicationReference": {
    "reference": "Medication/CareConnect-Medication-Example-1"
  },
  "subject": {
    "reference": "Patient/CareConnect-Patient-Example-1"
  },
  "effectiveDateTime": "2019-09-11T13:46:00+00:00"
}