{
  "resourceType": "MedicationDispense",
  "id": "CareConnect-MedicationDispense-Example-1",
  "meta": {
    "profile": [
      "https://fhir.hl7.org.uk/STU3/StructureDefinition/CareConnect-MedicationDispense-1"
    ]
  },
  "text": {
    "status": "generated",
    "div": "<div xmlns=\"http://www.w3.org/1999/xhtml\"><p><b>Generated Narrative with Details</b></p><p><b>id</b>: CareConnect-MedicationDispense-Example-1</p><p><b>meta</b>: </p><p><b>medication</b>: <a href=\"CareConnect-Medication-Example-1.html\">Generated Summary: id: CareConnect-Medication-Example-1; <span title=\"Codes: {http://snomed.info/sct 17952711000001102}\">Paracetamol 500mg capsules (Phoenix Healthcare Distribution Ltd) (product)</span></a></p></div>"
  },
  "medicationReference": {
    "reference": "Medication/CareConnect-Medication-Example-1"
  }
}