{
  "resourceType": "Observation",
  "id": "CareConnect-HeartRate-Observation-Example-1",
  "meta": {
    "profile": [
      "https://fhir.hl7.org.uk/STU3/StructureDefinition/CareConnect-HeartRate-Observation-1"
    ]
  },
  "text": {
    "status": "generated",
    "div": "<div xmlns=\"http://www.w3.org/1999/xhtml\"><p><b>Generated Narrative with Details</b></p><p><b>id</b>: CareConnect-HeartRate-Observation-Example-1</p><p><b>meta</b>: </p><p><b>basedOn</b>: <a href=\"CareConnect-CarePlan-Example-1.html\">Generated Summary: id: CareConnect-CarePlan-Example-1; status: active; intent: plan</a></p><p><b>status</b>: final</p><p><b>category</b>: Vital Signs <span style=\"background: LightGoldenRodYellow\">(Details : {http://hl7.org/fhir/observation-category code 'vital-signs' = 'Vital Signs)</span></p><p><b>code</b>: Heart rate <span style=\"background: LightGoldenRodYellow\">(Details : {LOINC code '8867-4' = 'Heart rate; {SNOMED CT code '364075005' = 'Heart rate', given as 'Heart rate'})</span></p><p><b>subject</b>: <a href=\"CareConnect-Patient-Example-1.html\">Generated Summary: id: CareConnect-Patient-Example-1; 6105551234; Richard SMITH (OFFICIAL)</a></p><p><b>effective</b>: 11-Sep-2019 14:46:00</p></div>"
  },
  "basedOn": [
    {
      "reference": "CarePlan/CareConnect-CarePlan-Example-1"
    }
  ],
  "status": "final",
  "category": [
    {
      "coding": [
        {
          "system": "http://hl7.org/fhir/observation-category",
          "code": "vital-signs"
        }
      ]
    }
  ],
  "code": {
    "coding": [
      {
        "system": "http://loinc.org",
        "code": "8867-4"
      },
      {
        "system": "http://snomed.info/sct",
        "code": "364075005",
        "display": "Heart rate"
      }
    ]
  },
  "subject": {
    "reference": "Patient/CareConnect-Patient-Example-1"
  },
  "effectiveDateTime": "2019-09-11T13:46:00+00:00"
}