{
  "resourceType": "Observation",
  "id": "CareConnect-Subscore-Observation-Example-1",
  "meta": {
    "profile": [
      "https://fhir.hl7.org.uk/STU3/StructureDefinition/CareConnect-Subscore-Observation-1"
    ]
  },
  "text": {
    "status": "generated",
    "div": "<div xmlns=\"http://www.w3.org/1999/xhtml\"><p><b>Generated Narrative with Details</b></p><p><b>id</b>: CareConnect-Subscore-Observation-Example-1</p><p><b>meta</b>: </p><p><b>status</b>: final</p><p><b>code</b>: Disease activity score in rheumatoid arthritis using C-reactive protein (observable entity) <span style=\"background: LightGoldenRodYellow\">(Details : {SNOMED CT code '444060007' = 'Disease activity score in rheumatoid arthritis using C-reactive protein (observable entity)', given as 'Disease activity score in rheumatoid arthritis using C-reactive protein (observable entity)'})</span></p><p><b>effective</b>: 11-Sep-2019 14:46:00</p><p><b>value</b>: 3.2</p></div>"
  },
  "status": "final",
  "code": {
    "coding": [
      {
        "system": "http://snomed.info/sct",
        "code": "444060007",
        "display": "Disease activity score in rheumatoid arthritis using C-reactive protein (observable entity)"
      }
    ]
  },
  "effectiveDateTime": "2019-09-11T13:46:00+00:00",
  "valueQuantity": {
    "value": 3.2
  }
}