{
  "resourceType": "Observation",
  "id": "CareConnect-VitalSigns-Observation-Example-1",
  "meta": {
    "profile": [
      "https://fhir.hl7.org.uk/STU3/StructureDefinition/CareConnect-VitalSigns-Observation-1"
    ]
  },
  "text": {
    "status": "generated",
    "div": "<div xmlns=\"http://www.w3.org/1999/xhtml\"><p><b>Generated Narrative with Details</b></p><p><b>id</b>: CareConnect-VitalSigns-Observation-Example-1</p><p><b>meta</b>: </p><p><b>status</b>: final</p><p><b>category</b>: Vital Signs <span style=\"background: LightGoldenRodYellow\">(Details : {http://hl7.org/fhir/observation-category code 'vital-signs' = 'Vital Signs', given as 'Vital Signs'})</span></p><p><b>code</b>: Vital signs <span style=\"background: LightGoldenRodYellow\">(Details : {LOINC code '85353-1' = 'Vital signs, weight, height, head circumference, oxygen saturation and BMI panel; {SNOMED CT code '118227000' = 'Vital signs finding', given as 'Vital signs'})</span></p><p><b>subject</b>: <a href=\"CareConnect-Patient-Example-1.html\">Generated Summary: id: CareConnect-Patient-Example-1; 6105551234; Richard SMITH (OFFICIAL)</a></p><p><b>effective</b>: 11-Sep-2019 14:46:00</p></div>"
  },
  "status": "final",
  "category": [
    {
      "coding": [
        {
          "system": "http://hl7.org/fhir/observation-category",
          "code": "vital-signs",
          "display": "Vital Signs"
        }
      ]
    }
  ],
  "code": {
    "coding": [
      {
        "system": "http://loinc.org",
        "code": "85353-1"
      },
      {
        "system": "http://snomed.info/sct",
        "code": "118227000",
        "display": "Vital signs"
      }
    ]
  },
  "subject": {
    "reference": "Patient/CareConnect-Patient-Example-1"
  },
  "effectiveDateTime": "2019-09-11T13:46:00+00:00"
}