{
  "resourceType": "Patient",
  "id": "CareConnect-Patient-Example-1",
  "meta": {
    "profile": [
      "https://fhir.hl7.org.uk/STU3/StructureDefinition/CareConnect-Patient-1"
    ]
  },
  "text": {
    "status": "generated",
    "div": "<div xmlns=\"http://www.w3.org/1999/xhtml\"><p><b>Generated Narrative with Details</b></p><p><b>id</b>: CareConnect-Patient-Example-1</p><p><b>meta</b>: </p><p><b>identifier</b>: 6105551234</p><p><b>name</b>: Richard SMITH (OFFICIAL)</p></div>"
  },
  "identifier": [
    {
      "extension": [
        {
          "url": "https://fhir.hl7.org.uk/STU3/StructureDefinition/Extension-CareConnect-NHSNumberVerificationStatus-1",
          "valueCodeableConcept": {
            "coding": [
              {
                "system": "https://fhir.hl7.org.uk/STU3/CodeSystem/CareConnect-NHSNumberVerificationStatus-1",
                "code": "01",
                "display": "Number present and verified"
              }
            ]
          }
        }
      ],
      "system": "https://fhir.nhs.uk/Id/nhs-number",
      "value": "6105551234"
    }
  ],
  "name": [
    {
      "use": "official",
      "family": "SMITH",
      "given": [
        "Richard"
      ]
    }
  ]
}