{
  "resourceType": "Practitioner",
  "id": "CareConnect-Practitioner-Example-1",
  "meta": {
    "profile": [
      "https://fhir.hl7.org.uk/STU3/StructureDefinition/CareConnect-Practitioner-1"
    ]
  },
  "text": {
    "status": "generated",
    "div": "<div xmlns=\"http://www.w3.org/1999/xhtml\"><p><b>Generated Narrative with Details</b></p><p><b>id</b>: CareConnect-Practitioner-Example-1</p><p><b>meta</b>: </p><p><b>identifier</b>: G12345678</p></div>"
  },
  "identifier": [
    {
      "system": "https://fhir.nhs.uk/Id/sds-user-id",
      "value": "G12345678"
    }
  ]
}