{
  "resourceType": "StructureDefinition",
  "id": "CareConnect-Practitioner-1",
  "meta": {
    "lastUpdated": "2018-02-19T12:02:38.726+00:00"
  },
  "text": {
    "status": "generated",
    "div": "<div xmlns=\"http://www.w3.org/1999/xhtml\"><table border=\"0\" cellpadding=\"0\" cellspacing=\"0\" style=\"border: 0px #F0F0F0 solid; font-size: 11px; font-family: verdana; vertical-align: top;\"><tr style=\"border: 1px #F0F0F0 solid; font-size: 11px; font-family: verdana; vertical-align: top;\"><th style=\"vertical-align: top; text-align : left; background-color: white; border: 0px #F0F0F0 solid; padding:0px 4px 0px 4px\" class=\"hierarchy\"><a href=\"http://hl7.org/fhir/STU3/formats.html#table\" title=\"The logical name of the element\">Name</a></th><th style=\"vertical-align: top; text-align : left; background-color: white; border: 0px #F0F0F0 solid; padding:0px 4px 0px 4px\" class=\"hierarchy\"><a href=\"http://hl7.org/fhir/STU3/formats.html#table\" title=\"Information about the use of the element\">Flags</a></th><th style=\"vertical-align: top; text-align : left; background-color: white; border: 0px #F0F0F0 solid; padding:0px 4px 0px 4px\" class=\"hierarchy\"><a href=\"http://hl7.org/fhir/STU3/formats.html#table\" title=\"Minimum and Maximum # of times the the element can appear in the instance\">Card.</a></th><th style=\"width: 100px\" class=\"hierarchy\"><a href=\"http://hl7.org/fhir/STU3/formats.html#table\" title=\"Reference to the type of the element\">Type</a></th><th style=\"vertical-align: top; text-align : left; background-color: white; border: 0px #F0F0F0 solid; padding:0px 4px 0px 4px\" class=\"hierarchy\"><a href=\"http://hl7.org/fhir/STU3/formats.html#table\" title=\"Additional information about the element\">Description &amp; Constraints</a><span style=\"float: right\"><a href=\"http://hl7.org/fhir/STU3/formats.html#table\" title=\"Legend for this format\"><img src=\"http://hl7.org/fhir/STU3/help16.png\" alt=\"doco\" style=\"background-color: inherit\"/></a></span></th></tr><tr style=\"border: 0px #F0F0F0 solid; padding:0px; vertical-align: top; background-color: white;\"><td style=\"vertical-align: top; text-align : left; background-color: white; border: 0px #F0F0F0 solid; padding:0px 4px 0px 4px; white-space: nowrap; background-image: url(tbl_bck1.png)\" class=\"hierarchy\"><img src=\"tbl_spacer.png\" alt=\".\" style=\"background-color: inherit\" class=\"hierarchy\"/><img src=\"icon_element.gif\" alt=\".\" style=\"background-color: white; background-color: inherit\" title=\"Element\" class=\"hierarchy\"/> <a href=\"CareConnect-Practitioner-1-definitions.html#Practitioner\" title=\"null\">Practitioner</a><a name=\"Practitioner\"> </a></td><td style=\"vertical-align: top; text-align : left; background-color: white; border: 0px #F0F0F0 solid; padding:0px 4px 0px 4px\" class=\"hierarchy\"/><td style=\"vertical-align: top; text-align : left; background-color: white; border: 0px #F0F0F0 solid; padding:0px 4px 0px 4px\" class=\"hierarchy\"/><td style=\"vertical-align: top; text-align : left; background-color: white; border: 0px #F0F0F0 solid; padding:0px 4px 0px 4px\" class=\"hierarchy\"/><td style=\"vertical-align: top; text-align : left; background-color: white; border: 0px #F0F0F0 solid; padding:0px 4px 0px 4px\" class=\"hierarchy\">A person with a formal responsibility in the provisioning of healthcare or related services</td></tr>\r\n<tr style=\"border: 0px #F0F0F0 solid; padding:0px; vertical-align: top; background-color: #F7F7F7;\"><td style=\"vertical-align: top; text-align : left; background-color: #F7F7F7; border: 0px #F0F0F0 solid; padding:0px 4px 0px 4px; white-space: nowrap; background-image: url(tbl_bck12.png)\" class=\"hierarchy\"><img src=\"tbl_spacer.png\" alt=\".\" style=\"background-color: inherit\" class=\"hierarchy\"/><img src=\"tbl_vjoin.png\" alt=\".\" style=\"background-color: inherit\" class=\"hierarchy\"/><img src=\"icon_extension_simple.png\" alt=\".\" style=\"background-color: #F7F7F7; background-color: inherit\" title=\"Simple Extension\" class=\"hierarchy\"/> <a href=\"CareConnect-Practitioner-1-definitions.html#Practitioner.extension\" title=\"null\">extension</a><a name=\"Practitioner.extension\"> </a></td><td style=\"vertical-align: top; text-align : left; background-color: #F7F7F7; border: 0px #F0F0F0 solid; padding:0px 4px 0px 4px\" class=\"hierarchy\"/><td style=\"vertical-align: top; text-align : left; background-color: #F7F7F7; border: 0px #F0F0F0 solid; padding:0px 4px 0px 4px\" class=\"hierarchy\"/><td style=\"vertical-align: top; text-align : left; background-color: #F7F7F7; border: 0px #F0F0F0 solid; padding:0px 4px 0px 4px\" class=\"hierarchy\"/><td style=\"vertical-align: top; text-align : left; background-color: #F7F7F7; border: 0px #F0F0F0 solid; padding:0px 4px 0px 4px\" class=\"hierarchy\"><span style=\"font-weight:bold\">Slice: </span>Unordered, Open by value:url</td></tr>\r\n<tr style=\"border: 0px #F0F0F0 solid; padding:0px; vertical-align: top; background-color: white;\"><td style=\"vertical-align: top; text-align : left; background-color: white; border: 0px #F0F0F0 solid; padding:0px 4px 0px 4px; white-space: nowrap; background-image: url(tbl_bck14.png)\" class=\"hierarchy\"><img src=\"tbl_spacer.png\" alt=\".\" style=\"background-color: inherit\" class=\"hierarchy\"/><img src=\"tbl_vjoin.png\" alt=\".\" style=\"background-color: inherit\" class=\"hierarchy\"/><img src=\"icon_extension_simple.png\" alt=\".\" style=\"background-color: white; background-color: inherit\" title=\"Simple Extension\" class=\"hierarchy\"/> <a href=\"CareConnect-Practitioner-1-definitions.html#Practitioner.extension:nhsCommunication\" title=\"Slice nhsCommunication: null\">extension</a><a name=\"Practitioner.extension\"> </a></td><td style=\"vertical-align: top; text-align : left; background-color: white; border: 0px #F0F0F0 solid; padding:0px 4px 0px 4px\" class=\"hierarchy\"/><td style=\"vertical-align: top; text-align : left; background-color: white; border: 0px #F0F0F0 solid; padding:0px 4px 0px 4px\" class=\"hierarchy\"/><td style=\"vertical-align: top; text-align : left; background-color: white; border: 0px #F0F0F0 solid; padding:0px 4px 0px 4px\" class=\"hierarchy\">?? [CanonicalType[https://fhir.hl7.org.uk/STU3/StructureDefinition/Extension-CareConnect-NHSCommunication-1]]</td><td style=\"vertical-align: top; text-align : left; background-color: white; border: 0px #F0F0F0 solid; padding:0px 4px 0px 4px\" class=\"hierarchy\"><span style=\"font-weight:bold\">URL: </span>https://fhir.hl7.org.uk/STU3/StructureDefinition/Extension-CareConnect-NHSCommunication-1</td></tr>\r\n<tr style=\"border: 0px #F0F0F0 solid; padding:0px; vertical-align: top; background-color: #F7F7F7;\"><td style=\"vertical-align: top; text-align : left; background-color: #F7F7F7; border: 0px #F0F0F0 solid; padding:0px 4px 0px 4px; white-space: nowrap; background-image: url(tbl_bck12.png)\" class=\"hierarchy\"><img src=\"tbl_spacer.png\" alt=\".\" style=\"background-color: inherit\" class=\"hierarchy\"/><img src=\"tbl_vjoin.png\" alt=\".\" style=\"background-color: inherit\" class=\"hierarchy\"/><img src=\"icon_slice.png\" alt=\".\" style=\"background-color: #F7F7F7; background-color: inherit\" title=\"Slice Definition\" class=\"hierarchy\"/> <a style=\"font-style: italic\" href=\"CareConnect-Practitioner-1-definitions.html#Practitioner.identifier\" title=\"null\">identifier</a><a name=\"Practitioner.identifier\"> </a></td><td style=\"vertical-align: top; text-align : left; background-color: #F7F7F7; border: 0px #F0F0F0 solid; padding:0px 4px 0px 4px\" class=\"hierarchy\"/><td style=\"vertical-align: top; text-align : left; background-color: #F7F7F7; border: 0px #F0F0F0 solid; padding:0px 4px 0px 4px\" class=\"hierarchy\"/><td style=\"vertical-align: top; text-align : left; background-color: #F7F7F7; border: 0px #F0F0F0 solid; padding:0px 4px 0px 4px\" class=\"hierarchy\"/><td style=\"vertical-align: top; text-align : left; background-color: #F7F7F7; border: 0px #F0F0F0 solid; padding:0px 4px 0px 4px\" class=\"hierarchy\"><span style=\"font-weight:bold; font-style: italic\">Slice: </span><span style=\"font-style: italic\">Unordered, Open At End by value:system</span></td></tr>\r\n<tr style=\"border: 0px #F0F0F0 solid; padding:0px; vertical-align: top; background-color: white;\"><td style=\"vertical-align: top; text-align : left; background-color: white; border: 0px #F0F0F0 solid; padding:0px 4px 0px 4px; white-space: nowrap; background-image: url(tbl_bck15.png)\" class=\"hierarchy\"><img src=\"tbl_spacer.png\" alt=\".\" style=\"background-color: inherit\" class=\"hierarchy\"/><img src=\"tbl_vjoin.png\" alt=\".\" style=\"background-color: inherit\" class=\"hierarchy\"/><img src=\"icon_element.gif\" alt=\".\" style=\"background-color: white; background-color: inherit\" title=\"Element\" class=\"hierarchy\"/> <a href=\"CareConnect-Practitioner-1-definitions.html#Practitioner.identifier:sdsUserID\" title=\"Slice sdsUserID: null\">identifier</a><a name=\"Practitioner.identifier\"> </a></td><td style=\"vertical-align: top; text-align : left; background-color: white; border: 0px #F0F0F0 solid; padding:0px 4px 0px 4px\" class=\"hierarchy\"/><td style=\"vertical-align: top; text-align : left; background-color: white; border: 0px #F0F0F0 solid; padding:0px 4px 0px 4px\" class=\"hierarchy\">..1</td><td style=\"vertical-align: top; text-align : left; background-color: white; border: 0px #F0F0F0 solid; padding:0px 4px 0px 4px\" class=\"hierarchy\"/><td style=\"vertical-align: top; text-align : left; background-color: white; border: 0px #F0F0F0 solid; padding:0px 4px 0px 4px\" class=\"hierarchy\"/></tr>\r\n<tr style=\"border: 0px #F0F0F0 solid; padding:0px; vertical-align: top; background-color: #F7F7F7;\"><td style=\"vertical-align: top; text-align : left; background-color: #F7F7F7; border: 0px #F0F0F0 solid; padding:0px 4px 0px 4px; white-space: nowrap; background-image: url(tbl_bck150.png)\" class=\"hierarchy\"><img src=\"tbl_spacer.png\" alt=\".\" style=\"background-color: inherit\" class=\"hierarchy\"/><img src=\"tbl_vline.png\" alt=\".\" style=\"background-color: inherit\" class=\"hierarchy\"/><img src=\"tbl_vjoin_slice.png\" alt=\".\" style=\"background-color: inherit\" class=\"hierarchy\"/><img src=\"icon_element.gif\" alt=\".\" style=\"background-color: #F7F7F7; background-color: inherit\" title=\"Element\" class=\"hierarchy\"/> <a href=\"CareConnect-Practitioner-1-definitions.html#Practitioner.identifier:sdsUserID.system\" title=\"null\">system</a><a name=\"Practitioner.identifier.system\"> </a></td><td style=\"vertical-align: top; text-align : left; background-color: #F7F7F7; border: 0px #F0F0F0 solid; padding:0px 4px 0px 4px\" class=\"hierarchy\"/><td style=\"vertical-align: top; text-align : left; background-color: #F7F7F7; border: 0px #F0F0F0 solid; padding:0px 4px 0px 4px\" class=\"hierarchy\">1..</td><td style=\"vertical-align: top; text-align : left; background-color: #F7F7F7; border: 0px #F0F0F0 solid; padding:0px 4px 0px 4px\" class=\"hierarchy\"/><td style=\"vertical-align: top; text-align : left; background-color: #F7F7F7; border: 0px #F0F0F0 solid; padding:0px 4px 0px 4px\" class=\"hierarchy\"><span style=\"font-weight:bold\">Fixed Value: </span><span style=\"color: darkgreen\">https://fhir.nhs.uk/Id/sds-user-id</span></td></tr>\r\n<tr style=\"border: 0px #F0F0F0 solid; padding:0px; vertical-align: top; background-color: white;\"><td style=\"vertical-align: top; text-align : left; background-color: white; border: 0px #F0F0F0 solid; padding:0px 4px 0px 4px; white-space: nowrap; background-image: url(tbl_bck150.png)\" class=\"hierarchy\"><img src=\"tbl_spacer.png\" alt=\".\" style=\"background-color: inherit\" class=\"hierarchy\"/><img src=\"tbl_vline.png\" alt=\".\" style=\"background-color: inherit\" class=\"hierarchy\"/><img src=\"tbl_vjoin_slice.png\" alt=\".\" style=\"background-color: inherit\" class=\"hierarchy\"/><img src=\"icon_element.gif\" alt=\".\" style=\"background-color: white; background-color: inherit\" title=\"Element\" class=\"hierarchy\"/> <a href=\"CareConnect-Practitioner-1-definitions.html#Practitioner.identifier:sdsUserID.value\" title=\"null\">value</a><a name=\"Practitioner.identifier.value\"> </a></td><td style=\"vertical-align: top; text-align : left; background-color: white; border: 0px #F0F0F0 solid; padding:0px 4px 0px 4px\" class=\"hierarchy\"/><td style=\"vertical-align: top; text-align : left; background-color: white; border: 0px #F0F0F0 solid; padding:0px 4px 0px 4px\" class=\"hierarchy\">1..</td><td style=\"vertical-align: top; text-align : left; background-color: white; border: 0px #F0F0F0 solid; padding:0px 4px 0px 4px\" class=\"hierarchy\"/><td style=\"vertical-align: top; text-align : left; background-color: white; border: 0px #F0F0F0 solid; padding:0px 4px 0px 4px\" class=\"hierarchy\"/></tr>\r\n<tr style=\"border: 0px #F0F0F0 solid; padding:0px; vertical-align: top; background-color: #F7F7F7;\"><td style=\"vertical-align: top; text-align : left; background-color: #F7F7F7; border: 0px #F0F0F0 solid; padding:0px 4px 0px 4px; white-space: nowrap; background-image: url(tbl_bck140.png)\" class=\"hierarchy\"><img src=\"tbl_spacer.png\" alt=\".\" style=\"background-color: inherit\" class=\"hierarchy\"/><img src=\"tbl_vline.png\" alt=\".\" style=\"background-color: inherit\" class=\"hierarchy\"/><img src=\"tbl_vjoin_end_slice.png\" alt=\".\" style=\"background-color: inherit\" class=\"hierarchy\"/><img src=\"icon_reference.png\" alt=\".\" style=\"background-color: #F7F7F7; background-color: inherit\" title=\"Reference to another Resource\" class=\"hierarchy\"/> <a href=\"CareConnect-Practitioner-1-definitions.html#Practitioner.identifier:sdsUserID.assigner\" title=\"null\">assigner</a><a name=\"Practitioner.identifier.assigner\"> </a></td><td style=\"vertical-align: top; text-align : left; background-color: #F7F7F7; border: 0px #F0F0F0 solid; padding:0px 4px 0px 4px\" class=\"hierarchy\"/><td style=\"vertical-align: top; text-align : left; background-color: #F7F7F7; border: 0px #F0F0F0 solid; padding:0px 4px 0px 4px\" class=\"hierarchy\"/><td style=\"vertical-align: top; text-align : left; background-color: #F7F7F7; border: 0px #F0F0F0 solid; padding:0px 4px 0px 4px\" class=\"hierarchy\"><a href=\"http://hl7.org/fhir/STU3/references.html\">Reference</a>(<a href=\"CareConnect-Organization-1.html\">CareConnect-Organization-1</a>)</td><td style=\"vertical-align: top; text-align : left; background-color: #F7F7F7; border: 0px #F0F0F0 solid; padding:0px 4px 0px 4px\" class=\"hierarchy\"/></tr>\r\n<tr style=\"border: 0px #F0F0F0 solid; padding:0px; vertical-align: top; background-color: white;\"><td style=\"vertical-align: top; text-align : left; background-color: white; border: 0px #F0F0F0 solid; padding:0px 4px 0px 4px; white-space: nowrap; background-image: url(tbl_bck15.png)\" class=\"hierarchy\"><img src=\"tbl_spacer.png\" alt=\".\" style=\"background-color: inherit\" class=\"hierarchy\"/><img src=\"tbl_vjoin.png\" alt=\".\" style=\"background-color: inherit\" class=\"hierarchy\"/><img src=\"icon_element.gif\" alt=\".\" style=\"background-color: white; background-color: inherit\" title=\"Element\" class=\"hierarchy\"/> <a href=\"CareConnect-Practitioner-1-definitions.html#Practitioner.identifier:sdsRoleProfileID\" title=\"Slice sdsRoleProfileID: null\">identifier</a><a name=\"Practitioner.identifier\"> </a></td><td style=\"vertical-align: top; text-align : left; background-color: white; border: 0px #F0F0F0 solid; padding:0px 4px 0px 4px\" class=\"hierarchy\"/><td style=\"vertical-align: top; text-align : left; background-color: white; border: 0px #F0F0F0 solid; padding:0px 4px 0px 4px\" class=\"hierarchy\"/><td style=\"vertical-align: top; text-align : left; background-color: white; border: 0px #F0F0F0 solid; padding:0px 4px 0px 4px\" class=\"hierarchy\"/><td style=\"vertical-align: top; text-align : left; background-color: white; border: 0px #F0F0F0 solid; padding:0px 4px 0px 4px\" class=\"hierarchy\"/></tr>\r\n<tr style=\"border: 0px #F0F0F0 solid; padding:0px; vertical-align: top; background-color: #F7F7F7;\"><td style=\"vertical-align: top; text-align : left; background-color: #F7F7F7; border: 0px #F0F0F0 solid; padding:0px 4px 0px 4px; white-space: nowrap; background-image: url(tbl_bck150.png)\" class=\"hierarchy\"><img src=\"tbl_spacer.png\" alt=\".\" style=\"background-color: inherit\" class=\"hierarchy\"/><img src=\"tbl_vline.png\" alt=\".\" style=\"background-color: inherit\" class=\"hierarchy\"/><img src=\"tbl_vjoin_slice.png\" alt=\".\" style=\"background-color: inherit\" class=\"hierarchy\"/><img src=\"icon_element.gif\" alt=\".\" style=\"background-color: #F7F7F7; background-color: inherit\" title=\"Element\" class=\"hierarchy\"/> <a href=\"CareConnect-Practitioner-1-definitions.html#Practitioner.identifier:sdsRoleProfileID.system\" title=\"null\">system</a><a name=\"Practitioner.identifier.system\"> </a></td><td style=\"vertical-align: top; text-align : left; background-color: #F7F7F7; border: 0px #F0F0F0 solid; padding:0px 4px 0px 4px\" class=\"hierarchy\"/><td style=\"vertical-align: top; text-align : left; background-color: #F7F7F7; border: 0px #F0F0F0 solid; padding:0px 4px 0px 4px\" class=\"hierarchy\">1..</td><td style=\"vertical-align: top; text-align : left; background-color: #F7F7F7; border: 0px #F0F0F0 solid; padding:0px 4px 0px 4px\" class=\"hierarchy\"/><td style=\"vertical-align: top; text-align : left; background-color: #F7F7F7; border: 0px #F0F0F0 solid; padding:0px 4px 0px 4px\" class=\"hierarchy\"><span style=\"font-weight:bold\">Fixed Value: </span><span style=\"color: darkgreen\">https://fhir.nhs.uk/Id/sds-role-profile-id</span></td></tr>\r\n<tr style=\"border: 0px #F0F0F0 solid; padding:0px; vertical-align: top; background-color: white;\"><td style=\"vertical-align: top; text-align : left; background-color: white; border: 0px #F0F0F0 solid; padding:0px 4px 0px 4px; white-space: nowrap; background-image: url(tbl_bck150.png)\" class=\"hierarchy\"><img src=\"tbl_spacer.png\" alt=\".\" style=\"background-color: inherit\" class=\"hierarchy\"/><img src=\"tbl_vline.png\" alt=\".\" style=\"background-color: inherit\" class=\"hierarchy\"/><img src=\"tbl_vjoin_slice.png\" alt=\".\" style=\"background-color: inherit\" class=\"hierarchy\"/><img src=\"icon_element.gif\" alt=\".\" style=\"background-color: white; background-color: inherit\" title=\"Element\" class=\"hierarchy\"/> <a href=\"CareConnect-Practitioner-1-definitions.html#Practitioner.identifier:sdsRoleProfileID.value\" title=\"null\">value</a><a name=\"Practitioner.identifier.value\"> </a></td><td style=\"vertical-align: top; text-align : left; background-color: white; border: 0px #F0F0F0 solid; padding:0px 4px 0px 4px\" class=\"hierarchy\"/><td style=\"vertical-align: top; text-align : left; background-color: white; border: 0px #F0F0F0 solid; padding:0px 4px 0px 4px\" class=\"hierarchy\">1..</td><td style=\"vertical-align: top; text-align : left; background-color: white; border: 0px #F0F0F0 solid; padding:0px 4px 0px 4px\" class=\"hierarchy\"/><td style=\"vertical-align: top; text-align : left; background-color: white; border: 0px #F0F0F0 solid; padding:0px 4px 0px 4px\" class=\"hierarchy\"/></tr>\r\n<tr style=\"border: 0px #F0F0F0 solid; padding:0px; vertical-align: top; background-color: #F7F7F7;\"><td style=\"vertical-align: top; text-align : left; background-color: #F7F7F7; border: 0px #F0F0F0 solid; padding:0px 4px 0px 4px; white-space: nowrap; background-image: url(tbl_bck140.png)\" class=\"hierarchy\"><img src=\"tbl_spacer.png\" alt=\".\" style=\"background-color: inherit\" class=\"hierarchy\"/><img src=\"tbl_vline.png\" alt=\".\" style=\"background-color: inherit\" class=\"hierarchy\"/><img src=\"tbl_vjoin_end_slice.png\" alt=\".\" style=\"background-color: inherit\" class=\"hierarchy\"/><img src=\"icon_reference.png\" alt=\".\" style=\"background-color: #F7F7F7; background-color: inherit\" title=\"Reference to another Resource\" class=\"hierarchy\"/> <a href=\"CareConnect-Practitioner-1-definitions.html#Practitioner.identifier:sdsRoleProfileID.assigner\" title=\"null\">assigner</a><a name=\"Practitioner.identifier.assigner\"> </a></td><td style=\"vertical-align: top; text-align : left; background-color: #F7F7F7; border: 0px #F0F0F0 solid; padding:0px 4px 0px 4px\" class=\"hierarchy\"/><td style=\"vertical-align: top; text-align : left; background-color: #F7F7F7; border: 0px #F0F0F0 solid; padding:0px 4px 0px 4px\" class=\"hierarchy\"/><td style=\"vertical-align: top; text-align : left; background-color: #F7F7F7; border: 0px #F0F0F0 solid; padding:0px 4px 0px 4px\" class=\"hierarchy\"><a href=\"http://hl7.org/fhir/STU3/references.html\">Reference</a>(<a href=\"CareConnect-Organization-1.html\">CareConnect-Organization-1</a>)</td><td style=\"vertical-align: top; text-align : left; background-color: #F7F7F7; border: 0px #F0F0F0 solid; padding:0px 4px 0px 4px\" class=\"hierarchy\"/></tr>\r\n<tr style=\"border: 0px #F0F0F0 solid; padding:0px; vertical-align: top; background-color: white;\"><td style=\"vertical-align: top; text-align : left; background-color: white; border: 0px #F0F0F0 solid; padding:0px 4px 0px 4px; white-space: nowrap; background-image: url(tbl_bck10.png)\" class=\"hierarchy\"><img src=\"tbl_spacer.png\" alt=\".\" style=\"background-color: inherit\" class=\"hierarchy\"/><img src=\"tbl_vjoin.png\" alt=\".\" style=\"background-color: inherit\" class=\"hierarchy\"/><img src=\"icon_element.gif\" alt=\".\" style=\"background-color: white; background-color: inherit\" title=\"Element\" class=\"hierarchy\"/> <a href=\"CareConnect-Practitioner-1-definitions.html#Practitioner.gender\" title=\"null\">gender</a><a name=\"Practitioner.gender\"> </a></td><td style=\"vertical-align: top; text-align : left; background-color: white; border: 0px #F0F0F0 solid; padding:0px 4px 0px 4px\" class=\"hierarchy\"/><td style=\"vertical-align: top; text-align : left; background-color: white; border: 0px #F0F0F0 solid; padding:0px 4px 0px 4px\" class=\"hierarchy\"/><td style=\"vertical-align: top; text-align : left; background-color: white; border: 0px #F0F0F0 solid; padding:0px 4px 0px 4px\" class=\"hierarchy\"/><td style=\"vertical-align: top; text-align : left; background-color: white; border: 0px #F0F0F0 solid; padding:0px 4px 0px 4px\" class=\"hierarchy\"><span style=\"font-weight:bold\">Binding: </span><a href=\"ValueSet-CareConnect-AdministrativeGender-1.html\">Administrative Gender</a> (<a href=\"http://hl7.org/fhir/STU3/terminologies.html#required\" title=\"To be conformant, the concept in this element SHALL be from the specified value set.\">required</a>)</td></tr>\r\n<tr style=\"border: 0px #F0F0F0 solid; padding:0px; vertical-align: top; background-color: #F7F7F7;\"><td style=\"vertical-align: top; text-align : left; background-color: #F7F7F7; border: 0px #F0F0F0 solid; padding:0px 4px 0px 4px; white-space: nowrap; background-image: url(tbl_bck00.png)\" class=\"hierarchy\"><img src=\"tbl_spacer.png\" alt=\".\" style=\"background-color: inherit\" class=\"hierarchy\"/><img src=\"tbl_vjoin_end.png\" alt=\".\" style=\"background-color: inherit\" class=\"hierarchy\"/><img src=\"icon_element.gif\" alt=\".\" style=\"background-color: #F7F7F7; background-color: inherit\" title=\"Element\" class=\"hierarchy\"/> <span style=\"text-decoration:line-through\" title=\"null\">communication</span><a name=\"Practitioner.communication\"> </a></td><td style=\"vertical-align: top; text-align : left; background-color: #F7F7F7; border: 0px #F0F0F0 solid; padding:0px 4px 0px 4px\" class=\"hierarchy\"/><td style=\"vertical-align: top; text-align : left; background-color: #F7F7F7; border: 0px #F0F0F0 solid; padding:0px 4px 0px 4px\" class=\"hierarchy\"><span style=\"text-decoration:line-through\"/><span style=\"text-decoration:line-through\"></span><span style=\"text-decoration:line-through\">..</span><span style=\"text-decoration:line-through\">0</span></td><td style=\"vertical-align: top; text-align : left; background-color: #F7F7F7; border: 0px #F0F0F0 solid; padding:0px 4px 0px 4px\" class=\"hierarchy\"/><td style=\"vertical-align: top; text-align : left; background-color: #F7F7F7; border: 0px #F0F0F0 solid; padding:0px 4px 0px 4px\" class=\"hierarchy\"/></tr>\r\n<tr><td colspan=\"5\" class=\"hierarchy\"><br/><a href=\"http://hl7.org/fhir/STU3/formats.html#table\" title=\"Legend for this format\"><img src=\"http://hl7.org/fhir/STU3/help16.png\" alt=\"doco\" style=\"background-color: inherit\"/> Documentation for this format</a></td></tr></table></div>"
  },
  "extension": [
    {
      "url": "http://hl7.org/fhir/StructureDefinition/structuredefinition-wg",
      "valueCode": "pa"
    }
  ],
  "url": "https://fhir.hl7.org.uk/STU3/StructureDefinition/CareConnect-Practitioner-1",
  "version": "1.1.0",
  "name": "CareConnect-Practitioner-1",
  "status": "draft",
  "date": "2018-11-05T00:00:00+00:00",
  "publisher": "HL7 UK",
  "contact": [
    {
      "name": "INTEROPen",
      "telecom": [
        {
          "system": "email",
          "value": "admin@interopen.org",
          "use": "work"
        }
      ]
    }
  ],
  "description": "The Practitioner resource represents the healthcare professional directly or indirectly involved in the provision of healthcare related services.",
  "purpose": "CURATED BY INTEROPen see: http://www.interopen.org/careconnect-curation-methodology/",
  "copyright": "Copyright © 2016 HL7 UK  Licensed under the Apache License, Version 2.0 (the \"License\"); you may not use this file except in compliance with the License. You may obtain a copy of the License at  http://www.apache.org/licenses/LICENSE-2.0  Unless required by applicable law or agreed to in writing, software distributed under the License is distributed on an \"AS IS\" BASIS, WITHOUT WARRANTIES OR CONDITIONS OF ANY KIND, either express or implied. See the License for the specific language governing permissions and limitations under the License.  HL7® FHIR® standard Copyright © 2011+ HL7  The HL7® FHIR® standard is used under the FHIR license. You may obtain a copy of the FHIR license at  https://www.hl7.org/fhir/license.html",
  "fhirVersion": "3.0.1",
  "mapping": [
    {
      "identity": "v2",
      "uri": "http://hl7.org/v2",
      "name": "HL7 v2 Mapping"
    },
    {
      "identity": "rim",
      "uri": "http://hl7.org/v3",
      "name": "RIM Mapping"
    },
    {
      "identity": "servd",
      "uri": "http://www.omg.org/spec/ServD/1.0/",
      "name": "ServD"
    },
    {
      "identity": "w5",
      "uri": "http://hl7.org/fhir/w5",
      "name": "W5 Mapping"
    }
  ],
  "kind": "resource",
  "abstract": false,
  "type": "Practitioner",
  "baseDefinition": "http://hl7.org/fhir/StructureDefinition/Practitioner",
  "derivation": "constraint",
  "snapshot": {
    "element": [
      {
        "id": "Practitioner",
        "path": "Practitioner",
        "short": "A person with a formal responsibility in the provisioning of healthcare or related services",
        "definition": "A person who is directly or indirectly involved in the provisioning of healthcare.",
        "comment": "Note that a cab driver no longer fits the bill. You probably would be interested in the organization rather than the individual?",
        "min": 0,
        "max": "*",
        "base": {
          "path": "Practitioner",
          "min": 0,
          "max": "*"
        },
        "constraint": [
          {
            "key": "dom-2",
            "severity": "error",
            "human": "If the resource is contained in another resource, it SHALL NOT contain nested Resources",
            "expression": "contained.contained.empty()",
            "xpath": "not(parent::f:contained and f:contained)",
            "source": "DomainResource"
          },
          {
            "key": "dom-1",
            "severity": "error",
            "human": "If the resource is contained in another resource, it SHALL NOT contain any narrative",
            "expression": "contained.text.empty()",
            "xpath": "not(parent::f:contained and f:text)",
            "source": "DomainResource"
          },
          {
            "key": "dom-4",
            "severity": "error",
            "human": "If a resource is contained in another resource, it SHALL NOT have a meta.versionId or a meta.lastUpdated",
            "expression": "contained.meta.versionId.empty() and contained.meta.lastUpdated.empty()",
            "xpath": "not(exists(f:contained/*/f:meta/f:versionId)) and not(exists(f:contained/*/f:meta/f:lastUpdated))",
            "source": "DomainResource"
          },
          {
            "key": "dom-3",
            "severity": "error",
            "human": "If the resource is contained in another resource, it SHALL be referred to from elsewhere in the resource",
            "expression": "contained.where(('#'+id in %resource.descendants().reference).not()).empty()",
            "xpath": "not(exists(for $id in f:contained/*/@id return $id[not(ancestor::f:contained/parent::*/descendant::f:reference/@value=concat('#', $id))]))",
            "source": "DomainResource"
          }
        ],
        "mapping": [
          {
            "identity": "rim",
            "map": "Entity. Role, or Act"
          },
          {
            "identity": "v2",
            "map": "PRD (as one example)"
          },
          {
            "identity": "rim",
            "map": "Role"
          },
          {
            "identity": "servd",
            "map": "Provider"
          },
          {
            "identity": "w5",
            "map": "administrative.individual"
          }
        ]
      },
      {
        "id": "Practitioner.id",
        "path": "Practitioner.id",
        "short": "Logical id of this artifact",
        "definition": "The logical id of the resource, as used in the URL for the resource. Once assigned, this value never changes.",
        "comment": "The only time that a resource does not have an id is when it is being submitted to the server using a create operation.",
        "min": 0,
        "max": "1",
        "base": {
          "path": "Resource.id",
          "min": 0,
          "max": "1"
        },
        "type": [
          {
            "code": "id"
          }
        ],
        "isSummary": true
      },
      {
        "id": "Practitioner.meta",
        "path": "Practitioner.meta",
        "short": "Metadata about the resource",
        "definition": "The metadata about the resource. This is content that is maintained by the infrastructure. Changes to the content may not always be associated with version changes to the resource.",
        "min": 0,
        "max": "1",
        "base": {
          "path": "Resource.meta",
          "min": 0,
          "max": "1"
        },
        "type": [
          {
            "code": "Meta"
          }
        ],
        "isSummary": true
      },
      {
        "id": "Practitioner.implicitRules",
        "path": "Practitioner.implicitRules",
        "short": "A set of rules under which this content was created",
        "definition": "A reference to a set of rules that were followed when the resource was constructed, and which must be understood when processing the content.",
        "comment": "Asserting this rule set restricts the content to be only understood by a limited set of trading partners. This inherently limits the usefulness of the data in the long term. However, the existing health eco-system is highly fractured, and not yet ready to define, collect, and exchange data in a generally computable sense. Wherever possible, implementers and/or specification writers should avoid using this element. \n\nThis element is labelled as a modifier because the implicit rules may provide additional knowledge about the resource that modifies it's meaning or interpretation.",
        "min": 0,
        "max": "1",
        "base": {
          "path": "Resource.implicitRules",
          "min": 0,
          "max": "1"
        },
        "type": [
          {
            "code": "uri"
          }
        ],
        "isModifier": true,
        "isSummary": true
      },
      {
        "id": "Practitioner.language",
        "path": "Practitioner.language",
        "short": "Language of the resource content",
        "definition": "The base language in which the resource is written.",
        "comment": "Language is provided to support indexing and accessibility (typically, services such as text to speech use the language tag). The html language tag in the narrative applies  to the narrative. The language tag on the resource may be used to specify the language of other presentations generated from the data in the resource  Not all the content has to be in the base language. The Resource.language should not be assumed to apply to the narrative automatically. If a language is specified, it should it also be specified on the div element in the html (see rules in HTML5 for information about the relationship between xml:lang and the html lang attribute).",
        "min": 0,
        "max": "1",
        "base": {
          "path": "Resource.language",
          "min": 0,
          "max": "1"
        },
        "type": [
          {
            "code": "code"
          }
        ],
        "binding": {
          "extension": [
            {
              "url": "http://hl7.org/fhir/StructureDefinition/elementdefinition-maxValueSet",
              "valueReference": {
                "reference": "http://hl7.org/fhir/ValueSet/all-languages"
              }
            },
            {
              "url": "http://hl7.org/fhir/StructureDefinition/elementdefinition-bindingName",
              "valueString": "Language"
            },
            {
              "url": "http://hl7.org/fhir/StructureDefinition/elementdefinition-isCommonBinding",
              "valueBoolean": true
            }
          ],
          "strength": "extensible",
          "description": "A human language.",
          "valueSetReference": {
            "reference": "http://hl7.org/fhir/ValueSet/languages"
          }
        }
      },
      {
        "id": "Practitioner.text",
        "path": "Practitioner.text",
        "short": "Text summary of the resource, for human interpretation",
        "definition": "A human-readable narrative that contains a summary of the resource, and may be used to represent the content of the resource to a human. The narrative need not encode all the structured data, but is required to contain sufficient detail to make it \"clinically safe\" for a human to just read the narrative. Resource definitions may define what content should be represented in the narrative to ensure clinical safety.",
        "comment": "Contained resources do not have narrative. Resources that are not contained SHOULD have a narrative. In some cases, a resource may only have text with little or no additional discrete data (as long as all minOccurs=1 elements are satisfied).  This may be necessary for data from legacy systems where information is captured as a \"text blob\" or where text is additionally entered raw or narrated and encoded in formation is added later.",
        "alias": [
          "narrative",
          "html",
          "xhtml",
          "display"
        ],
        "min": 0,
        "max": "1",
        "base": {
          "path": "DomainResource.text",
          "min": 0,
          "max": "1"
        },
        "type": [
          {
            "code": "Narrative"
          }
        ],
        "condition": [
          "dom-1"
        ],
        "mapping": [
          {
            "identity": "rim",
            "map": "Act.text?"
          }
        ]
      },
      {
        "id": "Practitioner.contained",
        "path": "Practitioner.contained",
        "short": "Contained, inline Resources",
        "definition": "These resources do not have an independent existence apart from the resource that contains them - they cannot be identified independently, and nor can they have their own independent transaction scope.",
        "comment": "This should never be done when the content can be identified properly, as once identification is lost, it is extremely difficult (and context dependent) to restore it again.",
        "alias": [
          "inline resources",
          "anonymous resources",
          "contained resources"
        ],
        "min": 0,
        "max": "*",
        "base": {
          "path": "DomainResource.contained",
          "min": 0,
          "max": "*"
        },
        "type": [
          {
            "code": "Resource"
          }
        ],
        "mapping": [
          {
            "identity": "rim",
            "map": "N/A"
          }
        ]
      },
      {
        "id": "Practitioner.extension",
        "path": "Practitioner.extension",
        "slicing": {
          "discriminator": [
            {
              "type": "value",
              "path": "url"
            }
          ],
          "rules": "open"
        },
        "short": "Extension",
        "definition": "An Extension",
        "min": 0,
        "max": "*",
        "base": {
          "path": "DomainResource.extension",
          "min": 0,
          "max": "*"
        },
        "type": [
          {
            "code": "Extension"
          }
        ]
      },
      {
        "id": "Practitioner.extension:nhsCommunication",
        "path": "Practitioner.extension",
        "sliceName": "nhsCommunication",
        "short": "Extension",
        "definition": "An Extension",
        "min": 0,
        "max": "*",
        "base": {
          "path": "DomainResource.extension",
          "min": 0,
          "max": "*"
        },
        "type": [
          {
            "code": "Extension",
            "profile": "https://fhir.hl7.org.uk/STU3/StructureDefinition/Extension-CareConnect-NHSCommunication-1"
          }
        ]
      },
      {
        "id": "Practitioner.modifierExtension",
        "path": "Practitioner.modifierExtension",
        "short": "Extensions that cannot be ignored",
        "definition": "May be used to represent additional information that is not part of the basic definition of the resource, and that modifies the understanding of the element that contains it. Usually modifier elements provide negation or qualification. In order to make the use of extensions safe and manageable, there is a strict set of governance applied to the definition and use of extensions. Though any implementer is allowed to define an extension, there is a set of requirements that SHALL be met as part of the definition of the extension. Applications processing a resource are required to check for modifier extensions.",
        "comment": "There can be no stigma associated with the use of extensions by any application, project, or standard - regardless of the institution or jurisdiction that uses or defines the extensions.  The use of extensions is what allows the FHIR specification to retain a core level of simplicity for everyone.",
        "alias": [
          "extensions",
          "user content"
        ],
        "min": 0,
        "max": "*",
        "base": {
          "path": "DomainResource.modifierExtension",
          "min": 0,
          "max": "*"
        },
        "type": [
          {
            "code": "Extension"
          }
        ],
        "isModifier": true,
        "mapping": [
          {
            "identity": "rim",
            "map": "N/A"
          }
        ]
      },
      {
        "id": "Practitioner.identifier",
        "path": "Practitioner.identifier",
        "slicing": {
          "discriminator": [
            {
              "type": "value",
              "path": "system"
            }
          ],
          "ordered": false,
          "rules": "openAtEnd"
        },
        "short": "A identifier for the person as this agent",
        "definition": "An identifier that applies to this person in this role.",
        "requirements": "Often, specific identities are assigned for the agent.",
        "min": 0,
        "max": "*",
        "base": {
          "path": "Practitioner.identifier",
          "min": 0,
          "max": "*"
        },
        "type": [
          {
            "code": "Identifier"
          }
        ],
        "isSummary": true,
        "mapping": [
          {
            "identity": "v2",
            "map": "PRD-7 (or XCN.1)"
          },
          {
            "identity": "rim",
            "map": "./id"
          },
          {
            "identity": "servd",
            "map": "./Identifiers"
          },
          {
            "identity": "w5",
            "map": "id"
          }
        ]
      },
      {
        "id": "Practitioner.identifier:sdsUserID",
        "path": "Practitioner.identifier",
        "sliceName": "sdsUserID",
        "short": "A identifier for the person as this agent",
        "definition": "An identifier that applies to this person in this role.",
        "requirements": "Often, specific identities are assigned for the agent.",
        "min": 0,
        "max": "1",
        "base": {
          "path": "Practitioner.identifier",
          "min": 0,
          "max": "*"
        },
        "type": [
          {
            "code": "Identifier"
          }
        ],
        "isSummary": true,
        "mapping": [
          {
            "identity": "v2",
            "map": "PRD-7 (or XCN.1)"
          },
          {
            "identity": "rim",
            "map": "./id"
          },
          {
            "identity": "servd",
            "map": "./Identifiers"
          },
          {
            "identity": "w5",
            "map": "id"
          }
        ]
      },
      {
        "id": "Practitioner.identifier:sdsUserID.id",
        "path": "Practitioner.identifier.id",
        "representation": [
          "xmlAttr"
        ],
        "short": "xml:id (or equivalent in JSON)",
        "definition": "unique id for the element within a resource (for internal references). This may be any string value that does not contain spaces.",
        "min": 0,
        "max": "1",
        "base": {
          "path": "Element.id",
          "min": 0,
          "max": "1"
        },
        "type": [
          {
            "code": "string"
          }
        ],
        "mapping": [
          {
            "identity": "rim",
            "map": "n/a"
          }
        ]
      },
      {
        "id": "Practitioner.identifier:sdsUserID.extension",
        "path": "Practitioner.identifier.extension",
        "slicing": {
          "discriminator": [
            {
              "type": "value",
              "path": "url"
            }
          ],
          "description": "Extensions are always sliced by (at least) url",
          "rules": "open"
        },
        "short": "Additional Content defined by implementations",
        "definition": "May be used to represent additional information that is not part of the basic definition of the element. In order to make the use of extensions safe and manageable, there is a strict set of governance  applied to the definition and use of extensions. Though any implementer is allowed to define an extension, there is a set of requirements that SHALL be met as part of the definition of the extension.",
        "comment": "There can be no stigma associated with the use of extensions by any application, project, or standard - regardless of the institution or jurisdiction that uses or defines the extensions.  The use of extensions is what allows the FHIR specification to retain a core level of simplicity for everyone.",
        "alias": [
          "extensions",
          "user content"
        ],
        "min": 0,
        "max": "*",
        "base": {
          "path": "Element.extension",
          "min": 0,
          "max": "*"
        },
        "type": [
          {
            "code": "Extension"
          }
        ],
        "mapping": [
          {
            "identity": "rim",
            "map": "n/a"
          }
        ]
      },
      {
        "id": "Practitioner.identifier:sdsUserID.use",
        "path": "Practitioner.identifier.use",
        "short": "usual | official | temp | secondary (If known)",
        "definition": "The purpose of this identifier.",
        "comment": "This is labeled as \"Is Modifier\" because applications should not mistake a temporary id for a permanent one. Applications can assume that an identifier is permanent unless it explicitly says that it is temporary.",
        "requirements": "Allows the appropriate identifier for a particular context of use to be selected from among a set of identifiers.",
        "min": 0,
        "max": "1",
        "base": {
          "path": "Identifier.use",
          "min": 0,
          "max": "1"
        },
        "type": [
          {
            "code": "code"
          }
        ],
        "isModifier": true,
        "isSummary": true,
        "binding": {
          "extension": [
            {
              "url": "http://hl7.org/fhir/StructureDefinition/elementdefinition-bindingName",
              "valueString": "IdentifierUse"
            }
          ],
          "strength": "required",
          "description": "Identifies the purpose for this identifier, if known .",
          "valueSetReference": {
            "reference": "http://hl7.org/fhir/ValueSet/identifier-use"
          }
        },
        "mapping": [
          {
            "identity": "v2",
            "map": "N/A"
          },
          {
            "identity": "rim",
            "map": "Role.code or implied by context"
          }
        ]
      },
      {
        "id": "Practitioner.identifier:sdsUserID.type",
        "path": "Practitioner.identifier.type",
        "short": "Description of identifier",
        "definition": "A coded type for the identifier that can be used to determine which identifier to use for a specific purpose.",
        "comment": "This element deals only with general categories of identifiers.  It SHOULD not be used for codes that correspond 1..1 with the Identifier.system. Some identifiers may fall into multiple categories due to common usage. \n\nWhere the system is known, a type is unnecessary because the type is always part of the system definition. However systems often need to handle identifiers where the system is not known. There is not a 1:1 relationship between type and system, since many different systems have the same type.",
        "requirements": "Allows users to make use of identifiers when the identifier system is not known.",
        "min": 0,
        "max": "1",
        "base": {
          "path": "Identifier.type",
          "min": 0,
          "max": "1"
        },
        "type": [
          {
            "code": "CodeableConcept"
          }
        ],
        "isSummary": true,
        "binding": {
          "extension": [
            {
              "url": "http://hl7.org/fhir/StructureDefinition/elementdefinition-bindingName",
              "valueString": "IdentifierType"
            },
            {
              "url": "http://hl7.org/fhir/StructureDefinition/elementdefinition-isCommonBinding",
              "valueBoolean": true
            }
          ],
          "strength": "extensible",
          "description": "A coded type for an identifier that can be used to determine which identifier to use for a specific purpose.",
          "valueSetReference": {
            "reference": "http://hl7.org/fhir/ValueSet/identifier-type"
          }
        },
        "mapping": [
          {
            "identity": "v2",
            "map": "CX.5"
          },
          {
            "identity": "rim",
            "map": "Role.code or implied by context"
          }
        ]
      },
      {
        "id": "Practitioner.identifier:sdsUserID.system",
        "path": "Practitioner.identifier.system",
        "short": "The namespace for the identifier value",
        "definition": "Establishes the namespace for the value - that is, a URL that describes a set values that are unique.",
        "requirements": "There are many sets  of identifiers.  To perform matching of two identifiers, we need to know what set we're dealing with. The system identifies a particular set of unique identifiers.",
        "min": 1,
        "max": "1",
        "base": {
          "path": "Identifier.system",
          "min": 0,
          "max": "1"
        },
        "type": [
          {
            "code": "uri"
          }
        ],
        "fixedUri": "https://fhir.nhs.uk/Id/sds-user-id",
        "example": [
          {
            "label": "General",
            "valueUri": "http://www.acme.com/identifiers/patient or urn:ietf:rfc:3986 if the Identifier.value itself is a full uri"
          }
        ],
        "isSummary": true,
        "mapping": [
          {
            "identity": "v2",
            "map": "CX.4 / EI-2-4"
          },
          {
            "identity": "rim",
            "map": "II.root or Role.id.root"
          },
          {
            "identity": "servd",
            "map": "./IdentifierType"
          }
        ]
      },
      {
        "id": "Practitioner.identifier:sdsUserID.value",
        "path": "Practitioner.identifier.value",
        "short": "The value that is unique",
        "definition": "The portion of the identifier typically relevant to the user and which is unique within the context of the system.",
        "comment": "If the value is a full URI, then the system SHALL be urn:ietf:rfc:3986.  The value's primary purpose is computational mapping.  As a result, it may be normalized for comparison purposes (e.g. removing non-significant whitespace, dashes, etc.)  A value formatted for human display can be conveyed using the [Rendered Value extension](http://hl7.org/fhir/STU3/extension-rendered-value.html).",
        "min": 1,
        "max": "1",
        "base": {
          "path": "Identifier.value",
          "min": 0,
          "max": "1"
        },
        "type": [
          {
            "code": "string"
          }
        ],
        "example": [
          {
            "label": "General",
            "valueString": "123456"
          }
        ],
        "isSummary": true,
        "mapping": [
          {
            "identity": "v2",
            "map": "CX.1 / EI.1"
          },
          {
            "identity": "rim",
            "map": "II.extension or II.root if system indicates OID or GUID (Or Role.id.extension or root)"
          },
          {
            "identity": "servd",
            "map": "./Value"
          }
        ]
      },
      {
        "id": "Practitioner.identifier:sdsUserID.period",
        "path": "Practitioner.identifier.period",
        "short": "Time period when id is/was valid for use",
        "definition": "Time period during which identifier is/was valid for use.",
        "min": 0,
        "max": "1",
        "base": {
          "path": "Identifier.period",
          "min": 0,
          "max": "1"
        },
        "type": [
          {
            "code": "Period"
          }
        ],
        "isSummary": true,
        "mapping": [
          {
            "identity": "v2",
            "map": "CX.7 + CX.8"
          },
          {
            "identity": "rim",
            "map": "Role.effectiveTime or implied by context"
          },
          {
            "identity": "servd",
            "map": "./StartDate and ./EndDate"
          }
        ]
      },
      {
        "id": "Practitioner.identifier:sdsUserID.assigner",
        "path": "Practitioner.identifier.assigner",
        "short": "Organization that issued id (may be just text)",
        "definition": "Organization that issued/manages the identifier.",
        "comment": "The Identifier.assigner may omit the .reference element and only contain a .display element reflecting the name or other textual information about the assigning organization.",
        "min": 0,
        "max": "1",
        "base": {
          "path": "Identifier.assigner",
          "min": 0,
          "max": "1"
        },
        "type": [
          {
            "code": "Reference",
            "targetProfile": "https://fhir.hl7.org.uk/STU3/StructureDefinition/CareConnect-Organization-1"
          }
        ],
        "isSummary": true,
        "mapping": [
          {
            "identity": "v2",
            "map": "CX.4 / (CX.4,CX.9,CX.10)"
          },
          {
            "identity": "rim",
            "map": "II.assigningAuthorityName but note that this is an improper use by the definition of the field.  Also Role.scoper"
          },
          {
            "identity": "servd",
            "map": "./IdentifierIssuingAuthority"
          }
        ]
      },
      {
        "id": "Practitioner.identifier:sdsRoleProfileID",
        "path": "Practitioner.identifier",
        "sliceName": "sdsRoleProfileID",
        "short": "A identifier for the person as this agent",
        "definition": "An identifier that applies to this person in this role.",
        "requirements": "Often, specific identities are assigned for the agent.",
        "min": 0,
        "max": "*",
        "base": {
          "path": "Practitioner.identifier",
          "min": 0,
          "max": "*"
        },
        "type": [
          {
            "code": "Identifier"
          }
        ],
        "isSummary": true,
        "mapping": [
          {
            "identity": "v2",
            "map": "PRD-7 (or XCN.1)"
          },
          {
            "identity": "rim",
            "map": "./id"
          },
          {
            "identity": "servd",
            "map": "./Identifiers"
          },
          {
            "identity": "w5",
            "map": "id"
          }
        ]
      },
      {
        "id": "Practitioner.identifier:sdsRoleProfileID.id",
        "path": "Practitioner.identifier.id",
        "representation": [
          "xmlAttr"
        ],
        "short": "xml:id (or equivalent in JSON)",
        "definition": "unique id for the element within a resource (for internal references). This may be any string value that does not contain spaces.",
        "min": 0,
        "max": "1",
        "base": {
          "path": "Element.id",
          "min": 0,
          "max": "1"
        },
        "type": [
          {
            "code": "string"
          }
        ],
        "mapping": [
          {
            "identity": "rim",
            "map": "n/a"
          }
        ]
      },
      {
        "id": "Practitioner.identifier:sdsRoleProfileID.extension",
        "path": "Practitioner.identifier.extension",
        "slicing": {
          "discriminator": [
            {
              "type": "value",
              "path": "url"
            }
          ],
          "description": "Extensions are always sliced by (at least) url",
          "rules": "open"
        },
        "short": "Additional Content defined by implementations",
        "definition": "May be used to represent additional information that is not part of the basic definition of the element. In order to make the use of extensions safe and manageable, there is a strict set of governance  applied to the definition and use of extensions. Though any implementer is allowed to define an extension, there is a set of requirements that SHALL be met as part of the definition of the extension.",
        "comment": "There can be no stigma associated with the use of extensions by any application, project, or standard - regardless of the institution or jurisdiction that uses or defines the extensions.  The use of extensions is what allows the FHIR specification to retain a core level of simplicity for everyone.",
        "alias": [
          "extensions",
          "user content"
        ],
        "min": 0,
        "max": "*",
        "base": {
          "path": "Element.extension",
          "min": 0,
          "max": "*"
        },
        "type": [
          {
            "code": "Extension"
          }
        ],
        "mapping": [
          {
            "identity": "rim",
            "map": "n/a"
          }
        ]
      },
      {
        "id": "Practitioner.identifier:sdsRoleProfileID.use",
        "path": "Practitioner.identifier.use",
        "short": "usual | official | temp | secondary (If known)",
        "definition": "The purpose of this identifier.",
        "comment": "This is labeled as \"Is Modifier\" because applications should not mistake a temporary id for a permanent one. Applications can assume that an identifier is permanent unless it explicitly says that it is temporary.",
        "requirements": "Allows the appropriate identifier for a particular context of use to be selected from among a set of identifiers.",
        "min": 0,
        "max": "1",
        "base": {
          "path": "Identifier.use",
          "min": 0,
          "max": "1"
        },
        "type": [
          {
            "code": "code"
          }
        ],
        "isModifier": true,
        "isSummary": true,
        "binding": {
          "extension": [
            {
              "url": "http://hl7.org/fhir/StructureDefinition/elementdefinition-bindingName",
              "valueString": "IdentifierUse"
            }
          ],
          "strength": "required",
          "description": "Identifies the purpose for this identifier, if known .",
          "valueSetReference": {
            "reference": "http://hl7.org/fhir/ValueSet/identifier-use"
          }
        },
        "mapping": [
          {
            "identity": "v2",
            "map": "N/A"
          },
          {
            "identity": "rim",
            "map": "Role.code or implied by context"
          }
        ]
      },
      {
        "id": "Practitioner.identifier:sdsRoleProfileID.type",
        "path": "Practitioner.identifier.type",
        "short": "Description of identifier",
        "definition": "A coded type for the identifier that can be used to determine which identifier to use for a specific purpose.",
        "comment": "This element deals only with general categories of identifiers.  It SHOULD not be used for codes that correspond 1..1 with the Identifier.system. Some identifiers may fall into multiple categories due to common usage. \n\nWhere the system is known, a type is unnecessary because the type is always part of the system definition. However systems often need to handle identifiers where the system is not known. There is not a 1:1 relationship between type and system, since many different systems have the same type.",
        "requirements": "Allows users to make use of identifiers when the identifier system is not known.",
        "min": 0,
        "max": "1",
        "base": {
          "path": "Identifier.type",
          "min": 0,
          "max": "1"
        },
        "type": [
          {
            "code": "CodeableConcept"
          }
        ],
        "isSummary": true,
        "binding": {
          "extension": [
            {
              "url": "http://hl7.org/fhir/StructureDefinition/elementdefinition-bindingName",
              "valueString": "IdentifierType"
            },
            {
              "url": "http://hl7.org/fhir/StructureDefinition/elementdefinition-isCommonBinding",
              "valueBoolean": true
            }
          ],
          "strength": "extensible",
          "description": "A coded type for an identifier that can be used to determine which identifier to use for a specific purpose.",
          "valueSetReference": {
            "reference": "http://hl7.org/fhir/ValueSet/identifier-type"
          }
        },
        "mapping": [
          {
            "identity": "v2",
            "map": "CX.5"
          },
          {
            "identity": "rim",
            "map": "Role.code or implied by context"
          }
        ]
      },
      {
        "id": "Practitioner.identifier:sdsRoleProfileID.system",
        "path": "Practitioner.identifier.system",
        "short": "The namespace for the identifier value",
        "definition": "Establishes the namespace for the value - that is, a URL that describes a set values that are unique.",
        "requirements": "There are many sets  of identifiers.  To perform matching of two identifiers, we need to know what set we're dealing with. The system identifies a particular set of unique identifiers.",
        "min": 1,
        "max": "1",
        "base": {
          "path": "Identifier.system",
          "min": 0,
          "max": "1"
        },
        "type": [
          {
            "code": "uri"
          }
        ],
        "fixedUri": "https://fhir.nhs.uk/Id/sds-role-profile-id",
        "example": [
          {
            "label": "General",
            "valueUri": "http://www.acme.com/identifiers/patient or urn:ietf:rfc:3986 if the Identifier.value itself is a full uri"
          }
        ],
        "isSummary": true,
        "mapping": [
          {
            "identity": "v2",
            "map": "CX.4 / EI-2-4"
          },
          {
            "identity": "rim",
            "map": "II.root or Role.id.root"
          },
          {
            "identity": "servd",
            "map": "./IdentifierType"
          }
        ]
      },
      {
        "id": "Practitioner.identifier:sdsRoleProfileID.value",
        "path": "Practitioner.identifier.value",
        "short": "The value that is unique",
        "definition": "The portion of the identifier typically relevant to the user and which is unique within the context of the system.",
        "comment": "If the value is a full URI, then the system SHALL be urn:ietf:rfc:3986.  The value's primary purpose is computational mapping.  As a result, it may be normalized for comparison purposes (e.g. removing non-significant whitespace, dashes, etc.)  A value formatted for human display can be conveyed using the [Rendered Value extension](http://hl7.org/fhir/STU3/extension-rendered-value.html).",
        "min": 1,
        "max": "1",
        "base": {
          "path": "Identifier.value",
          "min": 0,
          "max": "1"
        },
        "type": [
          {
            "code": "string"
          }
        ],
        "example": [
          {
            "label": "General",
            "valueString": "123456"
          }
        ],
        "isSummary": true,
        "mapping": [
          {
            "identity": "v2",
            "map": "CX.1 / EI.1"
          },
          {
            "identity": "rim",
            "map": "II.extension or II.root if system indicates OID or GUID (Or Role.id.extension or root)"
          },
          {
            "identity": "servd",
            "map": "./Value"
          }
        ]
      },
      {
        "id": "Practitioner.identifier:sdsRoleProfileID.period",
        "path": "Practitioner.identifier.period",
        "short": "Time period when id is/was valid for use",
        "definition": "Time period during which identifier is/was valid for use.",
        "min": 0,
        "max": "1",
        "base": {
          "path": "Identifier.period",
          "min": 0,
          "max": "1"
        },
        "type": [
          {
            "code": "Period"
          }
        ],
        "isSummary": true,
        "mapping": [
          {
            "identity": "v2",
            "map": "CX.7 + CX.8"
          },
          {
            "identity": "rim",
            "map": "Role.effectiveTime or implied by context"
          },
          {
            "identity": "servd",
            "map": "./StartDate and ./EndDate"
          }
        ]
      },
      {
        "id": "Practitioner.identifier:sdsRoleProfileID.assigner",
        "path": "Practitioner.identifier.assigner",
        "short": "Organization that issued id (may be just text)",
        "definition": "Organization that issued/manages the identifier.",
        "comment": "The Identifier.assigner may omit the .reference element and only contain a .display element reflecting the name or other textual information about the assigning organization.",
        "min": 0,
        "max": "1",
        "base": {
          "path": "Identifier.assigner",
          "min": 0,
          "max": "1"
        },
        "type": [
          {
            "code": "Reference",
            "targetProfile": "https://fhir.hl7.org.uk/STU3/StructureDefinition/CareConnect-Organization-1"
          }
        ],
        "isSummary": true,
        "mapping": [
          {
            "identity": "v2",
            "map": "CX.4 / (CX.4,CX.9,CX.10)"
          },
          {
            "identity": "rim",
            "map": "II.assigningAuthorityName but note that this is an improper use by the definition of the field.  Also Role.scoper"
          },
          {
            "identity": "servd",
            "map": "./IdentifierIssuingAuthority"
          }
        ]
      },
      {
        "id": "Practitioner.active",
        "path": "Practitioner.active",
        "short": "Whether this practitioner's record is in active use",
        "definition": "Whether this practitioner's record is in active use.",
        "comment": "Default is true. \r\rIf the practitioner is not in use by one organization, then it should mark the period on the PractitonerRole with an end date (even if they are active) as they may be active in another role.",
        "requirements": "Need to be able to mark a practitioner record as not to be used because it was created in error.",
        "min": 0,
        "max": "1",
        "base": {
          "path": "Practitioner.active",
          "min": 0,
          "max": "1"
        },
        "type": [
          {
            "code": "boolean"
          }
        ],
        "defaultValueBoolean": true,
        "isSummary": true,
        "mapping": [
          {
            "identity": "rim",
            "map": "./statusCode"
          },
          {
            "identity": "w5",
            "map": "status"
          }
        ]
      },
      {
        "id": "Practitioner.name",
        "path": "Practitioner.name",
        "short": "The name(s) associated with the practitioner",
        "definition": "The name(s) associated with the practitioner.",
        "comment": "The selection of the use property should ensure that there is a single usual name specified, and others use the nickname (alias), old, or other values as appropriate.\r\rIn general select the value to be used in the ResourceReference.display based on this:\r\r1. There is more than 1 name\r2. Use = usual\r3. Period is current to the date of the usage\r4. Use = official\r5. Other order as decided by internal business rules.",
        "requirements": "The name(s) that a Practitioner is known by. Where there are multiple, the name that the practitioner is usually known as should be used in the display.",
        "min": 0,
        "max": "*",
        "base": {
          "path": "Practitioner.name",
          "min": 0,
          "max": "*"
        },
        "type": [
          {
            "code": "HumanName"
          }
        ],
        "isSummary": true,
        "mapping": [
          {
            "identity": "v2",
            "map": "XCN Components"
          },
          {
            "identity": "rim",
            "map": "./name"
          },
          {
            "identity": "servd",
            "map": "./PreferredName (GivenNames, FamilyName, TitleCode)"
          }
        ]
      },
      {
        "id": "Practitioner.telecom",
        "path": "Practitioner.telecom",
        "short": "A contact detail for the practitioner (that apply to all roles)",
        "definition": "A contact detail for the practitioner, e.g. a telephone number or an email address.",
        "comment": "Person may have multiple ways to be contacted with different uses or applicable periods.  May need to have options for contacting the person urgently, and also to help with identification\r\rThese typically will have home numbers, or mobile numbers that are not role specific.",
        "requirements": "Need to know how to reach a practitioner independent to any roles the practitioner may have.",
        "min": 0,
        "max": "*",
        "base": {
          "path": "Practitioner.telecom",
          "min": 0,
          "max": "*"
        },
        "type": [
          {
            "code": "ContactPoint"
          }
        ],
        "isSummary": true,
        "mapping": [
          {
            "identity": "v2",
            "map": "PRT-15, STF-10, ROL-12"
          },
          {
            "identity": "rim",
            "map": "./telecom"
          },
          {
            "identity": "servd",
            "map": "./ContactPoints"
          }
        ]
      },
      {
        "id": "Practitioner.address",
        "path": "Practitioner.address",
        "short": "Address(es) of the practitioner that are not role specific (typically home address)",
        "definition": "Address(es) of the practitioner that are not role specific (typically home address). \rWork addresses are not typically entered in this property as they are usually role dependent.",
        "comment": "The PractitionerRole does not have an address value on it, as it is expected that the location property be used for this purpose (which has an address).",
        "requirements": "The home/mailing address of the practitioner is often required for employee administration purposes, and also for some rostering services where the start point (practitioners home) can be used in calculations.",
        "min": 0,
        "max": "*",
        "base": {
          "path": "Practitioner.address",
          "min": 0,
          "max": "*"
        },
        "type": [
          {
            "code": "Address"
          }
        ],
        "isSummary": true,
        "mapping": [
          {
            "identity": "v2",
            "map": "ORC-24, STF-11, ROL-11, PRT-14"
          },
          {
            "identity": "rim",
            "map": "./addr"
          },
          {
            "identity": "servd",
            "map": "./Addresses"
          }
        ]
      },
      {
        "id": "Practitioner.gender",
        "path": "Practitioner.gender",
        "short": "male | female | other | unknown",
        "definition": "Administrative Gender - the gender that the person is considered to have for administration and record keeping purposes.",
        "requirements": "Needed to address the person correctly.",
        "min": 0,
        "max": "1",
        "base": {
          "path": "Practitioner.gender",
          "min": 0,
          "max": "1"
        },
        "type": [
          {
            "code": "code"
          }
        ],
        "isSummary": true,
        "binding": {
          "extension": [
            {
              "url": "http://hl7.org/fhir/StructureDefinition/elementdefinition-bindingName",
              "valueString": "AdministrativeGender"
            },
            {
              "url": "http://hl7.org/fhir/StructureDefinition/elementdefinition-isCommonBinding",
              "valueBoolean": true
            }
          ],
          "strength": "required",
          "valueSetReference": {
            "reference": "https://fhir.hl7.org.uk/STU3/ValueSet/CareConnect-AdministrativeGender-1"
          }
        },
        "mapping": [
          {
            "identity": "v2",
            "map": "STF-5"
          },
          {
            "identity": "rim",
            "map": "./administrativeGender"
          },
          {
            "identity": "servd",
            "map": "./GenderCode"
          }
        ]
      },
      {
        "id": "Practitioner.birthDate",
        "path": "Practitioner.birthDate",
        "short": "The date  on which the practitioner was born",
        "definition": "The date of birth for the practitioner.",
        "requirements": "Needed for identification.",
        "min": 0,
        "max": "1",
        "base": {
          "path": "Practitioner.birthDate",
          "min": 0,
          "max": "1"
        },
        "type": [
          {
            "code": "date"
          }
        ],
        "isSummary": true,
        "mapping": [
          {
            "identity": "v2",
            "map": "STF-6"
          },
          {
            "identity": "rim",
            "map": "./birthTime"
          },
          {
            "identity": "servd",
            "map": "(not represented in ServD)"
          }
        ]
      },
      {
        "id": "Practitioner.photo",
        "path": "Practitioner.photo",
        "short": "Image of the person",
        "definition": "Image of the person.",
        "requirements": "Many EHR systems have the capability to capture an image of patients and personnel. Fits with newer social media usage too.",
        "min": 0,
        "max": "*",
        "base": {
          "path": "Practitioner.photo",
          "min": 0,
          "max": "*"
        },
        "type": [
          {
            "code": "Attachment"
          }
        ],
        "mapping": [
          {
            "identity": "rim",
            "map": "./subjectOf/ObservationEvent[code=\"photo\"]/value"
          },
          {
            "identity": "servd",
            "map": "./ImageURI (only supports the URI reference)"
          }
        ]
      },
      {
        "id": "Practitioner.qualification",
        "path": "Practitioner.qualification",
        "short": "Qualifications obtained by training and certification",
        "definition": "Qualifications obtained by training and certification.",
        "min": 0,
        "max": "*",
        "base": {
          "path": "Practitioner.qualification",
          "min": 0,
          "max": "*"
        },
        "type": [
          {
            "code": "BackboneElement"
          }
        ],
        "constraint": [
          {
            "key": "ele-1",
            "severity": "error",
            "human": "All FHIR elements must have a @value or children",
            "expression": "hasValue() | (children().count() > id.count())",
            "xpath": "@value|f:*|h:div",
            "source": "Element"
          }
        ],
        "mapping": [
          {
            "identity": "v2",
            "map": "CER?"
          },
          {
            "identity": "rim",
            "map": ".playingEntity.playingRole[classCode=QUAL].code"
          },
          {
            "identity": "servd",
            "map": "./Qualifications"
          }
        ]
      },
      {
        "id": "Practitioner.qualification.id",
        "path": "Practitioner.qualification.id",
        "representation": [
          "xmlAttr"
        ],
        "short": "xml:id (or equivalent in JSON)",
        "definition": "unique id for the element within a resource (for internal references). This may be any string value that does not contain spaces.",
        "min": 0,
        "max": "1",
        "base": {
          "path": "Element.id",
          "min": 0,
          "max": "1"
        },
        "type": [
          {
            "code": "string"
          }
        ],
        "mapping": [
          {
            "identity": "rim",
            "map": "n/a"
          }
        ]
      },
      {
        "id": "Practitioner.qualification.extension",
        "path": "Practitioner.qualification.extension",
        "short": "Additional Content defined by implementations",
        "definition": "May be used to represent additional information that is not part of the basic definition of the element. In order to make the use of extensions safe and manageable, there is a strict set of governance  applied to the definition and use of extensions. Though any implementer is allowed to define an extension, there is a set of requirements that SHALL be met as part of the definition of the extension.",
        "comment": "There can be no stigma associated with the use of extensions by any application, project, or standard - regardless of the institution or jurisdiction that uses or defines the extensions.  The use of extensions is what allows the FHIR specification to retain a core level of simplicity for everyone.",
        "alias": [
          "extensions",
          "user content"
        ],
        "min": 0,
        "max": "*",
        "base": {
          "path": "Element.extension",
          "min": 0,
          "max": "*"
        },
        "type": [
          {
            "code": "Extension"
          }
        ],
        "mapping": [
          {
            "identity": "rim",
            "map": "n/a"
          }
        ]
      },
      {
        "id": "Practitioner.qualification.modifierExtension",
        "path": "Practitioner.qualification.modifierExtension",
        "short": "Extensions that cannot be ignored",
        "definition": "May be used to represent additional information that is not part of the basic definition of the element, and that modifies the understanding of the element that contains it. Usually modifier elements provide negation or qualification. In order to make the use of extensions safe and manageable, there is a strict set of governance applied to the definition and use of extensions. Though any implementer is allowed to define an extension, there is a set of requirements that SHALL be met as part of the definition of the extension. Applications processing a resource are required to check for modifier extensions.",
        "comment": "There can be no stigma associated with the use of extensions by any application, project, or standard - regardless of the institution or jurisdiction that uses or defines the extensions.  The use of extensions is what allows the FHIR specification to retain a core level of simplicity for everyone.",
        "alias": [
          "extensions",
          "user content",
          "modifiers"
        ],
        "min": 0,
        "max": "*",
        "base": {
          "path": "BackboneElement.modifierExtension",
          "min": 0,
          "max": "*"
        },
        "type": [
          {
            "code": "Extension"
          }
        ],
        "isModifier": true,
        "isSummary": true,
        "mapping": [
          {
            "identity": "rim",
            "map": "N/A"
          }
        ]
      },
      {
        "id": "Practitioner.qualification.identifier",
        "path": "Practitioner.qualification.identifier",
        "short": "An identifier for this qualification for the practitioner",
        "definition": "An identifier that applies to this person's qualification in this role.",
        "requirements": "Often, specific identities are assigned for the qualification.",
        "min": 0,
        "max": "*",
        "base": {
          "path": "Practitioner.qualification.identifier",
          "min": 0,
          "max": "*"
        },
        "type": [
          {
            "code": "Identifier"
          }
        ],
        "mapping": [
          {
            "identity": "rim",
            "map": ".playingEntity.playingRole[classCode=QUAL].id"
          }
        ]
      },
      {
        "id": "Practitioner.qualification.identifier.id",
        "path": "Practitioner.qualification.identifier.id",
        "representation": [
          "xmlAttr"
        ],
        "short": "xml:id (or equivalent in JSON)",
        "definition": "unique id for the element within a resource (for internal references). This may be any string value that does not contain spaces.",
        "min": 0,
        "max": "1",
        "base": {
          "path": "Element.id",
          "min": 0,
          "max": "1"
        },
        "type": [
          {
            "code": "string"
          }
        ],
        "mapping": [
          {
            "identity": "rim",
            "map": "n/a"
          }
        ]
      },
      {
        "id": "Practitioner.qualification.identifier.extension",
        "path": "Practitioner.qualification.identifier.extension",
        "slicing": {
          "discriminator": [
            {
              "type": "value",
              "path": "url"
            }
          ],
          "description": "Extensions are always sliced by (at least) url",
          "rules": "open"
        },
        "short": "Additional Content defined by implementations",
        "definition": "May be used to represent additional information that is not part of the basic definition of the element. In order to make the use of extensions safe and manageable, there is a strict set of governance  applied to the definition and use of extensions. Though any implementer is allowed to define an extension, there is a set of requirements that SHALL be met as part of the definition of the extension.",
        "comment": "There can be no stigma associated with the use of extensions by any application, project, or standard - regardless of the institution or jurisdiction that uses or defines the extensions.  The use of extensions is what allows the FHIR specification to retain a core level of simplicity for everyone.",
        "alias": [
          "extensions",
          "user content"
        ],
        "min": 0,
        "max": "*",
        "base": {
          "path": "Element.extension",
          "min": 0,
          "max": "*"
        },
        "type": [
          {
            "code": "Extension"
          }
        ],
        "mapping": [
          {
            "identity": "rim",
            "map": "n/a"
          }
        ]
      },
      {
        "id": "Practitioner.qualification.identifier.use",
        "path": "Practitioner.qualification.identifier.use",
        "short": "usual | official | temp | secondary (If known)",
        "definition": "The purpose of this identifier.",
        "comment": "This is labeled as \"Is Modifier\" because applications should not mistake a temporary id for a permanent one. Applications can assume that an identifier is permanent unless it explicitly says that it is temporary.",
        "requirements": "Allows the appropriate identifier for a particular context of use to be selected from among a set of identifiers.",
        "min": 0,
        "max": "1",
        "base": {
          "path": "Identifier.use",
          "min": 0,
          "max": "1"
        },
        "type": [
          {
            "code": "code"
          }
        ],
        "isModifier": true,
        "isSummary": true,
        "binding": {
          "extension": [
            {
              "url": "http://hl7.org/fhir/StructureDefinition/elementdefinition-bindingName",
              "valueString": "IdentifierUse"
            }
          ],
          "strength": "required",
          "description": "Identifies the purpose for this identifier, if known .",
          "valueSetReference": {
            "reference": "http://hl7.org/fhir/ValueSet/identifier-use"
          }
        },
        "mapping": [
          {
            "identity": "v2",
            "map": "N/A"
          },
          {
            "identity": "rim",
            "map": "Role.code or implied by context"
          }
        ]
      },
      {
        "id": "Practitioner.qualification.identifier.type",
        "path": "Practitioner.qualification.identifier.type",
        "short": "Description of identifier",
        "definition": "A coded type for the identifier that can be used to determine which identifier to use for a specific purpose.",
        "comment": "This element deals only with general categories of identifiers.  It SHOULD not be used for codes that correspond 1..1 with the Identifier.system. Some identifiers may fall into multiple categories due to common usage. \n\nWhere the system is known, a type is unnecessary because the type is always part of the system definition. However systems often need to handle identifiers where the system is not known. There is not a 1:1 relationship between type and system, since many different systems have the same type.",
        "requirements": "Allows users to make use of identifiers when the identifier system is not known.",
        "min": 0,
        "max": "1",
        "base": {
          "path": "Identifier.type",
          "min": 0,
          "max": "1"
        },
        "type": [
          {
            "code": "CodeableConcept"
          }
        ],
        "isSummary": true,
        "binding": {
          "extension": [
            {
              "url": "http://hl7.org/fhir/StructureDefinition/elementdefinition-bindingName",
              "valueString": "IdentifierType"
            },
            {
              "url": "http://hl7.org/fhir/StructureDefinition/elementdefinition-isCommonBinding",
              "valueBoolean": true
            }
          ],
          "strength": "extensible",
          "description": "A coded type for an identifier that can be used to determine which identifier to use for a specific purpose.",
          "valueSetReference": {
            "reference": "http://hl7.org/fhir/ValueSet/identifier-type"
          }
        },
        "mapping": [
          {
            "identity": "v2",
            "map": "CX.5"
          },
          {
            "identity": "rim",
            "map": "Role.code or implied by context"
          }
        ]
      },
      {
        "id": "Practitioner.qualification.identifier.system",
        "path": "Practitioner.qualification.identifier.system",
        "short": "The namespace for the identifier value",
        "definition": "Establishes the namespace for the value - that is, a URL that describes a set values that are unique.",
        "requirements": "There are many sets  of identifiers.  To perform matching of two identifiers, we need to know what set we're dealing with. The system identifies a particular set of unique identifiers.",
        "min": 0,
        "max": "1",
        "base": {
          "path": "Identifier.system",
          "min": 0,
          "max": "1"
        },
        "type": [
          {
            "code": "uri"
          }
        ],
        "example": [
          {
            "label": "General",
            "valueUri": "http://www.acme.com/identifiers/patient or urn:ietf:rfc:3986 if the Identifier.value itself is a full uri"
          }
        ],
        "isSummary": true,
        "mapping": [
          {
            "identity": "v2",
            "map": "CX.4 / EI-2-4"
          },
          {
            "identity": "rim",
            "map": "II.root or Role.id.root"
          },
          {
            "identity": "servd",
            "map": "./IdentifierType"
          }
        ]
      },
      {
        "id": "Practitioner.qualification.identifier.value",
        "path": "Practitioner.qualification.identifier.value",
        "short": "The value that is unique",
        "definition": "The portion of the identifier typically relevant to the user and which is unique within the context of the system.",
        "comment": "If the value is a full URI, then the system SHALL be urn:ietf:rfc:3986.  The value's primary purpose is computational mapping.  As a result, it may be normalized for comparison purposes (e.g. removing non-significant whitespace, dashes, etc.)  A value formatted for human display can be conveyed using the [Rendered Value extension](http://hl7.org/fhir/STU3/extension-rendered-value.html).",
        "min": 0,
        "max": "1",
        "base": {
          "path": "Identifier.value",
          "min": 0,
          "max": "1"
        },
        "type": [
          {
            "code": "string"
          }
        ],
        "example": [
          {
            "label": "General",
            "valueString": "123456"
          }
        ],
        "isSummary": true,
        "mapping": [
          {
            "identity": "v2",
            "map": "CX.1 / EI.1"
          },
          {
            "identity": "rim",
            "map": "II.extension or II.root if system indicates OID or GUID (Or Role.id.extension or root)"
          },
          {
            "identity": "servd",
            "map": "./Value"
          }
        ]
      },
      {
        "id": "Practitioner.qualification.identifier.period",
        "path": "Practitioner.qualification.identifier.period",
        "short": "Time period when id is/was valid for use",
        "definition": "Time period during which identifier is/was valid for use.",
        "min": 0,
        "max": "1",
        "base": {
          "path": "Identifier.period",
          "min": 0,
          "max": "1"
        },
        "type": [
          {
            "code": "Period"
          }
        ],
        "isSummary": true,
        "mapping": [
          {
            "identity": "v2",
            "map": "CX.7 + CX.8"
          },
          {
            "identity": "rim",
            "map": "Role.effectiveTime or implied by context"
          },
          {
            "identity": "servd",
            "map": "./StartDate and ./EndDate"
          }
        ]
      },
      {
        "id": "Practitioner.qualification.identifier.assigner",
        "path": "Practitioner.qualification.identifier.assigner",
        "short": "Organization that issued id (may be just text)",
        "definition": "Organization that issued/manages the identifier.",
        "comment": "The Identifier.assigner may omit the .reference element and only contain a .display element reflecting the name or other textual information about the assigning organization.",
        "min": 0,
        "max": "1",
        "base": {
          "path": "Identifier.assigner",
          "min": 0,
          "max": "1"
        },
        "type": [
          {
            "code": "Reference",
            "targetProfile": "https://fhir.hl7.org.uk/STU3/StructureDefinition/CareConnect-Organization-1"
          }
        ],
        "isSummary": true,
        "mapping": [
          {
            "identity": "v2",
            "map": "CX.4 / (CX.4,CX.9,CX.10)"
          },
          {
            "identity": "rim",
            "map": "II.assigningAuthorityName but note that this is an improper use by the definition of the field.  Also Role.scoper"
          },
          {
            "identity": "servd",
            "map": "./IdentifierIssuingAuthority"
          }
        ]
      },
      {
        "id": "Practitioner.qualification.code",
        "path": "Practitioner.qualification.code",
        "short": "Coded representation of the qualification",
        "definition": "Coded representation of the qualification.",
        "min": 1,
        "max": "1",
        "base": {
          "path": "Practitioner.qualification.code",
          "min": 1,
          "max": "1"
        },
        "type": [
          {
            "code": "CodeableConcept"
          }
        ],
        "binding": {
          "extension": [
            {
              "url": "http://hl7.org/fhir/StructureDefinition/elementdefinition-bindingName",
              "valueString": "Qualification"
            }
          ],
          "strength": "example",
          "description": "Specific qualification the practitioner has to provide a service",
          "valueSetReference": {
            "reference": "http://hl7.org/fhir/ValueSet/v2-2.7-0360"
          }
        },
        "mapping": [
          {
            "identity": "rim",
            "map": ".playingEntity.playingRole[classCode=QUAL].code"
          },
          {
            "identity": "servd",
            "map": "./Qualifications.Value"
          }
        ]
      },
      {
        "id": "Practitioner.qualification.period",
        "path": "Practitioner.qualification.period",
        "short": "Period during which the qualification is valid",
        "definition": "Period during which the qualification is valid.",
        "requirements": "Qualifications are often for a limited period of time, and can be revoked.",
        "min": 0,
        "max": "1",
        "base": {
          "path": "Practitioner.qualification.period",
          "min": 0,
          "max": "1"
        },
        "type": [
          {
            "code": "Period"
          }
        ],
        "mapping": [
          {
            "identity": "rim",
            "map": ".playingEntity.playingRole[classCode=QUAL].effectiveTime"
          },
          {
            "identity": "servd",
            "map": "./Qualifications.StartDate and ./Qualifications.EndDate"
          }
        ]
      },
      {
        "id": "Practitioner.qualification.issuer",
        "path": "Practitioner.qualification.issuer",
        "short": "Organization that regulates and issues the qualification",
        "definition": "Organization that regulates and issues the qualification.",
        "min": 0,
        "max": "1",
        "base": {
          "path": "Practitioner.qualification.issuer",
          "min": 0,
          "max": "1"
        },
        "type": [
          {
            "code": "Reference",
            "targetProfile": "https://fhir.hl7.org.uk/STU3/StructureDefinition/CareConnect-Organization-1"
          }
        ],
        "mapping": [
          {
            "identity": "rim",
            "map": ".playingEntity.playingRole[classCode=QUAL].scoper"
          }
        ]
      },
      {
        "id": "Practitioner.communication",
        "path": "Practitioner.communication",
        "short": "A language the practitioner is able to use in patient communication",
        "definition": "A language the practitioner is able to use in patient communication.",
        "comment": "The structure aa-BB with this exact casing is one the most widely used notations for locale. However not all systems actually code this but instead have it as free text. Hence CodeableConcept instead of code as the data type.",
        "requirements": "Knowing which language a practitioner speaks can help in facilitating communication with patients.",
        "min": 0,
        "max": "0",
        "base": {
          "path": "Practitioner.communication",
          "min": 0,
          "max": "*"
        },
        "type": [
          {
            "code": "CodeableConcept"
          }
        ],
        "binding": {
          "extension": [
            {
              "url": "http://hl7.org/fhir/StructureDefinition/elementdefinition-maxValueSet",
              "valueReference": {
                "reference": "http://hl7.org/fhir/ValueSet/all-languages"
              }
            },
            {
              "url": "http://hl7.org/fhir/StructureDefinition/elementdefinition-bindingName",
              "valueString": "Language"
            },
            {
              "url": "http://hl7.org/fhir/StructureDefinition/elementdefinition-isCommonBinding",
              "valueBoolean": true
            }
          ],
          "strength": "extensible",
          "description": "A human language.",
          "valueSetReference": {
            "reference": "http://hl7.org/fhir/ValueSet/languages"
          }
        },
        "mapping": [
          {
            "identity": "v2",
            "map": "PID-15, NK1-20, LAN-2"
          },
          {
            "identity": "rim",
            "map": "./languageCommunication"
          },
          {
            "identity": "servd",
            "map": "./Languages.LanguageSpokenCode"
          }
        ]
      }
    ]
  },
  "differential": {
    "element": [
      {
        "id": "Practitioner",
        "path": "Practitioner",
        "short": "A person with a formal responsibility in the provisioning of healthcare or related services"
      },
      {
        "id": "Practitioner.extension",
        "path": "Practitioner.extension",
        "slicing": {
          "discriminator": [
            {
              "type": "value",
              "path": "url"
            }
          ],
          "rules": "open"
        }
      },
      {
        "id": "Practitioner.extension:nhsCommunication",
        "path": "Practitioner.extension",
        "sliceName": "nhsCommunication",
        "type": [
          {
            "code": "Extension",
            "profile": "https://fhir.hl7.org.uk/STU3/StructureDefinition/Extension-CareConnect-NHSCommunication-1"
          }
        ]
      },
      {
        "id": "Practitioner.identifier",
        "path": "Practitioner.identifier",
        "slicing": {
          "discriminator": [
            {
              "type": "value",
              "path": "system"
            }
          ],
          "ordered": false,
          "rules": "openAtEnd"
        }
      },
      {
        "id": "Practitioner.identifier:sdsUserID",
        "path": "Practitioner.identifier",
        "sliceName": "sdsUserID",
        "max": "1"
      },
      {
        "id": "Practitioner.identifier:sdsUserID.system",
        "path": "Practitioner.identifier.system",
        "min": 1,
        "fixedUri": "https://fhir.nhs.uk/Id/sds-user-id"
      },
      {
        "id": "Practitioner.identifier:sdsUserID.value",
        "path": "Practitioner.identifier.value",
        "min": 1
      },
      {
        "id": "Practitioner.identifier:sdsUserID.assigner",
        "path": "Practitioner.identifier.assigner",
        "type": [
          {
            "code": "Reference",
            "targetProfile": "https://fhir.hl7.org.uk/STU3/StructureDefinition/CareConnect-Organization-1"
          }
        ]
      },
      {
        "id": "Practitioner.identifier:sdsRoleProfileID",
        "path": "Practitioner.identifier",
        "sliceName": "sdsRoleProfileID"
      },
      {
        "id": "Practitioner.identifier:sdsRoleProfileID.system",
        "path": "Practitioner.identifier.system",
        "min": 1,
        "fixedUri": "https://fhir.nhs.uk/Id/sds-role-profile-id"
      },
      {
        "id": "Practitioner.identifier:sdsRoleProfileID.value",
        "path": "Practitioner.identifier.value",
        "min": 1
      },
      {
        "id": "Practitioner.identifier:sdsRoleProfileID.assigner",
        "path": "Practitioner.identifier.assigner",
        "type": [
          {
            "code": "Reference",
            "targetProfile": "https://fhir.hl7.org.uk/STU3/StructureDefinition/CareConnect-Organization-1"
          }
        ]
      },
      {
        "id": "Practitioner.gender",
        "path": "Practitioner.gender",
        "binding": {
          "extension": [
            {
              "url": "http://hl7.org/fhir/StructureDefinition/elementdefinition-bindingName",
              "valueString": "AdministrativeGender"
            },
            {
              "url": "http://hl7.org/fhir/StructureDefinition/elementdefinition-isCommonBinding",
              "valueBoolean": true
            }
          ],
          "strength": "required",
          "valueSetReference": {
            "reference": "https://fhir.hl7.org.uk/STU3/ValueSet/CareConnect-AdministrativeGender-1"
          }
        }
      },
      {
        "id": "Practitioner.qualification.identifier.assigner",
        "path": "Practitioner.qualification.identifier.assigner",
        "type": [
          {
            "code": "Reference",
            "targetProfile": "https://fhir.hl7.org.uk/STU3/StructureDefinition/CareConnect-Organization-1"
          }
        ]
      },
      {
        "id": "Practitioner.qualification.issuer",
        "path": "Practitioner.qualification.issuer",
        "type": [
          {
            "code": "Reference",
            "targetProfile": "https://fhir.hl7.org.uk/STU3/StructureDefinition/CareConnect-Organization-1"
          }
        ]
      },
      {
        "id": "Practitioner.communication",
        "path": "Practitioner.communication",
        "max": "0"
      }
    ]
  }
}