{
  "resourceType": "StructureDefinition",
  "id": "CareConnect-MedicationStatement-1",
  "meta": {
    "lastUpdated": "2018-03-06T09:11:22.397+00:00"
  },
  "text": {
    "status": "generated",
    "div": "<div xmlns=\"http://www.w3.org/1999/xhtml\"><table border=\"0\" cellpadding=\"0\" cellspacing=\"0\" style=\"border: 0px #F0F0F0 solid; font-size: 11px; font-family: verdana; vertical-align: top;\"><tr style=\"border: 1px #F0F0F0 solid; font-size: 11px; font-family: verdana; vertical-align: top;\"><th style=\"vertical-align: top; text-align : left; background-color: white; border: 0px #F0F0F0 solid; padding:0px 4px 0px 4px\" class=\"hierarchy\"><a href=\"http://hl7.org/fhir/STU3/formats.html#table\" title=\"The logical name of the element\">Name</a></th><th style=\"vertical-align: top; text-align : left; background-color: white; border: 0px #F0F0F0 solid; padding:0px 4px 0px 4px\" class=\"hierarchy\"><a href=\"http://hl7.org/fhir/STU3/formats.html#table\" title=\"Information about the use of the element\">Flags</a></th><th style=\"vertical-align: top; text-align : left; background-color: white; border: 0px #F0F0F0 solid; padding:0px 4px 0px 4px\" class=\"hierarchy\"><a href=\"http://hl7.org/fhir/STU3/formats.html#table\" title=\"Minimum and Maximum # of times the the element can appear in the instance\">Card.</a></th><th style=\"width: 100px\" class=\"hierarchy\"><a href=\"http://hl7.org/fhir/STU3/formats.html#table\" title=\"Reference to the type of the element\">Type</a></th><th style=\"vertical-align: top; text-align : left; background-color: white; border: 0px #F0F0F0 solid; padding:0px 4px 0px 4px\" class=\"hierarchy\"><a href=\"http://hl7.org/fhir/STU3/formats.html#table\" title=\"Additional information about the element\">Description &amp; Constraints</a><span style=\"float: right\"><a href=\"http://hl7.org/fhir/STU3/formats.html#table\" title=\"Legend for this format\"><img src=\"http://hl7.org/fhir/STU3/help16.png\" alt=\"doco\" style=\"background-color: inherit\"/></a></span></th></tr><tr style=\"border: 0px #F0F0F0 solid; padding:0px; vertical-align: top; background-color: white;\"><td style=\"vertical-align: top; text-align : left; background-color: white; border: 0px #F0F0F0 solid; padding:0px 4px 0px 4px; white-space: nowrap; background-image: url(tbl_bck2.png)\" class=\"hierarchy\"><img src=\"tbl_spacer.png\" alt=\".\" style=\"background-color: inherit\" class=\"hierarchy\"/><img src=\"icon_extension_simple.png\" alt=\".\" style=\"background-color: white; background-color: inherit\" title=\"Simple Extension\" class=\"hierarchy\"/> <a href=\"CareConnect-MedicationStatement-1-definitions.html#MedicationStatement.extension\" title=\"null\">extension</a><a name=\"MedicationStatement.extension\"> </a></td><td style=\"vertical-align: top; text-align : left; background-color: white; border: 0px #F0F0F0 solid; padding:0px 4px 0px 4px\" class=\"hierarchy\"/><td style=\"vertical-align: top; text-align : left; background-color: white; border: 0px #F0F0F0 solid; padding:0px 4px 0px 4px\" class=\"hierarchy\"/><td style=\"vertical-align: top; text-align : left; background-color: white; border: 0px #F0F0F0 solid; padding:0px 4px 0px 4px\" class=\"hierarchy\"/><td style=\"vertical-align: top; text-align : left; background-color: white; border: 0px #F0F0F0 solid; padding:0px 4px 0px 4px\" class=\"hierarchy\"><span style=\"font-weight:bold\">Slice: </span>Unordered, Open by value:url</td></tr>\r\n<tr><td colspan=\"5\" class=\"hierarchy\"><br/><a href=\"http://hl7.org/fhir/STU3/formats.html#table\" title=\"Legend for this format\"><img src=\"http://hl7.org/fhir/STU3/help16.png\" alt=\"doco\" style=\"background-color: inherit\"/> Documentation for this format</a></td></tr></table></div>"
  },
  "extension": [
    {
      "url": "http://hl7.org/fhir/StructureDefinition/structuredefinition-wg",
      "valueCode": "phx"
    }
  ],
  "url": "https://fhir.hl7.org.uk/STU3/StructureDefinition/CareConnect-MedicationStatement-1",
  "version": "1.1.0",
  "name": "CareConnect-MedicationStatement-1",
  "status": "draft",
  "date": "2018-11-05T00:00:00+00:00",
  "publisher": "HL7 UK",
  "contact": [
    {
      "name": "INTEROPen",
      "telecom": [
        {
          "system": "email",
          "value": "admin@interopen.org",
          "use": "work"
        }
      ]
    }
  ],
  "description": "This MedicationStatement Resource is a record of a medication that is being consumed by a patient.",
  "purpose": "CURATED BY INTEROPen see: http://www.interopen.org/careconnect-curation-methodology/",
  "copyright": "Copyright © 2016 HL7 UK\r\n\r\nLicensed under the Apache License, Version 2.0 (the \"License\"); you may not use this file except in compliance with the License. You may obtain a copy of the License at\r\n\r\nhttp://www.apache.org/licenses/LICENSE-2.0\r\n\r\nUnless required by applicable law or agreed to in writing, software distributed under the License is distributed on an \"AS IS\" BASIS, WITHOUT WARRANTIES OR CONDITIONS OF ANY KIND, either express or implied. See the License for the specific language governing permissions and limitations under the License.\r\n\r\nHL7® FHIR® standard Copyright © 2011+ HL7\r\n\r\nThe HL7® FHIR® standard is used under the FHIR license. You may obtain a copy of the FHIR license at\r\n\r\nhttps://www.hl7.org/fhir/license.html",
  "fhirVersion": "3.0.1",
  "mapping": [
    {
      "identity": "workflow",
      "uri": "http://hl7.org/fhir/workflow",
      "name": "Workflow Mapping"
    },
    {
      "identity": "rim",
      "uri": "http://hl7.org/v3",
      "name": "RIM Mapping"
    },
    {
      "identity": "w5",
      "uri": "http://hl7.org/fhir/w5",
      "name": "W5 Mapping"
    },
    {
      "identity": "v2",
      "uri": "http://hl7.org/v2",
      "name": "HL7 v2 Mapping"
    }
  ],
  "kind": "resource",
  "abstract": false,
  "type": "MedicationStatement",
  "baseDefinition": "http://hl7.org/fhir/StructureDefinition/MedicationStatement",
  "derivation": "constraint",
  "snapshot": {
    "element": [
      {
        "id": "MedicationStatement",
        "path": "MedicationStatement",
        "short": "Record of medication being taken by a patient",
        "definition": "A record of a medication that is being consumed by a patient.   A MedicationStatement may indicate that the patient may be taking the medication now, or has taken the medication in the past or will be taking the medication in the future.  The source of this information can be the patient, significant other (such as a family member or spouse), or a clinician.  A common scenario where this information is captured is during the history taking process during a patient visit or stay.   The medication information may come from sources such as the patient's memory, from a prescription bottle,  or from a list of medications the patient, clinician or other party maintains \r\rThe primary difference between a medication statement and a medication administration is that the medication administration has complete administration information and is based on actual administration information from the person who administered the medication.  A medication statement is often, if not always, less specific.  There is no required date/time when the medication was administered, in fact we only know that a source has reported the patient is taking this medication, where details such as time, quantity, or rate or even medication product may be incomplete or missing or less precise.  As stated earlier, the medication statement information may come from the patient's memory, from a prescription bottle or from a list of medications the patient, clinician or other party maintains.  Medication administration is more formal and is not missing detailed information.",
        "comment": "When interpreting a medicationStatement, the value of the status and NotTaken needed to be considered:\rMedicationStatement.status + MedicationStatement.wasNotTaken\rStatus=Active + NotTaken=T = Not currently taking\rStatus=Completed + NotTaken=T = Not taken in the past\rStatus=Intended + NotTaken=T = No intention of taking\rStatus=Active + NotTaken=F = Taking, but not as prescribed\rStatus=Active + NotTaken=F = Taking\rStatus=Intended +NotTaken= F = Will be taking (not started)\rStatus=Completed + NotTaken=F = Taken in past\rStatus=In Error + NotTaken=N/A = In Error.",
        "min": 0,
        "max": "*",
        "base": {
          "path": "MedicationStatement",
          "min": 0,
          "max": "*"
        },
        "constraint": [
          {
            "key": "dom-2",
            "severity": "error",
            "human": "If the resource is contained in another resource, it SHALL NOT contain nested Resources",
            "expression": "contained.contained.empty()",
            "xpath": "not(parent::f:contained and f:contained)",
            "source": "DomainResource"
          },
          {
            "key": "dom-1",
            "severity": "error",
            "human": "If the resource is contained in another resource, it SHALL NOT contain any narrative",
            "expression": "contained.text.empty()",
            "xpath": "not(parent::f:contained and f:text)",
            "source": "DomainResource"
          },
          {
            "key": "dom-4",
            "severity": "error",
            "human": "If a resource is contained in another resource, it SHALL NOT have a meta.versionId or a meta.lastUpdated",
            "expression": "contained.meta.versionId.empty() and contained.meta.lastUpdated.empty()",
            "xpath": "not(exists(f:contained/*/f:meta/f:versionId)) and not(exists(f:contained/*/f:meta/f:lastUpdated))",
            "source": "DomainResource"
          },
          {
            "key": "dom-3",
            "severity": "error",
            "human": "If the resource is contained in another resource, it SHALL be referred to from elsewhere in the resource",
            "expression": "contained.where(('#'+id in %resource.descendants().reference).not()).empty()",
            "xpath": "not(exists(for $id in f:contained/*/@id return $id[not(ancestor::f:contained/parent::*/descendant::f:reference/@value=concat('#', $id))]))",
            "source": "DomainResource"
          },
          {
            "key": "mst-1",
            "severity": "error",
            "human": "Reason not taken is only permitted if Taken is No",
            "expression": "reasonNotTaken.exists().not() or (taken = 'n')",
            "xpath": "not(exists(f:reasonNotTaken)) or f:taken/@value='n'"
          }
        ],
        "mapping": [
          {
            "identity": "rim",
            "map": "Entity. Role, or Act"
          },
          {
            "identity": "workflow",
            "map": "..Event"
          },
          {
            "identity": "rim",
            "map": "SubstanceAdministration"
          },
          {
            "identity": "w5",
            "map": "clinical.medication"
          }
        ]
      },
      {
        "id": "MedicationStatement.id",
        "path": "MedicationStatement.id",
        "short": "Logical id of this artifact",
        "definition": "The logical id of the resource, as used in the URL for the resource. Once assigned, this value never changes.",
        "comment": "The only time that a resource does not have an id is when it is being submitted to the server using a create operation.",
        "min": 0,
        "max": "1",
        "base": {
          "path": "Resource.id",
          "min": 0,
          "max": "1"
        },
        "type": [
          {
            "code": "id"
          }
        ],
        "isSummary": true
      },
      {
        "id": "MedicationStatement.meta",
        "path": "MedicationStatement.meta",
        "short": "Metadata about the resource",
        "definition": "The metadata about the resource. This is content that is maintained by the infrastructure. Changes to the content may not always be associated with version changes to the resource.",
        "min": 0,
        "max": "1",
        "base": {
          "path": "Resource.meta",
          "min": 0,
          "max": "1"
        },
        "type": [
          {
            "code": "Meta"
          }
        ],
        "isSummary": true
      },
      {
        "id": "MedicationStatement.implicitRules",
        "path": "MedicationStatement.implicitRules",
        "short": "A set of rules under which this content was created",
        "definition": "A reference to a set of rules that were followed when the resource was constructed, and which must be understood when processing the content.",
        "comment": "Asserting this rule set restricts the content to be only understood by a limited set of trading partners. This inherently limits the usefulness of the data in the long term. However, the existing health eco-system is highly fractured, and not yet ready to define, collect, and exchange data in a generally computable sense. Wherever possible, implementers and/or specification writers should avoid using this element. \n\nThis element is labelled as a modifier because the implicit rules may provide additional knowledge about the resource that modifies it's meaning or interpretation.",
        "min": 0,
        "max": "1",
        "base": {
          "path": "Resource.implicitRules",
          "min": 0,
          "max": "1"
        },
        "type": [
          {
            "code": "uri"
          }
        ],
        "isModifier": true,
        "isSummary": true
      },
      {
        "id": "MedicationStatement.language",
        "path": "MedicationStatement.language",
        "short": "Language of the resource content",
        "definition": "The base language in which the resource is written.",
        "comment": "Language is provided to support indexing and accessibility (typically, services such as text to speech use the language tag). The html language tag in the narrative applies  to the narrative. The language tag on the resource may be used to specify the language of other presentations generated from the data in the resource  Not all the content has to be in the base language. The Resource.language should not be assumed to apply to the narrative automatically. If a language is specified, it should it also be specified on the div element in the html (see rules in HTML5 for information about the relationship between xml:lang and the html lang attribute).",
        "min": 0,
        "max": "1",
        "base": {
          "path": "Resource.language",
          "min": 0,
          "max": "1"
        },
        "type": [
          {
            "code": "code"
          }
        ],
        "binding": {
          "extension": [
            {
              "url": "http://hl7.org/fhir/StructureDefinition/elementdefinition-maxValueSet",
              "valueReference": {
                "reference": "http://hl7.org/fhir/ValueSet/all-languages"
              }
            },
            {
              "url": "http://hl7.org/fhir/StructureDefinition/elementdefinition-bindingName",
              "valueString": "Language"
            },
            {
              "url": "http://hl7.org/fhir/StructureDefinition/elementdefinition-isCommonBinding",
              "valueBoolean": true
            }
          ],
          "strength": "extensible",
          "description": "A human language.",
          "valueSetReference": {
            "reference": "http://hl7.org/fhir/ValueSet/languages"
          }
        }
      },
      {
        "id": "MedicationStatement.text",
        "path": "MedicationStatement.text",
        "short": "Text summary of the resource, for human interpretation",
        "definition": "A human-readable narrative that contains a summary of the resource, and may be used to represent the content of the resource to a human. The narrative need not encode all the structured data, but is required to contain sufficient detail to make it \"clinically safe\" for a human to just read the narrative. Resource definitions may define what content should be represented in the narrative to ensure clinical safety.",
        "comment": "Contained resources do not have narrative. Resources that are not contained SHOULD have a narrative. In some cases, a resource may only have text with little or no additional discrete data (as long as all minOccurs=1 elements are satisfied).  This may be necessary for data from legacy systems where information is captured as a \"text blob\" or where text is additionally entered raw or narrated and encoded in formation is added later.",
        "alias": [
          "narrative",
          "html",
          "xhtml",
          "display"
        ],
        "min": 0,
        "max": "1",
        "base": {
          "path": "DomainResource.text",
          "min": 0,
          "max": "1"
        },
        "type": [
          {
            "code": "Narrative"
          }
        ],
        "condition": [
          "dom-1"
        ],
        "mapping": [
          {
            "identity": "rim",
            "map": "Act.text?"
          }
        ]
      },
      {
        "id": "MedicationStatement.contained",
        "path": "MedicationStatement.contained",
        "short": "Contained, inline Resources",
        "definition": "These resources do not have an independent existence apart from the resource that contains them - they cannot be identified independently, and nor can they have their own independent transaction scope.",
        "comment": "This should never be done when the content can be identified properly, as once identification is lost, it is extremely difficult (and context dependent) to restore it again.",
        "alias": [
          "inline resources",
          "anonymous resources",
          "contained resources"
        ],
        "min": 0,
        "max": "*",
        "base": {
          "path": "DomainResource.contained",
          "min": 0,
          "max": "*"
        },
        "type": [
          {
            "code": "Resource"
          }
        ],
        "mapping": [
          {
            "identity": "rim",
            "map": "N/A"
          }
        ]
      },
      {
        "id": "MedicationStatement.extension",
        "path": "MedicationStatement.extension",
        "slicing": {
          "discriminator": [
            {
              "type": "value",
              "path": "url"
            }
          ],
          "rules": "open"
        },
        "short": "Extension",
        "definition": "An Extension",
        "min": 0,
        "max": "*",
        "base": {
          "path": "DomainResource.extension",
          "min": 0,
          "max": "*"
        },
        "type": [
          {
            "code": "Extension"
          }
        ]
      },
      {
        "id": "MedicationStatement.extension:lastIssueDate",
        "path": "MedicationStatement.extension",
        "sliceName": "lastIssueDate",
        "short": "Extension",
        "definition": "An Extension",
        "min": 0,
        "max": "1",
        "base": {
          "path": "DomainResource.extension",
          "min": 0,
          "max": "*"
        },
        "type": [
          {
            "code": "Extension",
            "profile": "https://fhir.hl7.org.uk/STU3/StructureDefinition/Extension-CareConnect-MedicationStatementLastIssueDate-1"
          }
        ]
      },
      {
        "id": "MedicationStatement.extension:changeSummary",
        "path": "MedicationStatement.extension",
        "sliceName": "changeSummary",
        "short": "Optional Extensions Element",
        "definition": "Optional Extension Element - found in all resources.",
        "min": 0,
        "max": "*",
        "base": {
          "path": "DomainResource.extension",
          "min": 0,
          "max": "*"
        },
        "type": [
          {
            "code": "Extension",
            "profile": "https://fhir.hl7.org.uk/STU3/StructureDefinition/Extension-CareConnect-MedicationChangeSummary-1"
          }
        ]
      },
      {
        "id": "MedicationStatement.modifierExtension",
        "path": "MedicationStatement.modifierExtension",
        "short": "Extensions that cannot be ignored",
        "definition": "May be used to represent additional information that is not part of the basic definition of the resource, and that modifies the understanding of the element that contains it. Usually modifier elements provide negation or qualification. In order to make the use of extensions safe and manageable, there is a strict set of governance applied to the definition and use of extensions. Though any implementer is allowed to define an extension, there is a set of requirements that SHALL be met as part of the definition of the extension. Applications processing a resource are required to check for modifier extensions.",
        "comment": "There can be no stigma associated with the use of extensions by any application, project, or standard - regardless of the institution or jurisdiction that uses or defines the extensions.  The use of extensions is what allows the FHIR specification to retain a core level of simplicity for everyone.",
        "alias": [
          "extensions",
          "user content"
        ],
        "min": 0,
        "max": "*",
        "base": {
          "path": "DomainResource.modifierExtension",
          "min": 0,
          "max": "*"
        },
        "type": [
          {
            "code": "Extension"
          }
        ],
        "isModifier": true,
        "mapping": [
          {
            "identity": "rim",
            "map": "N/A"
          }
        ]
      },
      {
        "id": "MedicationStatement.identifier",
        "path": "MedicationStatement.identifier",
        "short": "External identifier",
        "definition": "External identifier - FHIR will generate its own internal identifiers (probably URLs) which do not need to be explicitly managed by the resource.  The identifier here is one that would be used by another non-FHIR system - for example an automated medication pump would provide a record each time it operated; an administration while the patient was off the ward might be made with a different system and entered after the event.  Particularly important if these records have to be updated.",
        "min": 0,
        "max": "*",
        "base": {
          "path": "MedicationStatement.identifier",
          "min": 0,
          "max": "*"
        },
        "type": [
          {
            "code": "Identifier"
          }
        ],
        "isSummary": true,
        "mapping": [
          {
            "identity": "workflow",
            "map": "…identifer"
          },
          {
            "identity": "rim",
            "map": ".id"
          },
          {
            "identity": "w5",
            "map": "id"
          }
        ]
      },
      {
        "id": "MedicationStatement.identifier.id",
        "path": "MedicationStatement.identifier.id",
        "representation": [
          "xmlAttr"
        ],
        "short": "xml:id (or equivalent in JSON)",
        "definition": "unique id for the element within a resource (for internal references). This may be any string value that does not contain spaces.",
        "min": 0,
        "max": "1",
        "base": {
          "path": "Element.id",
          "min": 0,
          "max": "1"
        },
        "type": [
          {
            "code": "string"
          }
        ],
        "mapping": [
          {
            "identity": "rim",
            "map": "n/a"
          }
        ]
      },
      {
        "id": "MedicationStatement.identifier.extension",
        "path": "MedicationStatement.identifier.extension",
        "slicing": {
          "discriminator": [
            {
              "type": "value",
              "path": "url"
            }
          ],
          "description": "Extensions are always sliced by (at least) url",
          "rules": "open"
        },
        "short": "Additional Content defined by implementations",
        "definition": "May be used to represent additional information that is not part of the basic definition of the element. In order to make the use of extensions safe and manageable, there is a strict set of governance  applied to the definition and use of extensions. Though any implementer is allowed to define an extension, there is a set of requirements that SHALL be met as part of the definition of the extension.",
        "comment": "There can be no stigma associated with the use of extensions by any application, project, or standard - regardless of the institution or jurisdiction that uses or defines the extensions.  The use of extensions is what allows the FHIR specification to retain a core level of simplicity for everyone.",
        "alias": [
          "extensions",
          "user content"
        ],
        "min": 0,
        "max": "*",
        "base": {
          "path": "Element.extension",
          "min": 0,
          "max": "*"
        },
        "type": [
          {
            "code": "Extension"
          }
        ],
        "mapping": [
          {
            "identity": "rim",
            "map": "n/a"
          }
        ]
      },
      {
        "id": "MedicationStatement.identifier.use",
        "path": "MedicationStatement.identifier.use",
        "short": "usual | official | temp | secondary (If known)",
        "definition": "The purpose of this identifier.",
        "comment": "This is labeled as \"Is Modifier\" because applications should not mistake a temporary id for a permanent one. Applications can assume that an identifier is permanent unless it explicitly says that it is temporary.",
        "requirements": "Allows the appropriate identifier for a particular context of use to be selected from among a set of identifiers.",
        "min": 0,
        "max": "1",
        "base": {
          "path": "Identifier.use",
          "min": 0,
          "max": "1"
        },
        "type": [
          {
            "code": "code"
          }
        ],
        "isModifier": true,
        "isSummary": true,
        "binding": {
          "extension": [
            {
              "url": "http://hl7.org/fhir/StructureDefinition/elementdefinition-bindingName",
              "valueString": "IdentifierUse"
            }
          ],
          "strength": "required",
          "description": "Identifies the purpose for this identifier, if known .",
          "valueSetReference": {
            "reference": "http://hl7.org/fhir/ValueSet/identifier-use"
          }
        },
        "mapping": [
          {
            "identity": "v2",
            "map": "N/A"
          },
          {
            "identity": "rim",
            "map": "Role.code or implied by context"
          }
        ]
      },
      {
        "id": "MedicationStatement.identifier.type",
        "path": "MedicationStatement.identifier.type",
        "short": "Description of identifier",
        "definition": "A coded type for the identifier that can be used to determine which identifier to use for a specific purpose.",
        "comment": "This element deals only with general categories of identifiers.  It SHOULD not be used for codes that correspond 1..1 with the Identifier.system. Some identifiers may fall into multiple categories due to common usage. \n\nWhere the system is known, a type is unnecessary because the type is always part of the system definition. However systems often need to handle identifiers where the system is not known. There is not a 1:1 relationship between type and system, since many different systems have the same type.",
        "requirements": "Allows users to make use of identifiers when the identifier system is not known.",
        "min": 0,
        "max": "1",
        "base": {
          "path": "Identifier.type",
          "min": 0,
          "max": "1"
        },
        "type": [
          {
            "code": "CodeableConcept"
          }
        ],
        "isSummary": true,
        "binding": {
          "extension": [
            {
              "url": "http://hl7.org/fhir/StructureDefinition/elementdefinition-bindingName",
              "valueString": "IdentifierType"
            },
            {
              "url": "http://hl7.org/fhir/StructureDefinition/elementdefinition-isCommonBinding",
              "valueBoolean": true
            }
          ],
          "strength": "extensible",
          "description": "A coded type for an identifier that can be used to determine which identifier to use for a specific purpose.",
          "valueSetReference": {
            "reference": "http://hl7.org/fhir/ValueSet/identifier-type"
          }
        },
        "mapping": [
          {
            "identity": "v2",
            "map": "CX.5"
          },
          {
            "identity": "rim",
            "map": "Role.code or implied by context"
          }
        ]
      },
      {
        "id": "MedicationStatement.identifier.system",
        "path": "MedicationStatement.identifier.system",
        "short": "The namespace for the identifier value",
        "definition": "Establishes the namespace for the value - that is, a URL that describes a set values that are unique.",
        "requirements": "There are many sets  of identifiers.  To perform matching of two identifiers, we need to know what set we're dealing with. The system identifies a particular set of unique identifiers.",
        "min": 1,
        "max": "1",
        "base": {
          "path": "Identifier.system",
          "min": 0,
          "max": "1"
        },
        "type": [
          {
            "code": "uri"
          }
        ],
        "example": [
          {
            "label": "General",
            "valueUri": "http://www.acme.com/identifiers/patient or urn:ietf:rfc:3986 if the Identifier.value itself is a full uri"
          }
        ],
        "isSummary": true,
        "mapping": [
          {
            "identity": "v2",
            "map": "CX.4 / EI-2-4"
          },
          {
            "identity": "rim",
            "map": "II.root or Role.id.root"
          },
          {
            "identity": "servd",
            "map": "./IdentifierType"
          }
        ]
      },
      {
        "id": "MedicationStatement.identifier.value",
        "path": "MedicationStatement.identifier.value",
        "short": "The value that is unique",
        "definition": "The portion of the identifier typically relevant to the user and which is unique within the context of the system.",
        "comment": "If the value is a full URI, then the system SHALL be urn:ietf:rfc:3986.  The value's primary purpose is computational mapping.  As a result, it may be normalized for comparison purposes (e.g. removing non-significant whitespace, dashes, etc.)  A value formatted for human display can be conveyed using the [Rendered Value extension](http://hl7.org/fhir/STU3/extension-rendered-value.html).",
        "min": 1,
        "max": "1",
        "base": {
          "path": "Identifier.value",
          "min": 0,
          "max": "1"
        },
        "type": [
          {
            "code": "string"
          }
        ],
        "example": [
          {
            "label": "General",
            "valueString": "123456"
          }
        ],
        "isSummary": true,
        "mapping": [
          {
            "identity": "v2",
            "map": "CX.1 / EI.1"
          },
          {
            "identity": "rim",
            "map": "II.extension or II.root if system indicates OID or GUID (Or Role.id.extension or root)"
          },
          {
            "identity": "servd",
            "map": "./Value"
          }
        ]
      },
      {
        "id": "MedicationStatement.identifier.period",
        "path": "MedicationStatement.identifier.period",
        "short": "Time period when id is/was valid for use",
        "definition": "Time period during which identifier is/was valid for use.",
        "min": 0,
        "max": "1",
        "base": {
          "path": "Identifier.period",
          "min": 0,
          "max": "1"
        },
        "type": [
          {
            "code": "Period"
          }
        ],
        "isSummary": true,
        "mapping": [
          {
            "identity": "v2",
            "map": "CX.7 + CX.8"
          },
          {
            "identity": "rim",
            "map": "Role.effectiveTime or implied by context"
          },
          {
            "identity": "servd",
            "map": "./StartDate and ./EndDate"
          }
        ]
      },
      {
        "id": "MedicationStatement.identifier.assigner",
        "path": "MedicationStatement.identifier.assigner",
        "short": "Organization that issued id (may be just text)",
        "definition": "Organization that issued/manages the identifier.",
        "comment": "The Identifier.assigner may omit the .reference element and only contain a .display element reflecting the name or other textual information about the assigning organization.",
        "min": 0,
        "max": "1",
        "base": {
          "path": "Identifier.assigner",
          "min": 0,
          "max": "1"
        },
        "type": [
          {
            "code": "Reference",
            "targetProfile": "https://fhir.hl7.org.uk/STU3/StructureDefinition/CareConnect-Organization-1"
          }
        ],
        "isSummary": true,
        "mapping": [
          {
            "identity": "v2",
            "map": "CX.4 / (CX.4,CX.9,CX.10)"
          },
          {
            "identity": "rim",
            "map": "II.assigningAuthorityName but note that this is an improper use by the definition of the field.  Also Role.scoper"
          },
          {
            "identity": "servd",
            "map": "./IdentifierIssuingAuthority"
          }
        ]
      },
      {
        "id": "MedicationStatement.basedOn",
        "path": "MedicationStatement.basedOn",
        "short": "Fulfils plan, proposal or order",
        "definition": "A plan, proposal or order that is fulfilled in whole or in part by this event.",
        "requirements": "Allows tracing of authorization for the event and tracking whether proposals/recommendations were acted upon.",
        "min": 0,
        "max": "*",
        "base": {
          "path": "MedicationStatement.basedOn",
          "min": 0,
          "max": "*"
        },
        "type": [
          {
            "code": "Reference",
            "targetProfile": "http://hl7.org/fhir/StructureDefinition/CarePlan"
          },
          {
            "code": "Reference",
            "targetProfile": "http://hl7.org/fhir/StructureDefinition/ProcedureRequest"
          },
          {
            "code": "Reference",
            "targetProfile": "http://hl7.org/fhir/StructureDefinition/ReferralRequest"
          },
          {
            "code": "Reference",
            "targetProfile": "https://fhir.hl7.org.uk/STU3/StructureDefinition/CareConnect-MedicationRequest-1"
          }
        ],
        "isSummary": true,
        "mapping": [
          {
            "identity": "workflow",
            "map": "…basedOn"
          },
          {
            "identity": "rim",
            "map": ".outboundRelationship[typeCode=FLFS].target[classCode=SBADM or PROC or PCPR or OBS, moodCode=RQO orPLAN or PRP]"
          }
        ]
      },
      {
        "id": "MedicationStatement.partOf",
        "path": "MedicationStatement.partOf",
        "short": "Part of referenced event",
        "definition": "A larger event of which this particular event is a component or step.",
        "requirements": "This should not be used when indicating which resource a MedicationStatement has been derived from.  If that is the use case, then MedicationStatement.derivedFrom should be used.",
        "min": 0,
        "max": "*",
        "base": {
          "path": "MedicationStatement.partOf",
          "min": 0,
          "max": "*"
        },
        "type": [
          {
            "code": "Reference",
            "targetProfile": "http://hl7.org/fhir/StructureDefinition/MedicationAdministration"
          },
          {
            "code": "Reference",
            "targetProfile": "https://fhir.hl7.org.uk/STU3/StructureDefinition/CareConnect-Procedure-1"
          },
          {
            "code": "Reference",
            "targetProfile": "https://fhir.hl7.org.uk/STU3/StructureDefinition/CareConnect-Observation-1"
          },
          {
            "code": "Reference",
            "targetProfile": "https://fhir.hl7.org.uk/STU3/StructureDefinition/CareConnect-MedicationStatement-1"
          },
          {
            "code": "Reference",
            "targetProfile": "https://fhir.hl7.org.uk/STU3/StructureDefinition/CareConnect-MedicationDispense-1"
          }
        ],
        "isSummary": true,
        "mapping": [
          {
            "identity": "workflow",
            "map": "…part of"
          },
          {
            "identity": "rim",
            "map": ".outboundRelationship[typeCode=COMP]/target[classCode=SPLY or SBADM or PROC or OBS,moodCode=EVN]"
          }
        ]
      },
      {
        "id": "MedicationStatement.context",
        "path": "MedicationStatement.context",
        "short": "Encounter / Episode associated with MedicationStatement",
        "definition": "The encounter or episode of care that establishes the context for this MedicationStatement.",
        "min": 0,
        "max": "1",
        "base": {
          "path": "MedicationStatement.context",
          "min": 0,
          "max": "1"
        },
        "type": [
          {
            "code": "Reference",
            "targetProfile": "http://hl7.org/fhir/StructureDefinition/EpisodeOfCare"
          },
          {
            "code": "Reference",
            "targetProfile": "https://fhir.hl7.org.uk/STU3/StructureDefinition/CareConnect-Encounter-1"
          }
        ],
        "isSummary": true,
        "mapping": [
          {
            "identity": "workflow",
            "map": "…context"
          },
          {
            "identity": "rim",
            "map": ".inboundRelationship[typeCode=COMP].source[classCode=ENC, moodCode=EVN, code=\"type of encounter or episode\"]"
          }
        ]
      },
      {
        "id": "MedicationStatement.status",
        "path": "MedicationStatement.status",
        "short": "active | completed | entered-in-error | intended | stopped | on-hold",
        "definition": "A code representing the patient or other source's judgment about the state of the medication used that this statement is about.  Generally this will be active or completed.",
        "comment": "MedicationStatement is a statement at a point in time.  The status is only representative at the point when it was asserted.  The value set for MedicationStatement.status contains codes that assert the status of the use of the medication by the patient (for example, stopped or on hold) as well as codes that assert the status of the medication statement itself (for example, entered in error).\n\nThis element is labeled as a modifier because the status contains codes that mark the resource as not currently valid.",
        "min": 1,
        "max": "1",
        "base": {
          "path": "MedicationStatement.status",
          "min": 1,
          "max": "1"
        },
        "type": [
          {
            "code": "code"
          }
        ],
        "isModifier": true,
        "isSummary": true,
        "binding": {
          "extension": [
            {
              "url": "http://hl7.org/fhir/StructureDefinition/elementdefinition-bindingName",
              "valueString": "MedicationStatementStatus"
            }
          ],
          "strength": "required",
          "description": "A coded concept indicating the current status of a MedicationStatement.",
          "valueSetReference": {
            "reference": "http://hl7.org/fhir/ValueSet/medication-statement-status"
          }
        },
        "mapping": [
          {
            "identity": "workflow",
            "map": "…status"
          },
          {
            "identity": "rim",
            "map": ".statusCode"
          },
          {
            "identity": "w5",
            "map": "status"
          }
        ]
      },
      {
        "id": "MedicationStatement.category",
        "path": "MedicationStatement.category",
        "short": "Type of medication usage",
        "definition": "Indicates where type of medication statement and where the medication is expected to be consumed or administered.",
        "min": 0,
        "max": "1",
        "base": {
          "path": "MedicationStatement.category",
          "min": 0,
          "max": "1"
        },
        "type": [
          {
            "code": "CodeableConcept"
          }
        ],
        "isSummary": true,
        "binding": {
          "extension": [
            {
              "url": "http://hl7.org/fhir/StructureDefinition/elementdefinition-bindingName",
              "valueString": "MedicationStatementCategory"
            }
          ],
          "strength": "preferred",
          "description": "A coded concept identifying where the medication included in the medicationstatement is expected to be consumed or administered",
          "valueSetReference": {
            "reference": "http://hl7.org/fhir/ValueSet/medication-statement-category"
          }
        },
        "mapping": [
          {
            "identity": "rim",
            "map": ".inboundRelationship[typeCode=COMP].source[classCode=OBS, moodCode=EVN, code=\"type of medication usage\"].value"
          },
          {
            "identity": "w5",
            "map": "class"
          }
        ]
      },
      {
        "id": "MedicationStatement.medicationReference:medicationReference",
        "path": "MedicationStatement.medicationReference",
        "sliceName": "medicationReference",
        "short": "What medication was taken",
        "definition": "Identifies the medication being administered. This is either a link to a resource representing the details of the medication or a simple attribute carrying a code that identifies the medication from a known list of medications.",
        "comment": "If only a code is specified, then it needs to be a code for a specific product. If more information is required, then the use of the medication resource is recommended.  For example if you require form or lot number, then you must reference the Medication resource. .",
        "min": 1,
        "max": "1",
        "base": {
          "path": "MedicationStatement.medication[x]",
          "min": 1,
          "max": "1"
        },
        "type": [
          {
            "code": "Reference",
            "targetProfile": "https://fhir.hl7.org.uk/STU3/StructureDefinition/CareConnect-Medication-1"
          }
        ],
        "isSummary": true,
        "mapping": [
          {
            "identity": "workflow",
            "map": "…code"
          },
          {
            "identity": "rim",
            "map": ".participation[typeCode=CSM].role[classCode=ADMM or MANU]"
          },
          {
            "identity": "w5",
            "map": "what"
          }
        ]
      },
      {
        "id": "MedicationStatement.effective[x]",
        "path": "MedicationStatement.effective[x]",
        "short": "The date/time or interval when the medication was taken",
        "definition": "The interval of time during which it is being asserted that the patient was taking the medication (or was not taking, when the wasNotGiven element is true).",
        "comment": "This attribute reflects the period over which the patient consumed the medication and is expected to be populated on the majority of Medication Statements. If the medication is still being taken at the time the statement is recorded, the \"end\" date will be omitted.",
        "min": 0,
        "max": "1",
        "base": {
          "path": "MedicationStatement.effective[x]",
          "min": 0,
          "max": "1"
        },
        "type": [
          {
            "code": "dateTime"
          },
          {
            "code": "Period"
          }
        ],
        "isSummary": true,
        "mapping": [
          {
            "identity": "workflow",
            "map": "…occurrence[x]"
          },
          {
            "identity": "rim",
            "map": ".effectiveTime"
          },
          {
            "identity": "w5",
            "map": "when.done"
          }
        ]
      },
      {
        "id": "MedicationStatement.dateAsserted",
        "path": "MedicationStatement.dateAsserted",
        "short": "When the statement was asserted?",
        "definition": "The date when the medication statement was asserted by the information source.",
        "min": 0,
        "max": "1",
        "base": {
          "path": "MedicationStatement.dateAsserted",
          "min": 0,
          "max": "1"
        },
        "type": [
          {
            "code": "dateTime"
          }
        ],
        "isSummary": true,
        "mapping": [
          {
            "identity": "rim",
            "map": ".participation[typeCode=AUT].time"
          },
          {
            "identity": "w5",
            "map": "when.recorded"
          }
        ]
      },
      {
        "id": "MedicationStatement.informationSource",
        "path": "MedicationStatement.informationSource",
        "short": "Person or organization that provided the information about the taking of this medication",
        "definition": "The person or organization that provided the information about the taking of this medication. Note: Use derivedFrom when a MedicationStatement is derived from other resources, e.g Claim or MedicationRequest.",
        "min": 0,
        "max": "1",
        "base": {
          "path": "MedicationStatement.informationSource",
          "min": 0,
          "max": "1"
        },
        "type": [
          {
            "code": "Reference",
            "targetProfile": "http://hl7.org/fhir/StructureDefinition/RelatedPerson"
          },
          {
            "code": "Reference",
            "targetProfile": "https://fhir.hl7.org.uk/STU3/StructureDefinition/CareConnect-Organization-1"
          },
          {
            "code": "Reference",
            "targetProfile": "https://fhir.hl7.org.uk/STU3/StructureDefinition/CareConnect-Patient-1"
          },
          {
            "code": "Reference",
            "targetProfile": "https://fhir.hl7.org.uk/STU3/StructureDefinition/CareConnect-Practitioner-1"
          }
        ],
        "mapping": [
          {
            "identity": "rim",
            "map": ".participation[typeCode=INF].role[classCode=PAT, or codes for Practioner or Related Person (if PAT is the informer, then syntax for self-reported =true)"
          },
          {
            "identity": "w5",
            "map": "who.source"
          }
        ]
      },
      {
        "id": "MedicationStatement.subject",
        "path": "MedicationStatement.subject",
        "short": "Who is/was taking  the medication",
        "definition": "The person, animal or group who is/was taking the medication.",
        "min": 1,
        "max": "1",
        "base": {
          "path": "MedicationStatement.subject",
          "min": 1,
          "max": "1"
        },
        "type": [
          {
            "code": "Reference",
            "targetProfile": "http://hl7.org/fhir/StructureDefinition/Group"
          },
          {
            "code": "Reference",
            "targetProfile": "https://fhir.hl7.org.uk/STU3/StructureDefinition/CareConnect-Patient-1"
          }
        ],
        "isSummary": true,
        "mapping": [
          {
            "identity": "workflow",
            "map": "…subject"
          },
          {
            "identity": "v2",
            "map": "PID-3-Patient ID List"
          },
          {
            "identity": "rim",
            "map": ".participation[typeCode=SBJ].role[classCode=PAT]"
          },
          {
            "identity": "w5",
            "map": "who"
          }
        ]
      },
      {
        "id": "MedicationStatement.derivedFrom",
        "path": "MedicationStatement.derivedFrom",
        "short": "Additional supporting information",
        "definition": "Allows linking the MedicationStatement to the underlying MedicationRequest, or to other information that supports or is used to derive the MedicationStatement.",
        "comment": "Likely references would be to MedicationRequest, MedicationDispense, Claim, Observation or QuestionnaireAnswers.  The most common use cases for deriving a MedicationStatement comes from creating a MedicationStatement from a MedicationRequest or from a lab observation or a claim.  it should be noted that the amount of information that is available varies from the type resource that you derive the MedicationStatement from.",
        "min": 0,
        "max": "*",
        "base": {
          "path": "MedicationStatement.derivedFrom",
          "min": 0,
          "max": "*"
        },
        "type": [
          {
            "code": "Reference",
            "targetProfile": "http://hl7.org/fhir/StructureDefinition/Resource"
          }
        ],
        "mapping": [
          {
            "identity": "rim",
            "map": ".outboundRelationship[typeCode=SPRT]/target[classCode=ACT,moodCode=EVN]"
          }
        ]
      },
      {
        "id": "MedicationStatement.taken",
        "path": "MedicationStatement.taken",
        "short": "y | n | unk | na",
        "definition": "Indicator of the certainty of whether the medication was taken by the patient.",
        "comment": "This element is labeled as a modifier because it indicates that the medication was not taken.",
        "min": 1,
        "max": "1",
        "base": {
          "path": "MedicationStatement.taken",
          "min": 1,
          "max": "1"
        },
        "type": [
          {
            "code": "code"
          }
        ],
        "isModifier": true,
        "isSummary": true,
        "binding": {
          "extension": [
            {
              "url": "http://hl7.org/fhir/StructureDefinition/elementdefinition-bindingName",
              "valueString": "MedicationStatementTaken"
            }
          ],
          "strength": "required",
          "description": "A coded concept identifying level of certainty if patient has taken or has not taken the medication",
          "valueSetReference": {
            "reference": "http://hl7.org/fhir/ValueSet/medication-statement-taken"
          }
        },
        "mapping": [
          {
            "identity": "workflow",
            "map": "…notDone"
          },
          {
            "identity": "rim",
            "map": ".actionNegationInd"
          }
        ]
      },
      {
        "id": "MedicationStatement.reasonNotTaken",
        "path": "MedicationStatement.reasonNotTaken",
        "short": "True if asserting medication was not given",
        "definition": "A code indicating why the medication was not taken.",
        "min": 0,
        "max": "*",
        "base": {
          "path": "MedicationStatement.reasonNotTaken",
          "min": 0,
          "max": "*"
        },
        "type": [
          {
            "code": "CodeableConcept"
          }
        ],
        "condition": [
          "mst-1"
        ],
        "binding": {
          "extension": [
            {
              "url": "http://hl7.org/fhir/StructureDefinition/elementdefinition-bindingName",
              "valueString": "MedicationStatementNotTakenReason"
            }
          ],
          "strength": "example",
          "description": "A coded concept indicating the reason why the medication was not taken",
          "valueSetReference": {
            "reference": "http://hl7.org/fhir/ValueSet/reason-medication-not-taken-codes"
          }
        },
        "mapping": [
          {
            "identity": "rim",
            "map": ".outboundRelationship[typeCode=RSON]/target[classCode=OBS,moodCode=EVN, code=\"reason not taken\"].value"
          }
        ]
      },
      {
        "id": "MedicationStatement.reasonCode",
        "path": "MedicationStatement.reasonCode",
        "short": "Reason for why the medication is being/was taken",
        "definition": "A reason for why the medication is being/was taken.",
        "comment": "This could be a diagnosis code. If a full condition record exists or additional detail is needed, use reasonForUseReference.",
        "min": 0,
        "max": "*",
        "base": {
          "path": "MedicationStatement.reasonCode",
          "min": 0,
          "max": "*"
        },
        "type": [
          {
            "code": "CodeableConcept"
          }
        ],
        "binding": {
          "extension": [
            {
              "url": "http://hl7.org/fhir/StructureDefinition/elementdefinition-bindingName",
              "valueString": "MedicationReason"
            }
          ],
          "strength": "example",
          "description": "A coded concept identifying why the medication is being taken.",
          "valueSetReference": {
            "reference": "http://hl7.org/fhir/ValueSet/condition-code"
          }
        },
        "mapping": [
          {
            "identity": "workflow",
            "map": "…reasoneCodeableConcept"
          },
          {
            "identity": "rim",
            "map": ".reasonCode"
          },
          {
            "identity": "w5",
            "map": "why"
          }
        ]
      },
      {
        "id": "MedicationStatement.reasonReference",
        "path": "MedicationStatement.reasonReference",
        "short": "Condition or observation that supports why the medication is being/was taken",
        "definition": "Condition or observation that supports why the medication is being/was taken.",
        "comment": "This is a reference to a condition that is the reason why the medication is being/was taken.  If only a code exists, use reasonForUseCode.",
        "min": 0,
        "max": "*",
        "base": {
          "path": "MedicationStatement.reasonReference",
          "min": 0,
          "max": "*"
        },
        "type": [
          {
            "code": "Reference",
            "targetProfile": "https://fhir.hl7.org.uk/STU3/StructureDefinition/CareConnect-Observation-1"
          },
          {
            "code": "Reference",
            "targetProfile": "https://fhir.hl7.org.uk/STU3/StructureDefinition/CareConnect-Condition-1"
          }
        ],
        "mapping": [
          {
            "identity": "workflow",
            "map": "…reasonReference"
          },
          {
            "identity": "rim",
            "map": ".outboundRelationship[typeCode=RSON]/target[classCode=OBS,moodCode=EVN, code=\"reason for use\"].value"
          },
          {
            "identity": "w5",
            "map": "why"
          }
        ]
      },
      {
        "id": "MedicationStatement.note",
        "path": "MedicationStatement.note",
        "short": "Further information about the statement",
        "definition": "Provides extra information about the medication statement that is not conveyed by the other attributes.",
        "min": 0,
        "max": "*",
        "base": {
          "path": "MedicationStatement.note",
          "min": 0,
          "max": "*"
        },
        "type": [
          {
            "code": "Annotation"
          }
        ],
        "mapping": [
          {
            "identity": "workflow",
            "map": "…note"
          },
          {
            "identity": "rim",
            "map": ".inboundRelationship[typeCode=SUBJ]/source[classCode=OBS,moodCode=EVN,code=\"annotation\"].value"
          }
        ]
      },
      {
        "id": "MedicationStatement.note.id",
        "path": "MedicationStatement.note.id",
        "representation": [
          "xmlAttr"
        ],
        "short": "xml:id (or equivalent in JSON)",
        "definition": "unique id for the element within a resource (for internal references). This may be any string value that does not contain spaces.",
        "min": 0,
        "max": "1",
        "base": {
          "path": "Element.id",
          "min": 0,
          "max": "1"
        },
        "type": [
          {
            "code": "string"
          }
        ],
        "mapping": [
          {
            "identity": "rim",
            "map": "n/a"
          }
        ]
      },
      {
        "id": "MedicationStatement.note.extension",
        "path": "MedicationStatement.note.extension",
        "slicing": {
          "discriminator": [
            {
              "type": "value",
              "path": "url"
            }
          ],
          "description": "Extensions are always sliced by (at least) url",
          "rules": "open"
        },
        "short": "Additional Content defined by implementations",
        "definition": "May be used to represent additional information that is not part of the basic definition of the element. In order to make the use of extensions safe and manageable, there is a strict set of governance  applied to the definition and use of extensions. Though any implementer is allowed to define an extension, there is a set of requirements that SHALL be met as part of the definition of the extension.",
        "comment": "There can be no stigma associated with the use of extensions by any application, project, or standard - regardless of the institution or jurisdiction that uses or defines the extensions.  The use of extensions is what allows the FHIR specification to retain a core level of simplicity for everyone.",
        "alias": [
          "extensions",
          "user content"
        ],
        "min": 0,
        "max": "*",
        "base": {
          "path": "Element.extension",
          "min": 0,
          "max": "*"
        },
        "type": [
          {
            "code": "Extension"
          }
        ],
        "mapping": [
          {
            "identity": "rim",
            "map": "n/a"
          }
        ]
      },
      {
        "id": "MedicationStatement.note.author[x]",
        "path": "MedicationStatement.note.author[x]",
        "short": "Individual responsible for the annotation",
        "definition": "The individual responsible for making the annotation.",
        "min": 0,
        "max": "1",
        "base": {
          "path": "Annotation.author[x]",
          "min": 0,
          "max": "1"
        },
        "type": [
          {
            "code": "Reference",
            "targetProfile": "http://hl7.org/fhir/StructureDefinition/RelatedPerson"
          },
          {
            "code": "Reference",
            "targetProfile": "https://fhir.hl7.org.uk/STU3/StructureDefinition/CareConnect-Patient-1"
          },
          {
            "code": "Reference",
            "targetProfile": "https://fhir.hl7.org.uk/STU3/StructureDefinition/CareConnect-Practitioner-1"
          },
          {
            "code": "string"
          }
        ],
        "isSummary": true,
        "mapping": [
          {
            "identity": "v2",
            "map": "N/A"
          },
          {
            "identity": "rim",
            "map": "Act.participant[typeCode=AUT].role"
          }
        ]
      },
      {
        "id": "MedicationStatement.note.time",
        "path": "MedicationStatement.note.time",
        "short": "When the annotation was made",
        "definition": "Indicates when this particular annotation was made.",
        "min": 0,
        "max": "1",
        "base": {
          "path": "Annotation.time",
          "min": 0,
          "max": "1"
        },
        "type": [
          {
            "code": "dateTime"
          }
        ],
        "isSummary": true,
        "mapping": [
          {
            "identity": "v2",
            "map": "N/A"
          },
          {
            "identity": "rim",
            "map": "Act.effectiveTime"
          }
        ]
      },
      {
        "id": "MedicationStatement.note.text",
        "path": "MedicationStatement.note.text",
        "short": "The annotation  - text content",
        "definition": "The text of the annotation.",
        "min": 1,
        "max": "1",
        "base": {
          "path": "Annotation.text",
          "min": 1,
          "max": "1"
        },
        "type": [
          {
            "code": "string"
          }
        ],
        "mapping": [
          {
            "identity": "v2",
            "map": "N/A"
          },
          {
            "identity": "rim",
            "map": "Act.text"
          }
        ]
      },
      {
        "id": "MedicationStatement.dosage",
        "path": "MedicationStatement.dosage",
        "short": "Details of how medication is/was taken or should be taken",
        "definition": "Indicates how the medication is/was or should be taken by the patient.",
        "comment": "The dates included in the dosage on a Medication Statement reflect the dates for a given dose.  For example, \"from November 1, 2016 to November 3, 2016, take one tablet daily and from November 4, 2016 to November 7, 2016, take two tablets daily.\"  It is expected that this specificity may only be populated where the patient brings in their labeled container or where the Medication Statement is derived from a MedicationRequest.",
        "min": 0,
        "max": "*",
        "base": {
          "path": "MedicationStatement.dosage",
          "min": 0,
          "max": "*"
        },
        "type": [
          {
            "code": "Dosage"
          }
        ],
        "mapping": [
          {
            "identity": "rim",
            "map": "refer dosageInstruction mapping"
          }
        ]
      }
    ]
  },
  "differential": {
    "element": [
      {
        "id": "MedicationStatement.extension",
        "path": "MedicationStatement.extension",
        "slicing": {
          "discriminator": [
            {
              "type": "value",
              "path": "url"
            }
          ],
          "rules": "open"
        }
      },
      {
        "id": "MedicationStatement.extension:lastIssueDate",
        "path": "MedicationStatement.extension",
        "sliceName": "lastIssueDate",
        "max": "1",
        "type": [
          {
            "code": "Extension",
            "profile": "https://fhir.hl7.org.uk/STU3/StructureDefinition/Extension-CareConnect-MedicationStatementLastIssueDate-1"
          }
        ]
      },
      {
        "id": "MedicationStatement.extension:changeSummary",
        "path": "MedicationStatement.extension",
        "sliceName": "changeSummary",
        "short": "Optional Extensions Element",
        "definition": "Optional Extension Element - found in all resources.",
        "type": [
          {
            "code": "Extension",
            "profile": "https://fhir.hl7.org.uk/STU3/StructureDefinition/Extension-CareConnect-MedicationChangeSummary-1"
          }
        ]
      },
      {
        "id": "MedicationStatement.identifier.system",
        "path": "MedicationStatement.identifier.system",
        "min": 1
      },
      {
        "id": "MedicationStatement.identifier.value",
        "path": "MedicationStatement.identifier.value",
        "min": 1
      },
      {
        "id": "MedicationStatement.identifier.assigner",
        "path": "MedicationStatement.identifier.assigner",
        "type": [
          {
            "code": "Reference",
            "targetProfile": "https://fhir.hl7.org.uk/STU3/StructureDefinition/CareConnect-Organization-1"
          }
        ]
      },
      {
        "id": "MedicationStatement.basedOn",
        "path": "MedicationStatement.basedOn",
        "type": [
          {
            "code": "Reference",
            "targetProfile": "http://hl7.org/fhir/StructureDefinition/CarePlan"
          },
          {
            "code": "Reference",
            "targetProfile": "http://hl7.org/fhir/StructureDefinition/ProcedureRequest"
          },
          {
            "code": "Reference",
            "targetProfile": "http://hl7.org/fhir/StructureDefinition/ReferralRequest"
          },
          {
            "code": "Reference",
            "targetProfile": "https://fhir.hl7.org.uk/STU3/StructureDefinition/CareConnect-MedicationRequest-1"
          }
        ]
      },
      {
        "id": "MedicationStatement.partOf",
        "path": "MedicationStatement.partOf",
        "type": [
          {
            "code": "Reference",
            "targetProfile": "http://hl7.org/fhir/StructureDefinition/MedicationAdministration"
          },
          {
            "code": "Reference",
            "targetProfile": "https://fhir.hl7.org.uk/STU3/StructureDefinition/CareConnect-Procedure-1"
          },
          {
            "code": "Reference",
            "targetProfile": "https://fhir.hl7.org.uk/STU3/StructureDefinition/CareConnect-Observation-1"
          },
          {
            "code": "Reference",
            "targetProfile": "https://fhir.hl7.org.uk/STU3/StructureDefinition/CareConnect-MedicationStatement-1"
          },
          {
            "code": "Reference",
            "targetProfile": "https://fhir.hl7.org.uk/STU3/StructureDefinition/CareConnect-MedicationDispense-1"
          }
        ]
      },
      {
        "id": "MedicationStatement.context",
        "path": "MedicationStatement.context",
        "type": [
          {
            "code": "Reference",
            "targetProfile": "http://hl7.org/fhir/StructureDefinition/EpisodeOfCare"
          },
          {
            "code": "Reference",
            "targetProfile": "https://fhir.hl7.org.uk/STU3/StructureDefinition/CareConnect-Encounter-1"
          }
        ]
      },
      {
        "id": "MedicationStatement.medicationReference:medicationReference",
        "path": "MedicationStatement.medicationReference",
        "sliceName": "medicationReference",
        "type": [
          {
            "code": "Reference",
            "targetProfile": "https://fhir.hl7.org.uk/STU3/StructureDefinition/CareConnect-Medication-1"
          }
        ],
        "binding": {
          "extension": [
            {
              "url": "http://hl7.org/fhir/StructureDefinition/elementdefinition-bindingName",
              "valueString": "MedicationCode"
            }
          ],
          "strength": "example",
          "valueSetReference": {
            "reference": "http://hl7.org/fhir/ValueSet/medication-codes"
          }
        }
      },
      {
        "id": "MedicationStatement.informationSource",
        "path": "MedicationStatement.informationSource",
        "type": [
          {
            "code": "Reference",
            "targetProfile": "http://hl7.org/fhir/StructureDefinition/RelatedPerson"
          },
          {
            "code": "Reference",
            "targetProfile": "https://fhir.hl7.org.uk/STU3/StructureDefinition/CareConnect-Organization-1"
          },
          {
            "code": "Reference",
            "targetProfile": "https://fhir.hl7.org.uk/STU3/StructureDefinition/CareConnect-Patient-1"
          },
          {
            "code": "Reference",
            "targetProfile": "https://fhir.hl7.org.uk/STU3/StructureDefinition/CareConnect-Practitioner-1"
          }
        ]
      },
      {
        "id": "MedicationStatement.subject",
        "path": "MedicationStatement.subject",
        "type": [
          {
            "code": "Reference",
            "targetProfile": "http://hl7.org/fhir/StructureDefinition/Group"
          },
          {
            "code": "Reference",
            "targetProfile": "https://fhir.hl7.org.uk/STU3/StructureDefinition/CareConnect-Patient-1"
          }
        ]
      },
      {
        "id": "MedicationStatement.reasonReference",
        "path": "MedicationStatement.reasonReference",
        "type": [
          {
            "code": "Reference",
            "targetProfile": "https://fhir.hl7.org.uk/STU3/StructureDefinition/CareConnect-Observation-1"
          },
          {
            "code": "Reference",
            "targetProfile": "https://fhir.hl7.org.uk/STU3/StructureDefinition/CareConnect-Condition-1"
          }
        ]
      },
      {
        "id": "MedicationStatement.note.author[x]",
        "path": "MedicationStatement.note.author[x]",
        "type": [
          {
            "code": "Reference",
            "targetProfile": "http://hl7.org/fhir/StructureDefinition/RelatedPerson"
          },
          {
            "code": "Reference",
            "targetProfile": "https://fhir.hl7.org.uk/STU3/StructureDefinition/CareConnect-Patient-1"
          },
          {
            "code": "Reference",
            "targetProfile": "https://fhir.hl7.org.uk/STU3/StructureDefinition/CareConnect-Practitioner-1"
          },
          {
            "code": "string"
          }
        ]
      },
      {
        "id": "MedicationStatement.dosage.route.coding",
        "path": "MedicationStatement.dosage.route.coding",
        "slicing": {
          "discriminator": [
            {
              "type": "value",
              "path": "system"
            }
          ],
          "ordered": false,
          "rules": "open"
        }
      },
      {
        "id": "MedicationStatement.dosage.route.coding:snomedCT",
        "path": "MedicationStatement.dosage.route.coding",
        "sliceName": "snomedCT",
        "max": "1",
        "binding": {
          "strength": "example",
          "description": "A code from the SNOMED Clinical Terminology UK coding system that describes the e-Prescribing route of administration.",
          "valueSetReference": {
            "reference": "https://fhir.hl7.org.uk/STU3/ValueSet/CareConnect-MedicationDosageRoute-1"
          }
        }
      },
      {
        "id": "MedicationStatement.dosage.route.coding:snomedCT.extension",
        "path": "MedicationStatement.dosage.route.coding.extension",
        "slicing": {
          "discriminator": [
            {
              "type": "value",
              "path": "url"
            }
          ],
          "rules": "open"
        }
      },
      {
        "id": "MedicationStatement.dosage.route.coding:snomedCT.extension:snomedCTDescriptionID",
        "path": "MedicationStatement.dosage.route.coding.extension",
        "sliceName": "snomedCTDescriptionID",
        "type": [
          {
            "code": "Extension",
            "profile": "https://fhir.hl7.org.uk/STU3/StructureDefinition/Extension-coding-sctdescid"
          }
        ]
      },
      {
        "id": "MedicationStatement.dosage.route.coding:snomedCT.system",
        "path": "MedicationStatement.dosage.route.coding.system",
        "min": 1,
        "fixedUri": "http://snomed.info/sct"
      },
      {
        "id": "MedicationStatement.dosage.route.coding:snomedCT.code",
        "path": "MedicationStatement.dosage.route.coding.code",
        "min": 1
      },
      {
        "id": "MedicationStatement.dosage.route.coding:snomedCT.display",
        "extension": [
          {
            "url": "http://hl7.org/fhir/StructureDefinition/elementdefinition-translatable",
            "valueBoolean": true
          }
        ],
        "path": "MedicationStatement.dosage.route.coding.display",
        "min": 1
      }
    ]
  }
}