{
  "resourceType": "ValueSet",
  "id": "ValueSet-CareConnect-ClinicalDisciplines-1",
  "text": {
    "status": "generated",
    "div": "<div xmlns=\"http://www.w3.org/1999/xhtml\"><h2>Care Connect Clinical Disciplines</h2><div><p>A ValueSet to identify the clincial discipline of the care professional or team.</p>\n</div><p><b>Copyright Statement:</b> Copyright © 2019 NHS Digital</p><p>This value set includes codes from the following code systems:</p><ul><li>Include all codes defined in <code>https://fhir.hl7.org.uk/STU3/CodeSystem/CareConnect-ClinicalDisciplines-1</code></li></ul></div>"
  },
  "url": "https://fhir.hl7.org.uk/STU3/ValueSet/CareConnect-ClinicalDisciplines-1",
  "version": "1.0.1",
  "name": "Care Connect Clinical Disciplines",
  "status": "draft",
  "date": "2019-03-21T00:00:00+00:00",
  "publisher": "NHS Digital",
  "contact": [
    {
      "name": "Interoperability Team",
      "telecom": [
        {
          "system": "email",
          "value": "interoperabilityteam@nhs.net",
          "use": "work"
        }
      ]
    }
  ],
  "description": "A ValueSet to identify the clincial discipline of the care professional or team.",
  "copyright": "Copyright © 2019 NHS Digital",
  "compose": {
    "include": [
      {
        "system": "https://fhir.hl7.org.uk/STU3/CodeSystem/CareConnect-ClinicalDisciplines-1"
      }
    ]
  }
}