{
  "resourceType": "ValueSet",
  "id": "ValueSet-CareConnect-EncounterType-1",
  "text": {
    "status": "generated",
    "div": "<div xmlns=\"http://www.w3.org/1999/xhtml\"><h2>Care Connect Encounter Type</h2><div><p>A code from the SNOMED Clinical Terminology UK coding system that describes an encounter between a care professional and the patient (or patient's record).</p>\n</div><p><b>Copyright Statement:</b> This value set includes content from SNOMED CT, which is copyright © 2002+ International Health Terminology Standards Development Organisation (IHTSDO), and distributed by agreement between IHTSDO and HL7. Implementer use of SNOMED CT is not covered by this agreement.</p><p>This value set includes codes from the following code systems:</p><ul><li>Include codes from <a href=\"http://www.snomed.org/\"><code>http://snomed.info/sct</code></a> where constraint  =  &lt;&lt;185316007 OR &lt;&lt;308467007 OR &lt;&lt;185201007</li></ul></div>"
  },
  "url": "https://fhir.hl7.org.uk/STU3/ValueSet/CareConnect-EncounterType-1",
  "version": "1.1.0",
  "name": "Care Connect Encounter Type",
  "status": "draft",
  "date": "2018-11-21T00:00:00+00:00",
  "publisher": "HL7 UK",
  "description": "A code from the SNOMED Clinical Terminology UK coding system that describes an encounter between a care professional and the patient (or patient's record).",
  "copyright": "This value set includes content from SNOMED CT, which is copyright © 2002+ International Health Terminology Standards Development Organisation (IHTSDO), and distributed by agreement between IHTSDO and HL7. Implementer use of SNOMED CT is not covered by this agreement.",
  "compose": {
    "include": [
      {
        "system": "http://snomed.info/sct",
        "filter": [
          {
            "property": "constraint",
            "op": "=",
            "value": "<<185316007 OR <<308467007 OR <<185201007"
          }
        ]
      }
    ]
  }
}