{
  "resourceType": "ValueSet",
  "id": "ValueSet-CareConnect-ReportCodeSnCT-1",
  "text": {
    "status": "generated",
    "div": "<div xmlns=\"http://www.w3.org/1999/xhtml\"><h2>Care Connect Report Code SnCT</h2><div><p>A code from the SNOMED Clinical Terminology UK coding system that describes a diagnostic report</p>\n</div><p><b>Copyright Statement:</b> This value set includes content from SNOMED CT, which is copyright © 2002+ International Health Terminology Standards Development Organisation (IHTSDO), and distributed by agreement between IHTSDO and HL7. Implementer use of SNOMED CT is not covered by this agreement.</p><p>This value set includes codes from the following code systems:</p><ul><li>Include codes from <a href=\"http://www.snomed.org/\"><code>http://snomed.info/sct</code></a> where constraint  =  (&lt;&lt;371525003 | Clinical procedure report (record artifact)|)</li></ul></div>"
  },
  "url": "https://fhir.hl7.org.uk/STU3/ValueSet/CareConnect-ReportCodeSnCT-1",
  "version": "1.1.1",
  "name": "Care Connect Report Code SnCT",
  "status": "draft",
  "date": "2019-06-14T01:00:00+01:00",
  "publisher": "HL7 UK",
  "description": "A code from the SNOMED Clinical Terminology UK coding system that describes a diagnostic report",
  "copyright": "This value set includes content from SNOMED CT, which is copyright © 2002+ International Health Terminology Standards Development Organisation (IHTSDO), and distributed by agreement between IHTSDO and HL7. Implementer use of SNOMED CT is not covered by this agreement.",
  "compose": {
    "include": [
      {
        "system": "http://snomed.info/sct",
        "filter": [
          {
            "property": "constraint",
            "op": "=",
            "value": "(<<371525003 | Clinical procedure report (record artifact)|)"
          }
        ]
      }
    ]
  }
}