{
  "resourceType": "ValueSet",
  "id": "ValueSet-CareConnect-ProblemSignificance-1",
  "text": {
    "status": "generated",
    "div": "<div xmlns=\"http://www.w3.org/1999/xhtml\"><h2>Care Connect Problem Significance</h2><div><p>A code to record the significance of a Problem Header Condition.</p>\n</div><p><b>Copyright Statement:</b> Copyright © 2016 HL7 UK</p><p>This value set includes codes from the following code systems:</p><ul><li>Include all codes defined in <a href=\"CodeSystem-CareConnect-ProblemSignificance-1.html\"><code>https://fhir.hl7.org.uk/STU3/CodeSystem/CareConnect-ProblemSignificance-1</code></a></li></ul></div>"
  },
  "url": "https://fhir.hl7.org.uk/STU3/ValueSet/CareConnect-ProblemSignificance-1",
  "version": "1.0.0",
  "name": "Care Connect Problem Significance",
  "status": "draft",
  "date": "2018-04-16T01:00:00+01:00",
  "publisher": "HL7 UK",
  "description": "A code to record the significance of a Problem Header Condition.",
  "copyright": "Copyright © 2016 HL7 UK",
  "compose": {
    "include": [
      {
        "system": "https://fhir.hl7.org.uk/STU3/CodeSystem/CareConnect-ProblemSignificance-1"
      }
    ]
  }
}